2026.05.02 12:32:52 INFO  Started: Metals version 1.6.7 in folders 'C:\Users\elang\OneDrive\Desktop\SmartJobPortal' for client Antigravity 1.107.0.
2026.05.02 12:32:52 INFO  Memory monitor started
2026.05.02 12:33:01 WARN  Using H2 2.4.240 which is newer than the version Flyway has been verified with. The latest verified version of H2 is 2.3.232.
2026.05.02 12:33:12 INFO  running 'C:\Users\elang\AppData\Roaming\Antigravity\User\globalStorage\pleiades.java-extension-pack-jdk\java\21\bin\java.exe -Dfile.encoding=UTF-8 -Dmaven.multiModuleProjectDirectory=C:\Users\elang\OneDrive\Desktop\SmartJobPortal\backend -Dmaven.home=C:\Users\elang\AppData\Local\Temp\metals511304022426181220 -cp C:\Users\elang\AppData\Local\Temp\metals511304022426181220\maven-wrapper.jar org.apache.maven.wrapper.MavenWrapperMain generate-sources ch.epfl.scala:bloop-maven-plugin:2.0.3:bloopInstall -DdownloadSources=true'
2026.05.02 12:33:17 INFO  restarted 0 presentation compilers
2026.05.02 12:34:40 INFO  [INFO] Scanning for projects...
2026.05.02 12:34:43 INFO  Downloading from central: https://repo.maven.apache.org/maven2/ch/epfl/scala/bloop-maven-plugin/2.0.3/bloop-maven-plugin-2.0.3.pom
2026.05.02 12:34:43 INFO  Progress (1): 1.1 kB
2026.05.02 12:34:43 INFO  Progress (1): 2.5 kB
2026.05.02 12:34:43 INFO  Progress (1): 5.6 kB
2026.05.02 12:34:43 INFO  Progress (1): 8.0 kB
2026.05.02 12:34:43 INFO                      
2026.05.02 12:34:43 INFO  Downloaded from central: https://repo.maven.apache.org/maven2/ch/epfl/scala/bloop-maven-plugin/2.0.3/bloop-maven-plugin-2.0.3.pom (8.0 kB at 13 kB/s)
2026.05.02 12:34:43 INFO  Downloading from central: https://repo.maven.apache.org/maven2/ch/epfl/scala/bloop-maven-plugin/2.0.3/bloop-maven-plugin-2.0.3.jar
2026.05.02 12:34:43 INFO  Progress (1): 0.9/44 kB
2026.05.02 12:34:43 INFO  Progress (1): 2.3/44 kB
2026.05.02 12:34:43 INFO  Progress (1): 3.6/44 kB
2026.05.02 12:34:43 INFO  Progress (1): 5.0/44 kB
2026.05.02 12:34:43 INFO  Progress (1): 6.4/44 kB
2026.05.02 12:34:43 INFO  Progress (1): 7.7/44 kB
2026.05.02 12:34:43 INFO  Progress (1): 9.1/44 kB
2026.05.02 12:34:43 INFO  Progress (1): 10/44 kB 
2026.05.02 12:34:43 INFO  Progress (1): 12/44 kB
2026.05.02 12:34:43 INFO  Progress (1): 13/44 kB
2026.05.02 12:34:43 INFO  Progress (1): 15/44 kB
2026.05.02 12:34:43 INFO  Progress (1): 15/44 kB
2026.05.02 12:34:43 INFO  Progress (1): 17/44 kB
2026.05.02 12:34:43 INFO  Progress (1): 18/44 kB
2026.05.02 12:34:43 INFO  Progress (1): 20/44 kB
2026.05.02 12:34:43 INFO  Progress (1): 21/44 kB
2026.05.02 12:34:43 INFO  Progress (1): 22/44 kB
2026.05.02 12:34:43 INFO  Progress (1): 24/44 kB
2026.05.02 12:34:43 INFO  Progress (1): 25/44 kB
2026.05.02 12:34:43 INFO  Progress (1): 26/44 kB
2026.05.02 12:34:43 INFO  Progress (1): 28/44 kB
2026.05.02 12:34:43 INFO  Progress (1): 29/44 kB
2026.05.02 12:34:43 INFO  Progress (1): 31/44 kB
2026.05.02 12:34:43 INFO  Progress (1): 32/44 kB
2026.05.02 12:34:43 INFO  Progress (1): 33/44 kB
2026.05.02 12:34:43 INFO  Progress (1): 35/44 kB
2026.05.02 12:34:43 INFO  Progress (1): 36/44 kB
2026.05.02 12:34:43 INFO  Progress (1): 37/44 kB
2026.05.02 12:34:43 INFO  Progress (1): 39/44 kB
2026.05.02 12:34:43 INFO  Progress (1): 40/44 kB
2026.05.02 12:34:43 INFO  Progress (1): 41/44 kB
2026.05.02 12:34:43 INFO  Progress (1): 43/44 kB
2026.05.02 12:34:43 INFO  Progress (1): 44 kB   
2026.05.02 12:34:45 INFO                     
2026.05.02 12:34:45 INFO  Downloaded from central: https://repo.maven.apache.org/maven2/ch/epfl/scala/bloop-maven-plugin/2.0.3/bloop-maven-plugin-2.0.3.jar (44 kB at 29 kB/s)
2026.05.02 12:34:46 INFO  [INFO] 
2026.05.02 12:34:46 INFO  [INFO] ------------------------< com.smartjob:portal >-------------------------
2026.05.02 12:34:46 INFO  [INFO] Building SmartJobPortal 0.0.1-SNAPSHOT
2026.05.02 12:34:46 INFO  [INFO]   from pom.xml
2026.05.02 12:34:46 INFO  [INFO] --------------------------------[ jar ]---------------------------------
2026.05.02 12:34:48 INFO  [INFO] 
2026.05.02 12:34:48 INFO  [INFO] --- bloop:2.0.3:bloopInstall (default-cli) @ portal ---
2026.05.02 12:34:48 INFO  Downloading from central: https://repo.maven.apache.org/maven2/org/scala-lang/scala-library/2.13.8/scala-library-2.13.8.pom
2026.05.02 12:34:50 INFO  Progress (1): 1.2 kB
2026.05.02 12:34:50 INFO  Progress (1): 1.6 kB
2026.05.02 12:34:50 INFO                      
2026.05.02 12:34:50 INFO  Downloaded from central: https://repo.maven.apache.org/maven2/org/scala-lang/scala-library/2.13.8/scala-library-2.13.8.pom (1.6 kB at 1.1 kB/s)
2026.05.02 12:34:50 INFO  Downloading from central: https://repo.maven.apache.org/maven2/ch/epfl/scala/bloop-config_2.13/2.3.3/bloop-config_2.13-2.3.3.pom
2026.05.02 12:34:50 INFO  Progress (1): 1.4 kB
2026.05.02 12:34:50 INFO  Progress (1): 2.3 kB
2026.05.02 12:34:50 INFO                      
2026.05.02 12:34:50 INFO  Downloaded from central: https://repo.maven.apache.org/maven2/ch/epfl/scala/bloop-config_2.13/2.3.3/bloop-config_2.13-2.3.3.pom (2.3 kB at 19 kB/s)
2026.05.02 12:34:50 INFO  Downloading from central: https://repo.maven.apache.org/maven2/com/github/plokhotnyuk/jsoniter-scala/jsoniter-scala-core_2.13/2.13.5.2/jsoniter-scala-core_2.13-2.13.5.2.pom
2026.05.02 12:34:50 INFO  Progress (1): 1.4 kB
2026.05.02 12:34:50 INFO  Progress (1): 2.4 kB
2026.05.02 12:34:50 INFO                      
2026.05.02 12:34:50 INFO  Downloaded from central: https://repo.maven.apache.org/maven2/com/github/plokhotnyuk/jsoniter-scala/jsoniter-scala-core_2.13/2.13.5.2/jsoniter-scala-core_2.13-2.13.5.2.pom (2.4 kB at 16 kB/s)
2026.05.02 12:34:50 INFO  Downloading from central: https://repo.maven.apache.org/maven2/com/lihaoyi/unroll-annotation_2.13/0.1.12/unroll-annotation_2.13-0.1.12.pom
2026.05.02 12:34:50 INFO  Progress (1): 1.3 kB
2026.05.02 12:34:50 INFO  Progress (1): 1.5 kB
2026.05.02 12:34:50 INFO                      
2026.05.02 12:34:50 INFO  Downloaded from central: https://repo.maven.apache.org/maven2/com/lihaoyi/unroll-annotation_2.13/0.1.12/unroll-annotation_2.13-0.1.12.pom (1.5 kB at 13 kB/s)
2026.05.02 12:34:50 INFO  Downloading from central: https://repo.maven.apache.org/maven2/org/scala-lang/scala-library/2.13.12/scala-library-2.13.12.pom
2026.05.02 12:34:50 INFO  Progress (1): 1.2 kB
2026.05.02 12:34:50 INFO  Progress (1): 1.6 kB
2026.05.02 12:34:50 INFO                      
2026.05.02 12:34:50 INFO  Downloaded from central: https://repo.maven.apache.org/maven2/org/scala-lang/scala-library/2.13.12/scala-library-2.13.12.pom (1.6 kB at 11 kB/s)
2026.05.02 12:34:50 INFO  Downloading from central: https://repo.maven.apache.org/maven2/org/scala-lang/scala-library/2.13.16/scala-library-2.13.16.pom
2026.05.02 12:34:50 INFO  Progress (1): 1.1 kB
2026.05.02 12:34:50 INFO  Progress (1): 1.6 kB
2026.05.02 12:34:50 INFO                      
2026.05.02 12:34:50 INFO  Downloaded from central: https://repo.maven.apache.org/maven2/org/scala-lang/scala-library/2.13.16/scala-library-2.13.16.pom (1.6 kB at 11 kB/s)
2026.05.02 12:34:50 INFO  Downloading from central: https://repo.maven.apache.org/maven2/net/alchim31/maven/scala-maven-plugin/4.8.0/scala-maven-plugin-4.8.0.pom
2026.05.02 12:34:51 INFO  Progress (1): 995 B
2026.05.02 12:34:51 INFO  Progress (1): 3.5 kB
2026.05.02 12:34:51 INFO  Progress (1): 5.9 kB
2026.05.02 12:34:51 INFO  Progress (1): 11 kB 
2026.05.02 12:34:51 INFO  Progress (1): 14 kB
2026.05.02 12:34:51 INFO  Progress (1): 17 kB
2026.05.02 12:34:51 INFO  Progress (1): 21 kB
2026.05.02 12:34:51 INFO  Progress (1): 24 kB
2026.05.02 12:34:51 INFO  Progress (1): 26 kB
2026.05.02 12:34:51 INFO                     
2026.05.02 12:34:51 INFO  Downloaded from central: https://repo.maven.apache.org/maven2/net/alchim31/maven/scala-maven-plugin/4.8.0/scala-maven-plugin-4.8.0.pom (26 kB at 95 kB/s)
2026.05.02 12:34:53 INFO  Downloading from central: https://repo.maven.apache.org/maven2/org/apache/maven/maven-archiver/3.6.0/maven-archiver-3.6.0.pom
2026.05.02 12:34:53 INFO  Progress (1): 796 B
2026.05.02 12:34:53 INFO  Progress (1): 2.2 kB
2026.05.02 12:34:53 INFO  Progress (1): 3.9 kB
2026.05.02 12:34:53 INFO                      
2026.05.02 12:34:53 INFO  Downloaded from central: https://repo.maven.apache.org/maven2/org/apache/maven/maven-archiver/3.6.0/maven-archiver-3.6.0.pom (3.9 kB at 22 kB/s)
2026.05.02 12:34:53 INFO  Downloading from central: https://repo.maven.apache.org/maven2/org/codehaus/plexus/plexus-io/3.4.0/plexus-io-3.4.0.pom
2026.05.02 12:34:53 INFO  Progress (1): 1.2 kB
2026.05.02 12:34:53 INFO  Progress (1): 3.8 kB
2026.05.02 12:34:53 INFO  Progress (1): 6.0 kB
2026.05.02 12:34:53 INFO                      
2026.05.02 12:34:53 INFO  Downloaded from central: https://repo.maven.apache.org/maven2/org/codehaus/plexus/plexus-io/3.4.0/plexus-io-3.4.0.pom (6.0 kB at 43 kB/s)
2026.05.02 12:34:53 INFO  Downloading from central: https://repo.maven.apache.org/maven2/org/codehaus/plexus/plexus-archiver/4.4.0/plexus-archiver-4.4.0.pom
2026.05.02 12:34:53 INFO  Progress (1): 1.2 kB
2026.05.02 12:34:53 INFO  Progress (1): 4.0 kB
2026.05.02 12:34:53 INFO  Progress (1): 6.2 kB
2026.05.02 12:34:53 INFO  Progress (1): 6.3 kB
2026.05.02 12:34:53 INFO                      
2026.05.02 12:34:53 INFO  Downloaded from central: https://repo.maven.apache.org/maven2/org/codehaus/plexus/plexus-archiver/4.4.0/plexus-archiver-4.4.0.pom (6.3 kB at 41 kB/s)
2026.05.02 12:34:54 INFO  Downloading from central: https://repo.maven.apache.org/maven2/org/apache/commons/commons-exec/1.3/commons-exec-1.3.pom
2026.05.02 12:34:54 INFO  Progress (1): 788 B
2026.05.02 12:34:54 INFO  Progress (1): 2.3 kB
2026.05.02 12:34:54 INFO  Progress (1): 5.3 kB
2026.05.02 12:34:54 INFO  Progress (1): 7.8 kB
2026.05.02 12:34:54 INFO  Progress (1): 10 kB 
2026.05.02 12:34:54 INFO  Progress (1): 11 kB
2026.05.02 12:34:54 INFO                     
2026.05.02 12:34:54 INFO  Downloaded from central: https://repo.maven.apache.org/maven2/org/apache/commons/commons-exec/1.3/commons-exec-1.3.pom (11 kB at 60 kB/s)
2026.05.02 12:34:54 INFO  Downloading from central: https://repo.maven.apache.org/maven2/org/apache/commons/commons-parent/35/commons-parent-35.pom
2026.05.02 12:34:54 INFO  Progress (1): 714 B
2026.05.02 12:34:54 INFO  Progress (1): 2.0 kB
2026.05.02 12:34:54 INFO  Progress (1): 3.3 kB
2026.05.02 12:34:54 INFO  Progress (1): 4.8 kB
2026.05.02 12:34:54 INFO  Progress (1): 8.2 kB
2026.05.02 12:34:54 INFO  Progress (1): 11 kB 
2026.05.02 12:34:54 INFO  Progress (1): 15 kB
2026.05.02 12:34:54 INFO  Progress (1): 16 kB
2026.05.02 12:34:54 INFO  Progress (1): 19 kB
2026.05.02 12:34:54 INFO  Progress (1): 22 kB
2026.05.02 12:34:54 INFO  Progress (1): 25 kB
2026.05.02 12:34:54 INFO  Progress (1): 27 kB
2026.05.02 12:34:54 INFO  Progress (1): 31 kB
2026.05.02 12:34:54 INFO  Progress (1): 34 kB
2026.05.02 12:34:54 INFO  Progress (1): 38 kB
2026.05.02 12:34:54 INFO  Progress (1): 44 kB
2026.05.02 12:34:54 INFO  Progress (1): 45 kB
2026.05.02 12:34:54 INFO  Progress (1): 47 kB
2026.05.02 12:34:54 INFO  Progress (1): 50 kB
2026.05.02 12:34:54 INFO  Progress (1): 52 kB
2026.05.02 12:34:54 INFO  Progress (1): 55 kB
2026.05.02 12:34:54 INFO  Progress (1): 57 kB
2026.05.02 12:34:54 INFO  Progress (1): 58 kB
2026.05.02 12:34:54 INFO                     
2026.05.02 12:34:54 INFO  Downloaded from central: https://repo.maven.apache.org/maven2/org/apache/commons/commons-parent/35/commons-parent-35.pom (58 kB at 287 kB/s)
2026.05.02 12:34:54 INFO  Downloading from central: https://repo.maven.apache.org/maven2/org/codehaus/plexus/plexus-archiver/4.6.0/plexus-archiver-4.6.0.pom
2026.05.02 12:34:54 INFO  Progress (1): 1.2 kB
2026.05.02 12:34:54 INFO  Progress (1): 4.1 kB
2026.05.02 12:34:54 INFO  Progress (1): 6.3 kB
2026.05.02 12:34:54 INFO  Progress (1): 6.5 kB
2026.05.02 12:34:54 INFO                      
2026.05.02 12:34:54 INFO  Downloaded from central: https://repo.maven.apache.org/maven2/org/codehaus/plexus/plexus-archiver/4.6.0/plexus-archiver-4.6.0.pom (6.5 kB at 50 kB/s)
2026.05.02 12:34:54 INFO  Downloading from central: https://repo.maven.apache.org/maven2/com/github/luben/zstd-jni/1.5.2-5/zstd-jni-1.5.2-5.pom
2026.05.02 12:34:54 INFO  Progress (1): 1.1 kB
2026.05.02 12:34:54 INFO  Progress (1): 1.9 kB
2026.05.02 12:34:54 INFO                      
2026.05.02 12:34:54 INFO  Downloaded from central: https://repo.maven.apache.org/maven2/com/github/luben/zstd-jni/1.5.2-5/zstd-jni-1.5.2-5.pom (1.9 kB at 13 kB/s)
2026.05.02 12:34:54 INFO  Downloading from central: https://repo.maven.apache.org/maven2/org/codehaus/plexus/plexus-classworlds/2.7.0/plexus-classworlds-2.7.0.pom
2026.05.02 12:34:54 INFO  Progress (1): 915 B
2026.05.02 12:34:54 INFO  Progress (1): 2.5 kB
2026.05.02 12:34:54 INFO  Progress (1): 5.7 kB
2026.05.02 12:34:54 INFO  Progress (1): 7.6 kB
2026.05.02 12:34:55 INFO                      
2026.05.02 12:34:55 INFO  Downloaded from central: https://repo.maven.apache.org/maven2/org/codehaus/plexus/plexus-classworlds/2.7.0/plexus-classworlds-2.7.0.pom (7.6 kB at 53 kB/s)
2026.05.02 12:34:55 INFO  Downloading from central: https://repo.maven.apache.org/maven2/org/scala-sbt/zinc_2.13/1.8.0/zinc_2.13-1.8.0.pom
2026.05.02 12:34:55 INFO  Progress (1): 1.3 kB
2026.05.02 12:34:55 INFO  Progress (1): 4.1 kB
2026.05.02 12:34:55 INFO                      
2026.05.02 12:34:55 INFO  Downloaded from central: https://repo.maven.apache.org/maven2/org/scala-sbt/zinc_2.13/1.8.0/zinc_2.13-1.8.0.pom (4.1 kB at 26 kB/s)
2026.05.02 12:34:55 INFO  Downloading from central: https://repo.maven.apache.org/maven2/org/scala-sbt/zinc-core_2.13/1.8.0/zinc-core_2.13-1.8.0.pom
2026.05.02 12:34:55 INFO  Progress (1): 1.3 kB
2026.05.02 12:34:55 INFO  Progress (1): 5.3 kB
2026.05.02 12:34:55 INFO                      
2026.05.02 12:34:55 INFO  Downloaded from central: https://repo.maven.apache.org/maven2/org/scala-sbt/zinc-core_2.13/1.8.0/zinc-core_2.13-1.8.0.pom (5.3 kB at 31 kB/s)
2026.05.02 12:34:55 INFO  Downloading from central: https://repo.maven.apache.org/maven2/org/scala-sbt/zinc-compile-core_2.13/1.8.0/zinc-compile-core_2.13-1.8.0.pom
2026.05.02 12:34:55 INFO  Progress (1): 1.2 kB
2026.05.02 12:34:55 INFO  Progress (1): 5.5 kB
2026.05.02 12:34:55 INFO                      
2026.05.02 12:34:55 INFO  Downloaded from central: https://repo.maven.apache.org/maven2/org/scala-sbt/zinc-compile-core_2.13/1.8.0/zinc-compile-core_2.13-1.8.0.pom (5.5 kB at 44 kB/s)
2026.05.02 12:34:55 INFO  Downloading from central: https://repo.maven.apache.org/maven2/org/scala-sbt/compiler-interface/1.8.0/compiler-interface-1.8.0.pom
2026.05.02 12:34:55 INFO  Progress (1): 1.3 kB
2026.05.02 12:34:55 INFO  Progress (1): 3.0 kB
2026.05.02 12:34:55 INFO                      
2026.05.02 12:34:55 INFO  Downloaded from central: https://repo.maven.apache.org/maven2/org/scala-sbt/compiler-interface/1.8.0/compiler-interface-1.8.0.pom (3.0 kB at 7.4 kB/s)
2026.05.02 12:34:55 INFO  Downloading from central: https://repo.maven.apache.org/maven2/org/scala-sbt/util-interface/1.8.0/util-interface-1.8.0.pom
2026.05.02 12:34:56 INFO  Progress (1): 1.3 kB
2026.05.02 12:34:56 INFO  Progress (1): 2.6 kB
2026.05.02 12:34:56 INFO                      
2026.05.02 12:34:56 INFO  Downloaded from central: https://repo.maven.apache.org/maven2/org/scala-sbt/util-interface/1.8.0/util-interface-1.8.0.pom (2.6 kB at 18 kB/s)
2026.05.02 12:34:56 INFO  Downloading from central: https://repo.maven.apache.org/maven2/org/scala-sbt/zinc-classpath_2.13/1.8.0/zinc-classpath_2.13-1.8.0.pom
2026.05.02 12:34:56 INFO  Progress (1): 1.3 kB
2026.05.02 12:34:56 INFO  Progress (1): 3.9 kB
2026.05.02 12:34:56 INFO                      
2026.05.02 12:34:56 INFO  Downloaded from central: https://repo.maven.apache.org/maven2/org/scala-sbt/zinc-classpath_2.13/1.8.0/zinc-classpath_2.13-1.8.0.pom (3.9 kB at 26 kB/s)
2026.05.02 12:34:56 INFO  Downloading from central: https://repo.maven.apache.org/maven2/org/scala-lang/scala-compiler/2.13.8/scala-compiler-2.13.8.pom
2026.05.02 12:34:56 INFO  Progress (1): 1.2 kB
2026.05.02 12:34:56 INFO  Progress (1): 2.3 kB
2026.05.02 12:34:56 INFO                      
2026.05.02 12:34:56 INFO  Downloaded from central: https://repo.maven.apache.org/maven2/org/scala-lang/scala-compiler/2.13.8/scala-compiler-2.13.8.pom (2.3 kB at 15 kB/s)
2026.05.02 12:34:56 INFO  Downloading from central: https://repo.maven.apache.org/maven2/org/scala-lang/scala-reflect/2.13.8/scala-reflect-2.13.8.pom
2026.05.02 12:34:56 INFO  Progress (1): 1.2 kB
2026.05.02 12:34:56 INFO  Progress (1): 1.8 kB
2026.05.02 12:34:56 INFO                      
2026.05.02 12:34:56 INFO  Downloaded from central: https://repo.maven.apache.org/maven2/org/scala-lang/scala-reflect/2.13.8/scala-reflect-2.13.8.pom (1.8 kB at 13 kB/s)
2026.05.02 12:34:56 INFO  Downloading from central: https://repo.maven.apache.org/maven2/net/java/dev/jna/jna/5.9.0/jna-5.9.0.pom
2026.05.02 12:34:56 INFO  Progress (1): 1.4 kB
2026.05.02 12:34:56 INFO  Progress (1): 2.0 kB
2026.05.02 12:34:56 INFO                      
2026.05.02 12:34:56 INFO  Downloaded from central: https://repo.maven.apache.org/maven2/net/java/dev/jna/jna/5.9.0/jna-5.9.0.pom (2.0 kB at 13 kB/s)
2026.05.02 12:34:56 INFO  Downloading from central: https://repo.maven.apache.org/maven2/org/scala-sbt/io_2.13/1.8.0/io_2.13-1.8.0.pom
2026.05.02 12:34:56 INFO  Progress (1): 1.4 kB
2026.05.02 12:34:56 INFO  Progress (1): 3.3 kB
2026.05.02 12:34:56 INFO                      
2026.05.02 12:34:56 INFO  Downloaded from central: https://repo.maven.apache.org/maven2/org/scala-sbt/io_2.13/1.8.0/io_2.13-1.8.0.pom (3.3 kB at 24 kB/s)
2026.05.02 12:34:56 INFO  Downloading from central: https://repo.maven.apache.org/maven2/com/swoval/file-tree-views/2.1.9/file-tree-views-2.1.9.pom
2026.05.02 12:34:56 INFO  Progress (1): 1.4 kB
2026.05.02 12:34:56 INFO  Progress (1): 1.7 kB
2026.05.02 12:34:57 INFO                      
2026.05.02 12:34:57 INFO  Downloaded from central: https://repo.maven.apache.org/maven2/com/swoval/file-tree-views/2.1.9/file-tree-views-2.1.9.pom (1.7 kB at 14 kB/s)
2026.05.02 12:34:57 INFO  Downloading from central: https://repo.maven.apache.org/maven2/net/java/dev/jna/jna/5.12.0/jna-5.12.0.pom
2026.05.02 12:34:57 INFO  Progress (1): 1.4 kB
2026.05.02 12:34:57 INFO  Progress (1): 2.0 kB
2026.05.02 12:34:57 INFO                      
2026.05.02 12:34:57 INFO  Downloaded from central: https://repo.maven.apache.org/maven2/net/java/dev/jna/jna/5.12.0/jna-5.12.0.pom (2.0 kB at 20 kB/s)
2026.05.02 12:34:57 INFO  Downloading from central: https://repo.maven.apache.org/maven2/net/java/dev/jna/jna-platform/5.12.0/jna-platform-5.12.0.pom
2026.05.02 12:34:57 INFO  Progress (1): 1.3 kB
2026.05.02 12:34:57 INFO  Progress (1): 2.3 kB
2026.05.02 12:34:57 INFO                      
2026.05.02 12:34:57 INFO  Downloaded from central: https://repo.maven.apache.org/maven2/net/java/dev/jna/jna-platform/5.12.0/jna-platform-5.12.0.pom (2.3 kB at 23 kB/s)
2026.05.02 12:34:57 INFO  Downloading from central: https://repo.maven.apache.org/maven2/org/scala-sbt/zinc-apiinfo_2.13/1.8.0/zinc-apiinfo_2.13-1.8.0.pom
2026.05.02 12:34:57 INFO  Progress (1): 1.3 kB
2026.05.02 12:34:57 INFO  Progress (1): 3.8 kB
2026.05.02 12:34:57 INFO                      
2026.05.02 12:34:57 INFO  Downloaded from central: https://repo.maven.apache.org/maven2/org/scala-sbt/zinc-apiinfo_2.13/1.8.0/zinc-apiinfo_2.13-1.8.0.pom (3.8 kB at 27 kB/s)
2026.05.02 12:34:57 INFO  Downloading from central: https://repo.maven.apache.org/maven2/org/scala-sbt/compiler-bridge_2.13/1.8.0/compiler-bridge_2.13-1.8.0.pom
2026.05.02 12:34:57 INFO  Progress (1): 1.3 kB
2026.05.02 12:34:57 INFO  Progress (1): 2.8 kB
2026.05.02 12:34:57 INFO                      
2026.05.02 12:34:57 INFO  Downloaded from central: https://repo.maven.apache.org/maven2/org/scala-sbt/compiler-bridge_2.13/1.8.0/compiler-bridge_2.13-1.8.0.pom (2.8 kB at 16 kB/s)
2026.05.02 12:34:57 INFO  Downloading from central: https://repo.maven.apache.org/maven2/org/scala-sbt/zinc-classfile_2.13/1.8.0/zinc-classfile_2.13-1.8.0.pom
2026.05.02 12:34:57 INFO  Progress (1): 1.3 kB
2026.05.02 12:34:57 INFO  Progress (1): 4.0 kB
2026.05.02 12:34:57 INFO                      
2026.05.02 12:34:57 INFO  Downloaded from central: https://repo.maven.apache.org/maven2/org/scala-sbt/zinc-classfile_2.13/1.8.0/zinc-classfile_2.13-1.8.0.pom (4.0 kB at 18 kB/s)
2026.05.02 12:34:57 INFO  Downloading from central: https://repo.maven.apache.org/maven2/org/scala-sbt/util-logging_2.13/1.8.0/util-logging_2.13-1.8.0.pom
2026.05.02 12:34:57 INFO  Progress (1): 1.2 kB
2026.05.02 12:34:57 INFO  Progress (1): 5.6 kB
2026.05.02 12:34:57 INFO  Progress (1): 5.7 kB
2026.05.02 12:34:58 INFO                      
2026.05.02 12:34:58 INFO  Downloaded from central: https://repo.maven.apache.org/maven2/org/scala-sbt/util-logging_2.13/1.8.0/util-logging_2.13-1.8.0.pom (5.7 kB at 25 kB/s)
2026.05.02 12:34:58 INFO  Downloading from central: https://repo.maven.apache.org/maven2/org/scala-sbt/collections_2.13/1.8.0/collections_2.13-1.8.0.pom
2026.05.02 12:34:58 INFO  Progress (1): 1.3 kB
2026.05.02 12:34:58 INFO  Progress (1): 4.4 kB
2026.05.02 12:34:58 INFO                      
2026.05.02 12:34:58 INFO  Downloaded from central: https://repo.maven.apache.org/maven2/org/scala-sbt/collections_2.13/1.8.0/collections_2.13-1.8.0.pom (4.4 kB at 35 kB/s)
2026.05.02 12:34:58 INFO  Downloading from central: https://repo.maven.apache.org/maven2/org/scala-sbt/util-position_2.13/1.8.0/util-position_2.13-1.8.0.pom
2026.05.02 12:34:58 INFO  Progress (1): 1.3 kB
2026.05.02 12:34:58 INFO  Progress (1): 3.2 kB
2026.05.02 12:34:58 INFO                      
2026.05.02 12:34:58 INFO  Downloaded from central: https://repo.maven.apache.org/maven2/org/scala-sbt/util-position_2.13/1.8.0/util-position_2.13-1.8.0.pom (3.2 kB at 16 kB/s)
2026.05.02 12:34:58 INFO  Downloading from central: https://repo.maven.apache.org/maven2/org/scala-lang/modules/scala-parallel-collections_2.13/0.2.0/scala-parallel-collections_2.13-0.2.0.pom
2026.05.02 12:34:58 INFO  Progress (1): 1.4 kB
2026.05.02 12:34:58 INFO  Progress (1): 1.8 kB
2026.05.02 12:34:58 INFO                      
2026.05.02 12:34:58 INFO  Downloaded from central: https://repo.maven.apache.org/maven2/org/scala-lang/modules/scala-parallel-collections_2.13/0.2.0/scala-parallel-collections_2.13-0.2.0.pom (1.8 kB at 12 kB/s)
2026.05.02 12:34:58 INFO  Downloading from central: https://repo.maven.apache.org/maven2/org/scala-lang/scala-library/2.13.0/scala-library-2.13.0.pom
2026.05.02 12:34:58 INFO  Progress (1): 1.2 kB
2026.05.02 12:34:58 INFO  Progress (1): 1.6 kB
2026.05.02 12:34:58 INFO                      
2026.05.02 12:34:58 INFO  Downloaded from central: https://repo.maven.apache.org/maven2/org/scala-lang/scala-library/2.13.0/scala-library-2.13.0.pom (1.6 kB at 9.2 kB/s)
2026.05.02 12:34:58 INFO  Downloading from central: https://repo.maven.apache.org/maven2/org/scala-sbt/core-macros_2.13/1.8.0/core-macros_2.13-1.8.0.pom
2026.05.02 12:34:58 INFO  Progress (1): 1.3 kB
2026.05.02 12:34:58 INFO  Progress (1): 3.1 kB
2026.05.02 12:34:58 INFO                      
2026.05.02 12:34:58 INFO  Downloaded from central: https://repo.maven.apache.org/maven2/org/scala-sbt/core-macros_2.13/1.8.0/core-macros_2.13-1.8.0.pom (3.1 kB at 14 kB/s)
2026.05.02 12:34:58 INFO  Downloading from central: https://repo.maven.apache.org/maven2/org/jline/jline-terminal/3.19.0/jline-terminal-3.19.0.pom
2026.05.02 12:34:59 INFO  Progress (1): 1.2 kB
2026.05.02 12:34:59 INFO  Progress (1): 1.3 kB
2026.05.02 12:34:59 INFO                      
2026.05.02 12:34:59 INFO  Downloaded from central: https://repo.maven.apache.org/maven2/org/jline/jline-terminal/3.19.0/jline-terminal-3.19.0.pom (1.3 kB at 5.5 kB/s)
2026.05.02 12:34:59 INFO  Downloading from central: https://repo.maven.apache.org/maven2/org/jline/jline-parent/3.19.0/jline-parent-3.19.0.pom
2026.05.02 12:34:59 INFO  Progress (1): 930 B
2026.05.02 12:34:59 INFO  Progress (1): 2.9 kB
2026.05.02 12:34:59 INFO  Progress (1): 8.3 kB
2026.05.02 12:34:59 INFO  Progress (1): 13 kB 
2026.05.02 12:34:59 INFO  Progress (1): 16 kB
2026.05.02 12:34:59 INFO  Progress (1): 20 kB
2026.05.02 12:34:59 INFO  Progress (1): 24 kB
2026.05.02 12:34:59 INFO                     
2026.05.02 12:34:59 INFO  Downloaded from central: https://repo.maven.apache.org/maven2/org/jline/jline-parent/3.19.0/jline-parent-3.19.0.pom (24 kB at 123 kB/s)
2026.05.02 12:34:59 INFO  Downloading from central: https://repo.maven.apache.org/maven2/org/scala-lang/modules/scala-parser-combinators_2.13/1.1.2/scala-parser-combinators_2.13-1.1.2.pom
2026.05.02 12:34:59 INFO  Progress (1): 1.4 kB
2026.05.02 12:34:59 INFO  Progress (1): 2.2 kB
2026.05.02 12:34:59 INFO                      
2026.05.02 12:34:59 INFO  Downloaded from central: https://repo.maven.apache.org/maven2/org/scala-lang/modules/scala-parser-combinators_2.13/1.1.2/scala-parser-combinators_2.13-1.1.2.pom (2.2 kB at 17 kB/s)
2026.05.02 12:34:59 INFO  Downloading from central: https://repo.maven.apache.org/maven2/net/openhft/zero-allocation-hashing/0.10.1/zero-allocation-hashing-0.10.1.pom
2026.05.02 12:34:59 INFO  Progress (1): 786 B
2026.05.02 12:34:59 INFO  Progress (1): 2.5 kB
2026.05.02 12:34:59 INFO  Progress (1): 6.3 kB
2026.05.02 12:34:59 INFO  Progress (1): 8.1 kB
2026.05.02 12:34:59 INFO                      
2026.05.02 12:34:59 INFO  Downloaded from central: https://repo.maven.apache.org/maven2/net/openhft/zero-allocation-hashing/0.10.1/zero-allocation-hashing-0.10.1.pom (8.1 kB at 53 kB/s)
2026.05.02 12:34:59 INFO  Downloading from central: https://repo.maven.apache.org/maven2/net/openhft/root-parent-pom/1.1.13/root-parent-pom-1.1.13.pom
2026.05.02 12:34:59 INFO  Progress (1): 788 B
2026.05.02 12:34:59 INFO  Progress (1): 3.4 kB
2026.05.02 12:34:59 INFO  Progress (1): 7.4 kB
2026.05.02 12:34:59 INFO  Progress (1): 9.8 kB
2026.05.02 12:34:59 INFO                      
2026.05.02 12:34:59 INFO  Downloaded from central: https://repo.maven.apache.org/maven2/net/openhft/root-parent-pom/1.1.13/root-parent-pom-1.1.13.pom (9.8 kB at 67 kB/s)
2026.05.02 12:34:59 INFO  Downloading from central: https://repo.maven.apache.org/maven2/org/scala-sbt/util-control_2.13/1.8.0/util-control_2.13-1.8.0.pom
2026.05.02 12:34:59 INFO  Progress (1): 1.3 kB
2026.05.02 12:34:59 INFO  Progress (1): 2.8 kB
2026.05.02 12:34:59 INFO                      
2026.05.02 12:34:59 INFO  Downloaded from central: https://repo.maven.apache.org/maven2/org/scala-sbt/util-control_2.13/1.8.0/util-control_2.13-1.8.0.pom (2.8 kB at 21 kB/s)
2026.05.02 12:34:59 INFO  Downloading from central: https://repo.maven.apache.org/maven2/org/scala-sbt/zinc-persist-core-assembly/1.8.0/zinc-persist-core-assembly-1.8.0.pom
2026.05.02 12:35:00 INFO  Progress (1): 1.3 kB
2026.05.02 12:35:00 INFO  Progress (1): 2.4 kB
2026.05.02 12:35:00 INFO                      
2026.05.02 12:35:00 INFO  Downloaded from central: https://repo.maven.apache.org/maven2/org/scala-sbt/zinc-persist-core-assembly/1.8.0/zinc-persist-core-assembly-1.8.0.pom (2.4 kB at 16 kB/s)
2026.05.02 12:35:00 INFO  Downloading from central: https://repo.maven.apache.org/maven2/org/scala-sbt/util-relation_2.13/1.8.0/util-relation_2.13-1.8.0.pom
2026.05.02 12:35:00 INFO  Progress (1): 1.3 kB
2026.05.02 12:35:00 INFO  Progress (1): 3.0 kB
2026.05.02 12:35:00 INFO                      
2026.05.02 12:35:00 INFO  Downloaded from central: https://repo.maven.apache.org/maven2/org/scala-sbt/util-relation_2.13/1.8.0/util-relation_2.13-1.8.0.pom (3.0 kB at 20 kB/s)
2026.05.02 12:35:00 INFO  Downloading from central: https://repo.maven.apache.org/maven2/org/scala-sbt/zinc-persist_2.13/1.8.0/zinc-persist_2.13-1.8.0.pom
2026.05.02 12:35:00 INFO  Progress (1): 1.3 kB
2026.05.02 12:35:00 INFO  Progress (1): 4.3 kB
2026.05.02 12:35:00 INFO                      
2026.05.02 12:35:00 INFO  Downloaded from central: https://repo.maven.apache.org/maven2/org/scala-sbt/zinc-persist_2.13/1.8.0/zinc-persist_2.13-1.8.0.pom (4.3 kB at 15 kB/s)
2026.05.02 12:35:00 INFO  Downloading from central: https://repo.maven.apache.org/maven2/org/scala-lang/scala-library/2.13.8/scala-library-2.13.8.jar
2026.05.02 12:35:00 INFO  Progress (1): 0/6.0 MB
2026.05.02 12:35:00 INFO  Progress (1): 0/6.0 MB
2026.05.02 12:35:00 INFO  Progress (1): 0/6.0 MB
2026.05.02 12:35:00 INFO  Progress (1): 0/6.0 MB
2026.05.02 12:35:00 INFO  Progress (1): 0.1/6.0 MB
2026.05.02 12:35:00 INFO  Progress (1): 0.1/6.0 MB
2026.05.02 12:35:00 INFO  Progress (1): 0.1/6.0 MB
2026.05.02 12:35:00 INFO  Progress (1): 0.1/6.0 MB
2026.05.02 12:35:00 INFO  Progress (1): 0.1/6.0 MB
2026.05.02 12:35:00 INFO  Progress (1): 0.1/6.0 MB
2026.05.02 12:35:00 INFO  Progress (1): 0.2/6.0 MB
2026.05.02 12:35:00 INFO  Progress (1): 0.2/6.0 MB
2026.05.02 12:35:00 INFO  Progress (1): 0.2/6.0 MB
2026.05.02 12:35:00 INFO  Progress (1): 0.2/6.0 MB
2026.05.02 12:35:00 INFO  Progress (1): 0.2/6.0 MB
2026.05.02 12:35:00 INFO  Progress (1): 0.2/6.0 MB
2026.05.02 12:35:00 INFO  Progress (1): 0.3/6.0 MB
2026.05.02 12:35:00 INFO  Progress (1): 0.3/6.0 MB
2026.05.02 12:35:00 INFO  Progress (1): 0.3/6.0 MB
2026.05.02 12:35:00 INFO  Progress (1): 0.3/6.0 MB
2026.05.02 12:35:00 INFO  Progress (1): 0.3/6.0 MB
2026.05.02 12:35:00 INFO  Progress (1): 0.3/6.0 MB
2026.05.02 12:35:00 INFO  Progress (1): 0.4/6.0 MB
2026.05.02 12:35:00 INFO  Progress (1): 0.4/6.0 MB
2026.05.02 12:35:00 INFO  Progress (1): 0.4/6.0 MB
2026.05.02 12:35:00 INFO  Progress (1): 0.4/6.0 MB
2026.05.02 12:35:00 INFO  Progress (1): 0.4/6.0 MB
2026.05.02 12:35:00 INFO  Progress (1): 0.4/6.0 MB
2026.05.02 12:35:00 INFO  Progress (1): 0.5/6.0 MB
2026.05.02 12:35:00 INFO  Progress (1): 0.5/6.0 MB
2026.05.02 12:35:00 INFO  Progress (1): 0.5/6.0 MB
2026.05.02 12:35:00 INFO  Progress (1): 0.5/6.0 MB
2026.05.02 12:35:00 INFO  Progress (1): 0.5/6.0 MB
2026.05.02 12:35:00 INFO  Progress (1): 0.5/6.0 MB
2026.05.02 12:35:00 INFO  Progress (1): 0.6/6.0 MB
2026.05.02 12:35:00 INFO  Progress (1): 0.6/6.0 MB
2026.05.02 12:35:00 INFO  Progress (1): 0.6/6.0 MB
2026.05.02 12:35:00 INFO  Progress (1): 0.6/6.0 MB
2026.05.02 12:35:00 INFO  Progress (1): 0.6/6.0 MB
2026.05.02 12:35:00 INFO  Progress (1): 0.6/6.0 MB
2026.05.02 12:35:00 INFO  Progress (1): 0.7/6.0 MB
2026.05.02 12:35:00 INFO  Progress (1): 0.7/6.0 MB
2026.05.02 12:35:00 INFO  Progress (1): 0.7/6.0 MB
2026.05.02 12:35:00 INFO  Progress (1): 0.7/6.0 MB
2026.05.02 12:35:01 INFO  Progress (1): 0.7/6.0 MB
2026.05.02 12:35:01 INFO  Progress (1): 0.7/6.0 MB
2026.05.02 12:35:01 INFO  Progress (1): 0.7/6.0 MB
2026.05.02 12:35:01 INFO  Progress (1): 0.8/6.0 MB
2026.05.02 12:35:01 INFO  Progress (1): 0.8/6.0 MB
2026.05.02 12:35:01 INFO  Progress (1): 0.8/6.0 MB
2026.05.02 12:35:01 INFO  Progress (1): 0.8/6.0 MB
2026.05.02 12:35:01 INFO  Progress (1): 0.8/6.0 MB
2026.05.02 12:35:01 INFO  Progress (1): 0.8/6.0 MB
2026.05.02 12:35:01 INFO  Progress (1): 0.9/6.0 MB
2026.05.02 12:35:01 INFO  Progress (1): 0.9/6.0 MB
2026.05.02 12:35:01 INFO  Progress (1): 0.9/6.0 MB
2026.05.02 12:35:01 INFO  Progress (1): 0.9/6.0 MB
2026.05.02 12:35:01 INFO  Progress (1): 0.9/6.0 MB
2026.05.02 12:35:01 INFO  Progress (1): 0.9/6.0 MB
2026.05.02 12:35:01 INFO  Progress (1): 1.0/6.0 MB
2026.05.02 12:35:01 INFO  Progress (1): 1.0/6.0 MB
2026.05.02 12:35:01 INFO  Progress (1): 1.0/6.0 MB
2026.05.02 12:35:01 INFO  Progress (1): 1.0/6.0 MB
2026.05.02 12:35:01 INFO  Progress (1): 1.0/6.0 MB
2026.05.02 12:35:01 INFO  Progress (1): 1.0/6.0 MB
2026.05.02 12:35:01 INFO  Progress (1): 1.1/6.0 MB
2026.05.02 12:35:01 INFO  Progress (1): 1.1/6.0 MB
2026.05.02 12:35:01 INFO  Progress (1): 1.1/6.0 MB
2026.05.02 12:35:01 INFO  Progress (1): 1.1/6.0 MB
2026.05.02 12:35:01 INFO  Progress (1): 1.1/6.0 MB
2026.05.02 12:35:01 INFO  Progress (1): 1.1/6.0 MB
2026.05.02 12:35:01 INFO  Progress (1): 1.2/6.0 MB
2026.05.02 12:35:01 INFO  Progress (1): 1.2/6.0 MB
2026.05.02 12:35:01 INFO  Progress (1): 1.2/6.0 MB
2026.05.02 12:35:01 INFO  Progress (1): 1.2/6.0 MB
2026.05.02 12:35:01 INFO  Progress (1): 1.2/6.0 MB
2026.05.02 12:35:01 INFO  Progress (1): 1.2/6.0 MB
2026.05.02 12:35:01 INFO  Progress (1): 1.3/6.0 MB
2026.05.02 12:35:01 INFO  Progress (1): 1.3/6.0 MB
2026.05.02 12:35:01 INFO  Progress (1): 1.3/6.0 MB
2026.05.02 12:35:01 INFO  Progress (1): 1.3/6.0 MB
2026.05.02 12:35:01 INFO  Progress (1): 1.3/6.0 MB
2026.05.02 12:35:01 INFO  Progress (1): 1.3/6.0 MB
2026.05.02 12:35:01 INFO  Progress (1): 1.4/6.0 MB
2026.05.02 12:35:01 INFO  Progress (1): 1.4/6.0 MB
2026.05.02 12:35:01 INFO  Progress (1): 1.4/6.0 MB
2026.05.02 12:35:01 INFO  Progress (1): 1.4/6.0 MB
2026.05.02 12:35:01 INFO  Progress (1): 1.4/6.0 MB
2026.05.02 12:35:01 INFO  Progress (1): 1.4/6.0 MB
2026.05.02 12:35:01 INFO  Progress (1): 1.5/6.0 MB
2026.05.02 12:35:01 INFO  Progress (1): 1.5/6.0 MB
2026.05.02 12:35:01 INFO  Progress (1): 1.5/6.0 MB
2026.05.02 12:35:01 INFO  Progress (1): 1.5/6.0 MB
2026.05.02 12:35:01 INFO  Progress (1): 1.5/6.0 MB
2026.05.02 12:35:01 INFO  Progress (1): 1.5/6.0 MB
2026.05.02 12:35:01 INFO  Progress (1): 1.6/6.0 MB
2026.05.02 12:35:01 INFO  Progress (1): 1.6/6.0 MB
2026.05.02 12:35:01 INFO  Progress (1): 1.6/6.0 MB
2026.05.02 12:35:01 INFO  Progress (1): 1.6/6.0 MB
2026.05.02 12:35:01 INFO  Progress (1): 1.6/6.0 MB
2026.05.02 12:35:01 INFO  Progress (1): 1.6/6.0 MB
2026.05.02 12:35:01 INFO  Progress (1): 1.7/6.0 MB
2026.05.02 12:35:01 INFO  Progress (1): 1.7/6.0 MB
2026.05.02 12:35:01 INFO  Progress (1): 1.7/6.0 MB
2026.05.02 12:35:01 INFO  Progress (1): 1.7/6.0 MB
2026.05.02 12:35:01 INFO  Progress (1): 1.7/6.0 MB
2026.05.02 12:35:01 INFO  Progress (1): 1.7/6.0 MB
2026.05.02 12:35:01 INFO  Progress (1): 1.7/6.0 MB
2026.05.02 12:35:01 INFO  Progress (1): 1.8/6.0 MB
2026.05.02 12:35:01 INFO  Progress (1): 1.8/6.0 MB
2026.05.02 12:35:01 INFO  Progress (1): 1.8/6.0 MB
2026.05.02 12:35:01 INFO  Progress (1): 1.8/6.0 MB
2026.05.02 12:35:01 INFO  Progress (1): 1.8/6.0 MB
2026.05.02 12:35:01 INFO  Progress (1): 1.8/6.0 MB
2026.05.02 12:35:01 INFO  Progress (1): 1.9/6.0 MB
2026.05.02 12:35:01 INFO  Progress (1): 1.9/6.0 MB
2026.05.02 12:35:01 INFO  Progress (1): 1.9/6.0 MB
2026.05.02 12:35:01 INFO  Progress (1): 1.9/6.0 MB
2026.05.02 12:35:01 INFO  Progress (1): 1.9/6.0 MB
2026.05.02 12:35:01 INFO  Progress (1): 1.9/6.0 MB
2026.05.02 12:35:01 INFO  Progress (1): 2.0/6.0 MB
2026.05.02 12:35:01 INFO  Progress (1): 2.0/6.0 MB
2026.05.02 12:35:01 INFO  Progress (1): 2.0/6.0 MB
2026.05.02 12:35:01 INFO  Progress (1): 2.0/6.0 MB
2026.05.02 12:35:01 INFO  Progress (1): 2.0/6.0 MB
2026.05.02 12:35:01 INFO  Progress (1): 2.0/6.0 MB
2026.05.02 12:35:01 INFO  Progress (1): 2.1/6.0 MB
2026.05.02 12:35:01 INFO  Progress (1): 2.1/6.0 MB
2026.05.02 12:35:01 INFO  Progress (1): 2.1/6.0 MB
2026.05.02 12:35:01 INFO  Progress (1): 2.1/6.0 MB
2026.05.02 12:35:01 INFO  Progress (1): 2.1/6.0 MB
2026.05.02 12:35:01 INFO  Progress (1): 2.1/6.0 MB
2026.05.02 12:35:01 INFO  Progress (1): 2.1/6.0 MB
2026.05.02 12:35:01 INFO  Progress (1): 2.2/6.0 MB
2026.05.02 12:35:01 INFO  Progress (1): 2.2/6.0 MB
2026.05.02 12:35:01 INFO  Progress (1): 2.2/6.0 MB
2026.05.02 12:35:01 INFO  Progress (1): 2.2/6.0 MB
2026.05.02 12:35:01 INFO  Progress (1): 2.2/6.0 MB
2026.05.02 12:35:01 INFO  Progress (1): 2.2/6.0 MB
2026.05.02 12:35:01 INFO  Progress (1): 2.3/6.0 MB
2026.05.02 12:35:01 INFO  Progress (1): 2.3/6.0 MB
2026.05.02 12:35:01 INFO  Progress (1): 2.3/6.0 MB
2026.05.02 12:35:01 INFO  Progress (1): 2.3/6.0 MB
2026.05.02 12:35:01 INFO  Progress (1): 2.3/6.0 MB
2026.05.02 12:35:01 INFO  Progress (1): 2.3/6.0 MB
2026.05.02 12:35:01 INFO  Progress (1): 2.4/6.0 MB
2026.05.02 12:35:01 INFO  Progress (1): 2.4/6.0 MB
2026.05.02 12:35:01 INFO  Progress (1): 2.4/6.0 MB
2026.05.02 12:35:01 INFO  Progress (1): 2.4/6.0 MB
2026.05.02 12:35:01 INFO  Progress (1): 2.4/6.0 MB
2026.05.02 12:35:01 INFO  Progress (1): 2.4/6.0 MB
2026.05.02 12:35:01 INFO  Progress (1): 2.4/6.0 MB
2026.05.02 12:35:01 INFO  Progress (1): 2.5/6.0 MB
2026.05.02 12:35:01 INFO  Progress (1): 2.5/6.0 MB
2026.05.02 12:35:01 INFO  Progress (1): 2.5/6.0 MB
2026.05.02 12:35:01 INFO  Progress (1): 2.5/6.0 MB
2026.05.02 12:35:01 INFO  Progress (1): 2.5/6.0 MB
2026.05.02 12:35:01 INFO  Progress (1): 2.5/6.0 MB
2026.05.02 12:35:01 INFO  Progress (1): 2.6/6.0 MB
2026.05.02 12:35:01 INFO  Progress (1): 2.6/6.0 MB
2026.05.02 12:35:01 INFO  Progress (1): 2.6/6.0 MB
2026.05.02 12:35:01 INFO  Progress (1): 2.6/6.0 MB
2026.05.02 12:35:01 INFO  Progress (1): 2.6/6.0 MB
2026.05.02 12:35:01 INFO  Progress (1): 2.6/6.0 MB
2026.05.02 12:35:01 INFO  Progress (1): 2.6/6.0 MB
2026.05.02 12:35:01 INFO  Progress (1): 2.7/6.0 MB
2026.05.02 12:35:01 INFO  Progress (1): 2.7/6.0 MB
2026.05.02 12:35:01 INFO  Progress (1): 2.7/6.0 MB
2026.05.02 12:35:01 INFO  Progress (1): 2.7/6.0 MB
2026.05.02 12:35:01 INFO  Progress (1): 2.7/6.0 MB
2026.05.02 12:35:01 INFO  Progress (1): 2.7/6.0 MB
2026.05.02 12:35:01 INFO  Progress (1): 2.8/6.0 MB
2026.05.02 12:35:01 INFO  Progress (1): 2.8/6.0 MB
2026.05.02 12:35:01 INFO  Progress (1): 2.8/6.0 MB
2026.05.02 12:35:01 INFO  Progress (1): 2.8/6.0 MB
2026.05.02 12:35:01 INFO  Progress (1): 2.8/6.0 MB
2026.05.02 12:35:01 INFO  Progress (1): 2.8/6.0 MB
2026.05.02 12:35:01 INFO  Progress (1): 2.9/6.0 MB
2026.05.02 12:35:01 INFO  Progress (1): 2.9/6.0 MB
2026.05.02 12:35:01 INFO  Progress (1): 2.9/6.0 MB
2026.05.02 12:35:01 INFO  Progress (1): 2.9/6.0 MB
2026.05.02 12:35:01 INFO  Progress (1): 2.9/6.0 MB
2026.05.02 12:35:01 INFO  Progress (1): 2.9/6.0 MB
2026.05.02 12:35:01 INFO  Progress (1): 3.0/6.0 MB
2026.05.02 12:35:01 INFO  Progress (1): 3.0/6.0 MB
2026.05.02 12:35:01 INFO  Progress (1): 3.0/6.0 MB
2026.05.02 12:35:01 INFO  Progress (1): 3.0/6.0 MB
2026.05.02 12:35:01 INFO  Progress (1): 3.0/6.0 MB
2026.05.02 12:35:01 INFO  Progress (1): 3.0/6.0 MB
2026.05.02 12:35:01 INFO  Progress (1): 3.1/6.0 MB
2026.05.02 12:35:01 INFO  Progress (1): 3.1/6.0 MB
2026.05.02 12:35:01 INFO  Progress (1): 3.1/6.0 MB
2026.05.02 12:35:01 INFO  Progress (1): 3.1/6.0 MB
2026.05.02 12:35:01 INFO  Progress (1): 3.1/6.0 MB
2026.05.02 12:35:01 INFO  Progress (1): 3.1/6.0 MB
2026.05.02 12:35:01 INFO  Progress (1): 3.2/6.0 MB
2026.05.02 12:35:01 INFO  Progress (1): 3.2/6.0 MB
2026.05.02 12:35:01 INFO  Progress (1): 3.2/6.0 MB
2026.05.02 12:35:01 INFO  Progress (1): 3.2/6.0 MB
2026.05.02 12:35:01 INFO  Progress (1): 3.2/6.0 MB
2026.05.02 12:35:01 INFO  Progress (1): 3.2/6.0 MB
2026.05.02 12:35:01 INFO  Progress (1): 3.3/6.0 MB
2026.05.02 12:35:01 INFO  Progress (1): 3.3/6.0 MB
2026.05.02 12:35:01 INFO  Progress (1): 3.3/6.0 MB
2026.05.02 12:35:01 INFO  Progress (1): 3.3/6.0 MB
2026.05.02 12:35:01 INFO  Progress (1): 3.3/6.0 MB
2026.05.02 12:35:01 INFO  Progress (1): 3.3/6.0 MB
2026.05.02 12:35:01 INFO  Progress (1): 3.4/6.0 MB
2026.05.02 12:35:01 INFO  Progress (1): 3.4/6.0 MB
2026.05.02 12:35:01 INFO  Progress (1): 3.4/6.0 MB
2026.05.02 12:35:01 INFO  Progress (1): 3.4/6.0 MB
2026.05.02 12:35:01 INFO  Progress (1): 3.4/6.0 MB
2026.05.02 12:35:01 INFO  Progress (1): 3.4/6.0 MB
2026.05.02 12:35:01 INFO  Progress (1): 3.5/6.0 MB
2026.05.02 12:35:01 INFO  Progress (1): 3.5/6.0 MB
2026.05.02 12:35:01 INFO  Progress (1): 3.5/6.0 MB
2026.05.02 12:35:01 INFO  Progress (1): 3.5/6.0 MB
2026.05.02 12:35:01 INFO  Progress (1): 3.5/6.0 MB
2026.05.02 12:35:01 INFO  Progress (1): 3.5/6.0 MB
2026.05.02 12:35:01 INFO  Progress (1): 3.6/6.0 MB
2026.05.02 12:35:01 INFO  Progress (1): 3.6/6.0 MB
2026.05.02 12:35:01 INFO  Progress (1): 3.6/6.0 MB
2026.05.02 12:35:01 INFO  Progress (1): 3.6/6.0 MB
2026.05.02 12:35:01 INFO  Progress (1): 3.6/6.0 MB
2026.05.02 12:35:01 INFO  Progress (1): 3.6/6.0 MB
2026.05.02 12:35:01 INFO  Progress (1): 3.6/6.0 MB
2026.05.02 12:35:01 INFO  Progress (1): 3.7/6.0 MB
2026.05.02 12:35:01 INFO  Progress (1): 3.7/6.0 MB
2026.05.02 12:35:01 INFO  Progress (1): 3.7/6.0 MB
2026.05.02 12:35:01 INFO  Progress (1): 3.7/6.0 MB
2026.05.02 12:35:01 INFO  Progress (1): 3.7/6.0 MB
2026.05.02 12:35:01 INFO  Progress (1): 3.7/6.0 MB
2026.05.02 12:35:01 INFO  Progress (1): 3.8/6.0 MB
2026.05.02 12:35:01 INFO  Progress (1): 3.8/6.0 MB
2026.05.02 12:35:01 INFO  Progress (1): 3.8/6.0 MB
2026.05.02 12:35:01 INFO  Progress (1): 3.8/6.0 MB
2026.05.02 12:35:01 INFO  Progress (1): 3.8/6.0 MB
2026.05.02 12:35:01 INFO  Progress (1): 3.8/6.0 MB
2026.05.02 12:35:01 INFO  Progress (1): 3.8/6.0 MB
2026.05.02 12:35:01 INFO  Progress (1): 3.9/6.0 MB
2026.05.02 12:35:01 INFO  Progress (1): 3.9/6.0 MB
2026.05.02 12:35:01 INFO  Progress (1): 3.9/6.0 MB
2026.05.02 12:35:01 INFO  Progress (1): 3.9/6.0 MB
2026.05.02 12:35:01 INFO  Progress (1): 3.9/6.0 MB
2026.05.02 12:35:01 INFO  Progress (1): 3.9/6.0 MB
2026.05.02 12:35:01 INFO  Progress (1): 3.9/6.0 MB
2026.05.02 12:35:01 INFO  Progress (1): 4.0/6.0 MB
2026.05.02 12:35:01 INFO  Progress (1): 4.0/6.0 MB
2026.05.02 12:35:01 INFO  Progress (1): 4.0/6.0 MB
2026.05.02 12:35:01 INFO  Progress (1): 4.0/6.0 MB
2026.05.02 12:35:01 INFO  Progress (1): 4.0/6.0 MB
2026.05.02 12:35:01 INFO  Progress (1): 4.0/6.0 MB
2026.05.02 12:35:01 INFO  Progress (1): 4.0/6.0 MB
2026.05.02 12:35:01 INFO  Progress (1): 4.1/6.0 MB
2026.05.02 12:35:01 INFO  Progress (1): 4.1/6.0 MB
2026.05.02 12:35:01 INFO  Progress (1): 4.1/6.0 MB
2026.05.02 12:35:01 INFO  Progress (1): 4.1/6.0 MB
2026.05.02 12:35:01 INFO  Progress (1): 4.1/6.0 MB
2026.05.02 12:35:01 INFO  Progress (1): 4.1/6.0 MB
2026.05.02 12:35:01 INFO  Progress (1): 4.1/6.0 MB
2026.05.02 12:35:01 INFO  Progress (1): 4.2/6.0 MB
2026.05.02 12:35:01 INFO  Progress (1): 4.2/6.0 MB
2026.05.02 12:35:01 INFO  Progress (1): 4.2/6.0 MB
2026.05.02 12:35:01 INFO  Progress (1): 4.2/6.0 MB
2026.05.02 12:35:01 INFO  Progress (1): 4.2/6.0 MB
2026.05.02 12:35:01 INFO  Progress (1): 4.2/6.0 MB
2026.05.02 12:35:01 INFO  Progress (1): 4.3/6.0 MB
2026.05.02 12:35:01 INFO  Progress (1): 4.3/6.0 MB
2026.05.02 12:35:01 INFO  Progress (1): 4.3/6.0 MB
2026.05.02 12:35:01 INFO  Progress (1): 4.3/6.0 MB
2026.05.02 12:35:01 INFO  Progress (1): 4.3/6.0 MB
2026.05.02 12:35:01 INFO  Progress (1): 4.3/6.0 MB
2026.05.02 12:35:01 INFO  Progress (1): 4.3/6.0 MB
2026.05.02 12:35:02 INFO  Progress (1): 4.4/6.0 MB
2026.05.02 12:35:02 INFO  Progress (1): 4.4/6.0 MB
2026.05.02 12:35:02 INFO  Progress (1): 4.4/6.0 MB
2026.05.02 12:35:02 INFO  Progress (1): 4.4/6.0 MB
2026.05.02 12:35:02 INFO  Progress (1): 4.4/6.0 MB
2026.05.02 12:35:02 INFO  Progress (1): 4.4/6.0 MB
2026.05.02 12:35:02 INFO  Progress (1): 4.4/6.0 MB
2026.05.02 12:35:02 INFO  Progress (1): 4.5/6.0 MB
2026.05.02 12:35:02 INFO  Progress (1): 4.5/6.0 MB
2026.05.02 12:35:02 INFO  Progress (1): 4.5/6.0 MB
2026.05.02 12:35:02 INFO  Progress (1): 4.5/6.0 MB
2026.05.02 12:35:02 INFO  Progress (1): 4.5/6.0 MB
2026.05.02 12:35:02 INFO  Progress (1): 4.5/6.0 MB
2026.05.02 12:35:02 INFO  Progress (1): 4.5/6.0 MB
2026.05.02 12:35:02 INFO  Progress (1): 4.5/6.0 MB
2026.05.02 12:35:02 INFO  Progress (1): 4.6/6.0 MB
2026.05.02 12:35:02 INFO  Progress (1): 4.6/6.0 MB
2026.05.02 12:35:02 INFO  Progress (1): 4.6/6.0 MB
2026.05.02 12:35:02 INFO  Progress (1): 4.6/6.0 MB
2026.05.02 12:35:02 INFO  Progress (1): 4.6/6.0 MB
2026.05.02 12:35:02 INFO  Progress (1): 4.6/6.0 MB
2026.05.02 12:35:02 INFO  Progress (1): 4.7/6.0 MB
2026.05.02 12:35:02 INFO  Progress (1): 4.7/6.0 MB
2026.05.02 12:35:02 INFO  Progress (1): 4.7/6.0 MB
2026.05.02 12:35:02 INFO  Progress (1): 4.7/6.0 MB
2026.05.02 12:35:02 INFO  Progress (1): 4.7/6.0 MB
2026.05.02 12:35:02 INFO  Progress (1): 4.7/6.0 MB
2026.05.02 12:35:02 INFO  Progress (1): 4.7/6.0 MB
2026.05.02 12:35:02 INFO  Progress (1): 4.8/6.0 MB
2026.05.02 12:35:02 INFO  Progress (1): 4.8/6.0 MB
2026.05.02 12:35:02 INFO  Progress (1): 4.8/6.0 MB
2026.05.02 12:35:02 INFO  Progress (1): 4.8/6.0 MB
2026.05.02 12:35:02 INFO  Progress (1): 4.8/6.0 MB
2026.05.02 12:35:02 INFO  Progress (1): 4.8/6.0 MB
2026.05.02 12:35:02 INFO  Progress (1): 4.9/6.0 MB
2026.05.02 12:35:02 INFO  Progress (1): 4.9/6.0 MB
2026.05.02 12:35:02 INFO  Progress (1): 4.9/6.0 MB
2026.05.02 12:35:02 INFO  Progress (1): 4.9/6.0 MB
2026.05.02 12:35:02 INFO  Progress (1): 4.9/6.0 MB
2026.05.02 12:35:02 INFO  Progress (1): 4.9/6.0 MB
2026.05.02 12:35:02 INFO  Progress (1): 4.9/6.0 MB
2026.05.02 12:35:02 INFO  Progress (1): 5.0/6.0 MB
2026.05.02 12:35:02 INFO  Progress (1): 5.0/6.0 MB
2026.05.02 12:35:02 INFO  Progress (1): 5.0/6.0 MB
2026.05.02 12:35:02 INFO  Progress (1): 5.0/6.0 MB
2026.05.02 12:35:02 INFO  Progress (1): 5.0/6.0 MB
2026.05.02 12:35:02 INFO  Progress (1): 5.0/6.0 MB
2026.05.02 12:35:02 INFO  Progress (1): 5.1/6.0 MB
2026.05.02 12:35:02 INFO  Progress (1): 5.1/6.0 MB
2026.05.02 12:35:02 INFO  Progress (1): 5.1/6.0 MB
2026.05.02 12:35:02 INFO  Progress (1): 5.1/6.0 MB
2026.05.02 12:35:02 INFO  Progress (1): 5.1/6.0 MB
2026.05.02 12:35:02 INFO  Progress (1): 5.1/6.0 MB
2026.05.02 12:35:02 INFO  Progress (1): 5.2/6.0 MB
2026.05.02 12:35:02 INFO  Progress (1): 5.2/6.0 MB
2026.05.02 12:35:02 INFO  Progress (1): 5.2/6.0 MB
2026.05.02 12:35:02 INFO  Progress (1): 5.2/6.0 MB
2026.05.02 12:35:02 INFO  Progress (1): 5.2/6.0 MB
2026.05.02 12:35:02 INFO  Progress (1): 5.2/6.0 MB
2026.05.02 12:35:02 INFO  Progress (1): 5.2/6.0 MB
2026.05.02 12:35:02 INFO  Progress (1): 5.3/6.0 MB
2026.05.02 12:35:02 INFO  Progress (1): 5.3/6.0 MB
2026.05.02 12:35:02 INFO  Progress (1): 5.3/6.0 MB
2026.05.02 12:35:02 INFO  Progress (1): 5.3/6.0 MB
2026.05.02 12:35:02 INFO  Progress (1): 5.3/6.0 MB
2026.05.02 12:35:02 INFO  Progress (1): 5.3/6.0 MB
2026.05.02 12:35:02 INFO  Progress (1): 5.4/6.0 MB
2026.05.02 12:35:02 INFO  Progress (1): 5.4/6.0 MB
2026.05.02 12:35:02 INFO  Progress (1): 5.4/6.0 MB
2026.05.02 12:35:02 INFO  Progress (1): 5.4/6.0 MB
2026.05.02 12:35:02 INFO  Progress (1): 5.4/6.0 MB
2026.05.02 12:35:02 INFO  Progress (1): 5.4/6.0 MB
2026.05.02 12:35:02 INFO  Progress (1): 5.5/6.0 MB
2026.05.02 12:35:02 INFO  Progress (1): 5.5/6.0 MB
2026.05.02 12:35:02 INFO  Progress (1): 5.5/6.0 MB
2026.05.02 12:35:02 INFO  Progress (1): 5.5/6.0 MB
2026.05.02 12:35:02 INFO  Progress (1): 5.5/6.0 MB
2026.05.02 12:35:02 INFO  Progress (1): 5.5/6.0 MB
2026.05.02 12:35:02 INFO  Progress (1): 5.6/6.0 MB
2026.05.02 12:35:02 INFO  Progress (1): 5.6/6.0 MB
2026.05.02 12:35:02 INFO  Progress (1): 5.6/6.0 MB
2026.05.02 12:35:02 INFO  Progress (1): 5.6/6.0 MB
2026.05.02 12:35:02 INFO  Progress (1): 5.6/6.0 MB
2026.05.02 12:35:02 INFO  Progress (1): 5.6/6.0 MB
2026.05.02 12:35:02 INFO  Progress (1): 5.7/6.0 MB
2026.05.02 12:35:02 INFO  Progress (1): 5.7/6.0 MB
2026.05.02 12:35:02 INFO  Progress (1): 5.7/6.0 MB
2026.05.02 12:35:02 INFO  Progress (1): 5.7/6.0 MB
2026.05.02 12:35:02 INFO  Progress (1): 5.7/6.0 MB
2026.05.02 12:35:02 INFO  Progress (1): 5.7/6.0 MB
2026.05.02 12:35:02 INFO  Progress (1): 5.8/6.0 MB
2026.05.02 12:35:02 INFO  Progress (1): 5.8/6.0 MB
2026.05.02 12:35:02 INFO  Progress (1): 5.8/6.0 MB
2026.05.02 12:35:02 INFO  Progress (1): 5.8/6.0 MB
2026.05.02 12:35:02 INFO  Progress (1): 5.8/6.0 MB
2026.05.02 12:35:02 INFO  Progress (1): 5.8/6.0 MB
2026.05.02 12:35:02 INFO  Progress (1): 5.9/6.0 MB
2026.05.02 12:35:02 INFO  Progress (1): 5.9/6.0 MB
2026.05.02 12:35:02 INFO  Progress (1): 5.9/6.0 MB
2026.05.02 12:35:02 INFO  Progress (1): 5.9/6.0 MB
2026.05.02 12:35:02 INFO  Progress (1): 5.9/6.0 MB
2026.05.02 12:35:02 INFO  Progress (1): 5.9/6.0 MB
2026.05.02 12:35:02 INFO  Progress (1): 6.0/6.0 MB
2026.05.02 12:35:02 INFO  Progress (1): 6.0/6.0 MB
2026.05.02 12:35:02 INFO  Progress (1): 6.0/6.0 MB
2026.05.02 12:35:02 INFO  Progress (1): 6.0/6.0 MB
2026.05.02 12:35:02 INFO  Progress (1): 6.0 MB    
2026.05.02 12:35:02 INFO                      
2026.05.02 12:35:02 INFO  Downloaded from central: https://repo.maven.apache.org/maven2/org/scala-lang/scala-library/2.13.8/scala-library-2.13.8.jar (6.0 MB at 3.0 MB/s)
2026.05.02 12:35:02 INFO  Downloading from central: https://repo.maven.apache.org/maven2/ch/epfl/scala/bloop-config_2.13/2.3.3/bloop-config_2.13-2.3.3.jar
2026.05.02 12:35:02 INFO  Downloading from central: https://repo.maven.apache.org/maven2/net/alchim31/maven/scala-maven-plugin/4.8.0/scala-maven-plugin-4.8.0.jar
2026.05.02 12:35:02 INFO  Downloading from central: https://repo.maven.apache.org/maven2/com/lihaoyi/unroll-annotation_2.13/0.1.12/unroll-annotation_2.13-0.1.12.jar
2026.05.02 12:35:02 INFO  Downloading from central: https://repo.maven.apache.org/maven2/com/github/plokhotnyuk/jsoniter-scala/jsoniter-scala-core_2.13/2.13.5.2/jsoniter-scala-core_2.13-2.13.5.2.jar
2026.05.02 12:35:02 INFO  Downloading from central: https://repo.maven.apache.org/maven2/org/apache/maven/reporting/maven-reporting-api/3.1.1/maven-reporting-api-3.1.1.jar
2026.05.02 12:35:05 INFO  Progress (1): 7.7/159 kB
2026.05.02 12:35:05 INFO  Progress (1): 12/159 kB 
2026.05.02 12:35:05 INFO  Progress (1): 29/159 kB
2026.05.02 12:35:05 INFO  Progress (1): 45/159 kB
2026.05.02 12:35:05 INFO  Progress (1): 61/159 kB
2026.05.02 12:35:05 INFO  Progress (1): 78/159 kB
2026.05.02 12:35:05 INFO  Progress (1): 94/159 kB
2026.05.02 12:35:05 INFO  Progress (1): 111/159 kB
2026.05.02 12:35:05 INFO  Progress (1): 127/159 kB
2026.05.02 12:35:05 INFO  Progress (1): 143/159 kB
2026.05.02 12:35:05 INFO  Progress (1): 159 kB    
2026.05.02 12:35:05 INFO                      
2026.05.02 12:35:05 INFO  Downloaded from central: https://repo.maven.apache.org/maven2/net/alchim31/maven/scala-maven-plugin/4.8.0/scala-maven-plugin-4.8.0.jar (159 kB at 98 kB/s)
2026.05.02 12:35:05 INFO  Downloading from central: https://repo.maven.apache.org/maven2/org/apache/maven/doxia/doxia-sink-api/1.11.1/doxia-sink-api-1.11.1.jar
2026.05.02 12:35:07 INFO  Progress (1): 0.9/1.3 kB
2026.05.02 12:35:07 INFO  Progress (1): 1.3 kB    
2026.05.02 12:35:07 INFO  Progress (2): 1.3 kB | 0.9/11 kB
2026.05.02 12:35:07 INFO  Progress (2): 1.3 kB | 2.3/11 kB
2026.05.02 12:35:07 INFO  Progress (2): 1.3 kB | 3.6/11 kB
2026.05.02 12:35:07 INFO  Progress (2): 1.3 kB | 5.0/11 kB
2026.05.02 12:35:07 INFO  Progress (2): 1.3 kB | 6.4/11 kB
2026.05.02 12:35:07 INFO  Progress (2): 1.3 kB | 7.7/11 kB
2026.05.02 12:35:07 INFO  Progress (2): 1.3 kB | 9.1/11 kB
2026.05.02 12:35:07 INFO  Progress (2): 1.3 kB | 10/11 kB 
2026.05.02 12:35:07 INFO  Progress (2): 1.3 kB | 11 kB   
2026.05.02 12:35:07 INFO  Progress (3): 1.3 kB | 11 kB | 1.4/288 kB
2026.05.02 12:35:07 INFO  Progress (3): 1.3 kB | 11 kB | 2.7/288 kB
2026.05.02 12:35:07 INFO  Progress (3): 1.3 kB | 11 kB | 4.1/288 kB
2026.05.02 12:35:07 INFO  Progress (3): 1.3 kB | 11 kB | 5.5/288 kB
2026.05.02 12:35:07 INFO  Progress (3): 1.3 kB | 11 kB | 6.8/288 kB
2026.05.02 12:35:07 INFO  Progress (3): 1.3 kB | 11 kB | 8.2/288 kB
2026.05.02 12:35:07 INFO  Progress (3): 1.3 kB | 11 kB | 9.6/288 kB
2026.05.02 12:35:07 INFO  Progress (4): 1.3 kB | 11 kB | 9.6/288 kB | 7.7/12 kB
2026.05.02 12:35:07 INFO  Progress (4): 1.3 kB | 11 kB | 9.6/288 kB | 12 kB    
2026.05.02 12:35:07 INFO  Progress (4): 1.3 kB | 11 kB | 11/288 kB | 12 kB 
2026.05.02 12:35:07 INFO  Progress (4): 1.3 kB | 11 kB | 12/288 kB | 12 kB
2026.05.02 12:35:07 INFO  Progress (4): 1.3 kB | 11 kB | 14/288 kB | 12 kB
2026.05.02 12:35:07 INFO  Progress (4): 1.3 kB | 11 kB | 15/288 kB | 12 kB
2026.05.02 12:35:07 INFO  Progress (4): 1.3 kB | 11 kB | 16/288 kB | 12 kB
2026.05.02 12:35:07 INFO  Progress (4): 1.3 kB | 11 kB | 18/288 kB | 12 kB
2026.05.02 12:35:07 INFO  Progress (4): 1.3 kB | 11 kB | 19/288 kB | 12 kB
2026.05.02 12:35:07 INFO  Progress (4): 1.3 kB | 11 kB | 21/288 kB | 12 kB
2026.05.02 12:35:07 INFO  Progress (4): 1.3 kB | 11 kB | 22/288 kB | 12 kB
2026.05.02 12:35:07 INFO  Progress (4): 1.3 kB | 11 kB | 23/288 kB | 12 kB
2026.05.02 12:35:07 INFO  Progress (4): 1.3 kB | 11 kB | 25/288 kB | 12 kB
2026.05.02 12:35:07 INFO  Progress (4): 1.3 kB | 11 kB | 26/288 kB | 12 kB
2026.05.02 12:35:07 INFO  Progress (4): 1.3 kB | 11 kB | 27/288 kB | 12 kB
2026.05.02 12:35:07 INFO  Progress (4): 1.3 kB | 11 kB | 29/288 kB | 12 kB
2026.05.02 12:35:07 INFO  Progress (4): 1.3 kB | 11 kB | 30/288 kB | 12 kB
2026.05.02 12:35:07 INFO  Progress (4): 1.3 kB | 11 kB | 31/288 kB | 12 kB
2026.05.02 12:35:07 INFO  Progress (4): 1.3 kB | 11 kB | 33/288 kB | 12 kB
2026.05.02 12:35:07 INFO  Progress (4): 1.3 kB | 11 kB | 34/288 kB | 12 kB
2026.05.02 12:35:07 INFO  Progress (4): 1.3 kB | 11 kB | 36/288 kB | 12 kB
2026.05.02 12:35:07 INFO  Progress (4): 1.3 kB | 11 kB | 37/288 kB | 12 kB
2026.05.02 12:35:07 INFO  Progress (4): 1.3 kB | 11 kB | 38/288 kB | 12 kB
2026.05.02 12:35:07 INFO  Progress (4): 1.3 kB | 11 kB | 40/288 kB | 12 kB
2026.05.02 12:35:07 INFO  Progress (4): 1.3 kB | 11 kB | 41/288 kB | 12 kB
2026.05.02 12:35:07 INFO  Progress (4): 1.3 kB | 11 kB | 42/288 kB | 12 kB
2026.05.02 12:35:07 INFO  Progress (4): 1.3 kB | 11 kB | 44/288 kB | 12 kB
2026.05.02 12:35:07 INFO  Progress (4): 1.3 kB | 11 kB | 45/288 kB | 12 kB
2026.05.02 12:35:07 INFO  Progress (4): 1.3 kB | 11 kB | 47/288 kB | 12 kB
2026.05.02 12:35:07 INFO  Progress (4): 1.3 kB | 11 kB | 48/288 kB | 12 kB
2026.05.02 12:35:07 INFO  Progress (4): 1.3 kB | 11 kB | 49/288 kB | 12 kB
2026.05.02 12:35:07 INFO  Progress (4): 1.3 kB | 11 kB | 51/288 kB | 12 kB
2026.05.02 12:35:07 INFO  Progress (4): 1.3 kB | 11 kB | 52/288 kB | 12 kB
2026.05.02 12:35:07 INFO  Progress (5): 1.3 kB | 11 kB | 52/288 kB | 12 kB | 0.9/176 kB
2026.05.02 12:35:07 INFO  Progress (5): 1.3 kB | 11 kB | 52/288 kB | 12 kB | 2.3/176 kB
2026.05.02 12:35:07 INFO  Progress (5): 1.3 kB | 11 kB | 52/288 kB | 12 kB | 3.6/176 kB
2026.05.02 12:35:07 INFO  Progress (5): 1.3 kB | 11 kB | 52/288 kB | 12 kB | 5.0/176 kB
2026.05.02 12:35:07 INFO  Progress (5): 1.3 kB | 11 kB | 52/288 kB | 12 kB | 6.4/176 kB
2026.05.02 12:35:07 INFO  Progress (5): 1.3 kB | 11 kB | 52/288 kB | 12 kB | 7.7/176 kB
2026.05.02 12:35:07 INFO  Progress (5): 1.3 kB | 11 kB | 53/288 kB | 12 kB | 7.7/176 kB
2026.05.02 12:35:07 INFO  Progress (5): 1.3 kB | 11 kB | 55/288 kB | 12 kB | 7.7/176 kB
2026.05.02 12:35:07 INFO  Progress (5): 1.3 kB | 11 kB | 59/288 kB | 12 kB | 7.7/176 kB
2026.05.02 12:35:07 INFO  Progress (5): 1.3 kB | 11 kB | 59/288 kB | 12 kB | 9.1/176 kB
2026.05.02 12:35:07 INFO  Progress (5): 1.3 kB | 11 kB | 59/288 kB | 12 kB | 10/176 kB 
2026.05.02 12:35:07 INFO  Progress (5): 1.3 kB | 11 kB | 59/288 kB | 12 kB | 12/176 kB
2026.05.02 12:35:07 INFO  Progress (5): 1.3 kB | 11 kB | 59/288 kB | 12 kB | 13/176 kB
2026.05.02 12:35:07 INFO  Progress (5): 1.3 kB | 11 kB | 59/288 kB | 12 kB | 15/176 kB
2026.05.02 12:35:07 INFO  Progress (5): 1.3 kB | 11 kB | 59/288 kB | 12 kB | 16/176 kB
2026.05.02 12:35:07 INFO  Progress (5): 1.3 kB | 11 kB | 59/288 kB | 12 kB | 17/176 kB
2026.05.02 12:35:07 INFO  Progress (5): 1.3 kB | 11 kB | 59/288 kB | 12 kB | 19/176 kB
2026.05.02 12:35:07 INFO  Progress (5): 1.3 kB | 11 kB | 59/288 kB | 12 kB | 20/176 kB
2026.05.02 12:35:07 INFO  Progress (5): 1.3 kB | 11 kB | 59/288 kB | 12 kB | 21/176 kB
2026.05.02 12:35:07 INFO  Progress (5): 1.3 kB | 11 kB | 59/288 kB | 12 kB | 23/176 kB
2026.05.02 12:35:07 INFO  Progress (5): 1.3 kB | 11 kB | 59/288 kB | 12 kB | 24/176 kB
2026.05.02 12:35:07 INFO  Progress (5): 1.3 kB | 11 kB | 59/288 kB | 12 kB | 26/176 kB
2026.05.02 12:35:07 INFO  Progress (5): 1.3 kB | 11 kB | 59/288 kB | 12 kB | 27/176 kB
2026.05.02 12:35:07 INFO  Progress (5): 1.3 kB | 11 kB | 59/288 kB | 12 kB | 28/176 kB
2026.05.02 12:35:07 INFO  Progress (5): 1.3 kB | 11 kB | 59/288 kB | 12 kB | 30/176 kB
2026.05.02 12:35:07 INFO  Progress (5): 1.3 kB | 11 kB | 59/288 kB | 12 kB | 31/176 kB
2026.05.02 12:35:07 INFO  Progress (5): 1.3 kB | 11 kB | 59/288 kB | 12 kB | 32/176 kB
2026.05.02 12:35:07 INFO  Progress (5): 1.3 kB | 11 kB | 59/288 kB | 12 kB | 34/176 kB
2026.05.02 12:35:07 INFO  Progress (5): 1.3 kB | 11 kB | 59/288 kB | 12 kB | 35/176 kB
2026.05.02 12:35:07 INFO  Progress (5): 1.3 kB | 11 kB | 59/288 kB | 12 kB | 36/176 kB
2026.05.02 12:35:07 INFO  Progress (5): 1.3 kB | 11 kB | 59/288 kB | 12 kB | 38/176 kB
2026.05.02 12:35:07 INFO  Progress (5): 1.3 kB | 11 kB | 59/288 kB | 12 kB | 39/176 kB
2026.05.02 12:35:07 INFO  Progress (5): 1.3 kB | 11 kB | 59/288 kB | 12 kB | 41/176 kB
2026.05.02 12:35:07 INFO  Progress (5): 1.3 kB | 11 kB | 59/288 kB | 12 kB | 42/176 kB
2026.05.02 12:35:07 INFO  Progress (5): 1.3 kB | 11 kB | 59/288 kB | 12 kB | 43/176 kB
2026.05.02 12:35:07 INFO  Progress (5): 1.3 kB | 11 kB | 59/288 kB | 12 kB | 45/176 kB
2026.05.02 12:35:07 INFO  Progress (5): 1.3 kB | 11 kB | 59/288 kB | 12 kB | 46/176 kB
2026.05.02 12:35:07 INFO  Progress (5): 1.3 kB | 11 kB | 59/288 kB | 12 kB | 47/176 kB
2026.05.02 12:35:07 INFO  Progress (5): 1.3 kB | 11 kB | 59/288 kB | 12 kB | 49/176 kB
2026.05.02 12:35:07 INFO  Progress (5): 1.3 kB | 11 kB | 59/288 kB | 12 kB | 50/176 kB
2026.05.02 12:35:07 INFO  Progress (5): 1.3 kB | 11 kB | 59/288 kB | 12 kB | 52/176 kB
2026.05.02 12:35:07 INFO  Progress (5): 1.3 kB | 11 kB | 59/288 kB | 12 kB | 53/176 kB
2026.05.02 12:35:07 INFO  Progress (5): 1.3 kB | 11 kB | 59/288 kB | 12 kB | 54/176 kB
2026.05.02 12:35:07 INFO  Progress (5): 1.3 kB | 11 kB | 59/288 kB | 12 kB | 56/176 kB
2026.05.02 12:35:07 INFO  Progress (5): 1.3 kB | 11 kB | 59/288 kB | 12 kB | 57/176 kB
2026.05.02 12:35:07 INFO  Progress (5): 1.3 kB | 11 kB | 59/288 kB | 12 kB | 62/176 kB
2026.05.02 12:35:07 INFO  Progress (5): 1.3 kB | 11 kB | 59/288 kB | 12 kB | 66/176 kB
2026.05.02 12:35:07 INFO  Progress (5): 1.3 kB | 11 kB | 63/288 kB | 12 kB | 66/176 kB
2026.05.02 12:35:07 INFO  Progress (5): 1.3 kB | 11 kB | 63/288 kB | 12 kB | 70/176 kB
2026.05.02 12:35:07 INFO  Progress (5): 1.3 kB | 11 kB | 67/288 kB | 12 kB | 70/176 kB
2026.05.02 12:35:07 INFO  Progress (5): 1.3 kB | 11 kB | 72/288 kB | 12 kB | 70/176 kB
2026.05.02 12:35:07 INFO  Progress (5): 1.3 kB | 11 kB | 76/288 kB | 12 kB | 70/176 kB
2026.05.02 12:35:07 INFO  Progress (5): 1.3 kB | 11 kB | 80/288 kB | 12 kB | 70/176 kB
2026.05.02 12:35:07 INFO  Progress (5): 1.3 kB | 11 kB | 84/288 kB | 12 kB | 70/176 kB
2026.05.02 12:35:07 INFO  Progress (5): 1.3 kB | 11 kB | 89/288 kB | 12 kB | 70/176 kB
2026.05.02 12:35:07 INFO  Progress (5): 1.3 kB | 11 kB | 93/288 kB | 12 kB | 70/176 kB
2026.05.02 12:35:07 INFO  Progress (5): 1.3 kB | 11 kB | 97/288 kB | 12 kB | 70/176 kB
2026.05.02 12:35:07 INFO  Progress (5): 1.3 kB | 11 kB | 101/288 kB | 12 kB | 70/176 kB
2026.05.02 12:35:07 INFO  Progress (5): 1.3 kB | 11 kB | 105/288 kB | 12 kB | 70/176 kB
2026.05.02 12:35:07 INFO  Progress (5): 1.3 kB | 11 kB | 110/288 kB | 12 kB | 70/176 kB
2026.05.02 12:35:07 INFO  Progress (5): 1.3 kB | 11 kB | 114/288 kB | 12 kB | 70/176 kB
2026.05.02 12:35:07 INFO  Progress (5): 1.3 kB | 11 kB | 115/288 kB | 12 kB | 70/176 kB
2026.05.02 12:35:07 INFO  Progress (5): 1.3 kB | 11 kB | 119/288 kB | 12 kB | 70/176 kB
2026.05.02 12:35:07 INFO  Progress (5): 1.3 kB | 11 kB | 123/288 kB | 12 kB | 70/176 kB
2026.05.02 12:35:07 INFO  Progress (5): 1.3 kB | 11 kB | 123/288 kB | 12 kB | 74/176 kB
2026.05.02 12:35:07 INFO  Progress (5): 1.3 kB | 11 kB | 123/288 kB | 12 kB | 78/176 kB
2026.05.02 12:35:07 INFO  Progress (5): 1.3 kB | 11 kB | 123/288 kB | 12 kB | 83/176 kB
2026.05.02 12:35:07 INFO  Progress (5): 1.3 kB | 11 kB | 123/288 kB | 12 kB | 87/176 kB
2026.05.02 12:35:07 INFO  Progress (5): 1.3 kB | 11 kB | 123/288 kB | 12 kB | 91/176 kB
2026.05.02 12:35:07 INFO  Progress (5): 1.3 kB | 11 kB | 123/288 kB | 12 kB | 95/176 kB
2026.05.02 12:35:07 INFO  Progress (5): 1.3 kB | 11 kB | 123/288 kB | 12 kB | 100/176 kB
2026.05.02 12:35:07 INFO  Progress (5): 1.3 kB | 11 kB | 123/288 kB | 12 kB | 104/176 kB
2026.05.02 12:35:07 INFO  Progress (5): 1.3 kB | 11 kB | 127/288 kB | 12 kB | 104/176 kB
2026.05.02 12:35:07 INFO  Progress (5): 1.3 kB | 11 kB | 127/288 kB | 12 kB | 108/176 kB
2026.05.02 12:35:07 INFO  Progress (5): 1.3 kB | 11 kB | 132/288 kB | 12 kB | 108/176 kB
2026.05.02 12:35:07 INFO  Progress (5): 1.3 kB | 11 kB | 136/288 kB | 12 kB | 108/176 kB
2026.05.02 12:35:07 INFO  Progress (5): 1.3 kB | 11 kB | 136/288 kB | 12 kB | 112/176 kB
2026.05.02 12:35:07 INFO  Progress (5): 1.3 kB | 11 kB | 140/288 kB | 12 kB | 112/176 kB
2026.05.02 12:35:07 INFO  Progress (5): 1.3 kB | 11 kB | 140/288 kB | 12 kB | 117/176 kB
2026.05.02 12:35:07 INFO  Progress (5): 1.3 kB | 11 kB | 144/288 kB | 12 kB | 117/176 kB
2026.05.02 12:35:07 INFO  Progress (5): 1.3 kB | 11 kB | 144/288 kB | 12 kB | 121/176 kB
2026.05.02 12:35:07 INFO  Progress (5): 1.3 kB | 11 kB | 149/288 kB | 12 kB | 121/176 kB
2026.05.02 12:35:07 INFO  Progress (5): 1.3 kB | 11 kB | 149/288 kB | 12 kB | 125/176 kB
2026.05.02 12:35:07 INFO  Progress (5): 1.3 kB | 11 kB | 149/288 kB | 12 kB | 129/176 kB
2026.05.02 12:35:07 INFO  Progress (5): 1.3 kB | 11 kB | 149/288 kB | 12 kB | 133/176 kB
2026.05.02 12:35:07 INFO  Progress (5): 1.3 kB | 11 kB | 149/288 kB | 12 kB | 138/176 kB
2026.05.02 12:35:07 INFO  Progress (5): 1.3 kB | 11 kB | 153/288 kB | 12 kB | 138/176 kB
2026.05.02 12:35:07 INFO  Progress (5): 1.3 kB | 11 kB | 157/288 kB | 12 kB | 138/176 kB
2026.05.02 12:35:07 INFO  Progress (5): 1.3 kB | 11 kB | 161/288 kB | 12 kB | 138/176 kB
2026.05.02 12:35:07 INFO  Progress (5): 1.3 kB | 11 kB | 165/288 kB | 12 kB | 138/176 kB
2026.05.02 12:35:07 INFO  Progress (5): 1.3 kB | 11 kB | 165/288 kB | 12 kB | 142/176 kB
2026.05.02 12:35:07 INFO  Progress (5): 1.3 kB | 11 kB | 165/288 kB | 12 kB | 146/176 kB
2026.05.02 12:35:07 INFO  Progress (5): 1.3 kB | 11 kB | 170/288 kB | 12 kB | 146/176 kB
2026.05.02 12:35:07 INFO  Progress (5): 1.3 kB | 11 kB | 174/288 kB | 12 kB | 146/176 kB
2026.05.02 12:35:07 INFO  Progress (5): 1.3 kB | 11 kB | 178/288 kB | 12 kB | 146/176 kB
2026.05.02 12:35:07 INFO  Progress (5): 1.3 kB | 11 kB | 182/288 kB | 12 kB | 146/176 kB
2026.05.02 12:35:07 INFO  Progress (5): 1.3 kB | 11 kB | 187/288 kB | 12 kB | 146/176 kB
2026.05.02 12:35:07 INFO  Progress (5): 1.3 kB | 11 kB | 191/288 kB | 12 kB | 146/176 kB
2026.05.02 12:35:07 INFO  Progress (5): 1.3 kB | 11 kB | 195/288 kB | 12 kB | 146/176 kB
2026.05.02 12:35:07 INFO  Progress (5): 1.3 kB | 11 kB | 199/288 kB | 12 kB | 146/176 kB
2026.05.02 12:35:07 INFO  Progress (5): 1.3 kB | 11 kB | 203/288 kB | 12 kB | 146/176 kB
2026.05.02 12:35:07 INFO  Progress (5): 1.3 kB | 11 kB | 208/288 kB | 12 kB | 146/176 kB
2026.05.02 12:35:07 INFO  Progress (5): 1.3 kB | 11 kB | 208/288 kB | 12 kB | 150/176 kB
2026.05.02 12:35:07 INFO  Progress (5): 1.3 kB | 11 kB | 208/288 kB | 12 kB | 155/176 kB
2026.05.02 12:35:07 INFO  Progress (5): 1.3 kB | 11 kB | 212/288 kB | 12 kB | 155/176 kB
2026.05.02 12:35:07 INFO  Progress (5): 1.3 kB | 11 kB | 212/288 kB | 12 kB | 159/176 kB
2026.05.02 12:35:07 INFO  Progress (5): 1.3 kB | 11 kB | 216/288 kB | 12 kB | 159/176 kB
2026.05.02 12:35:07 INFO  Progress (5): 1.3 kB | 11 kB | 220/288 kB | 12 kB | 159/176 kB
2026.05.02 12:35:07 INFO  Progress (5): 1.3 kB | 11 kB | 237/288 kB | 12 kB | 159/176 kB
2026.05.02 12:35:07 INFO  Progress (5): 1.3 kB | 11 kB | 246/288 kB | 12 kB | 159/176 kB
2026.05.02 12:35:07 INFO  Progress (5): 1.3 kB | 11 kB | 246/288 kB | 12 kB | 163/176 kB
2026.05.02 12:35:07 INFO  Progress (5): 1.3 kB | 11 kB | 246/288 kB | 12 kB | 167/176 kB
2026.05.02 12:35:07 INFO  Progress (5): 1.3 kB | 11 kB | 246/288 kB | 12 kB | 172/176 kB
2026.05.02 12:35:07 INFO  Progress (5): 1.3 kB | 11 kB | 246/288 kB | 12 kB | 176 kB    
2026.05.02 12:35:07 INFO  Progress (5): 1.3 kB | 11 kB | 262/288 kB | 12 kB | 176 kB
2026.05.02 12:35:07 INFO  Progress (5): 1.3 kB | 11 kB | 279/288 kB | 12 kB | 176 kB
2026.05.02 12:35:07 INFO  Progress (5): 1.3 kB | 11 kB | 288 kB | 12 kB | 176 kB    
2026.05.02 12:35:07 INFO                                                        
2026.05.02 12:35:07 INFO  Downloaded from central: https://repo.maven.apache.org/maven2/ch/epfl/scala/bloop-config_2.13/2.3.3/bloop-config_2.13-2.3.3.jar (288 kB at 69 kB/s)
2026.05.02 12:35:07 INFO  Downloading from central: https://repo.maven.apache.org/maven2/org/apache/maven/doxia/doxia-logging-api/1.11.1/doxia-logging-api-1.11.1.jar
2026.05.02 12:35:07 INFO  Progress (5): 1.3 kB | 11 kB | 12 kB | 176 kB | 7.7/12 kB
2026.05.02 12:35:07 INFO  Progress (5): 1.3 kB | 11 kB | 12 kB | 176 kB | 8.2/12 kB
2026.05.02 12:35:07 INFO  Progress (5): 1.3 kB | 11 kB | 12 kB | 176 kB | 12 kB    
2026.05.02 12:35:07 INFO                                                       
2026.05.02 12:35:07 INFO  Downloaded from central: https://repo.maven.apache.org/maven2/com/lihaoyi/unroll-annotation_2.13/0.1.12/unroll-annotation_2.13-0.1.12.jar (1.3 kB at 305 B/s)
2026.05.02 12:35:07 INFO  Downloading from central: https://repo.maven.apache.org/maven2/org/apache/maven/maven-archiver/3.6.0/maven-archiver-3.6.0.jar
2026.05.02 12:35:07 INFO  Progress (5): 11 kB | 12 kB | 176 kB | 12 kB | 7.7/26 kB
2026.05.02 12:35:07 INFO  Progress (5): 11 kB | 12 kB | 176 kB | 12 kB | 11/26 kB 
2026.05.02 12:35:07 INFO  Progress (5): 11 kB | 12 kB | 176 kB | 12 kB | 26 kB   
2026.05.02 12:35:07 INFO                                                      
2026.05.02 12:35:07 INFO  Downloaded from central: https://repo.maven.apache.org/maven2/com/github/plokhotnyuk/jsoniter-scala/jsoniter-scala-core_2.13/2.13.5.2/jsoniter-scala-core_2.13-2.13.5.2.jar (176 kB at 40 kB/s)
2026.05.02 12:35:07 INFO  Downloading from central: https://repo.maven.apache.org/maven2/org/codehaus/plexus/plexus-io/3.4.0/plexus-io-3.4.0.jar
2026.05.02 12:35:07 INFO  Progress (5): 11 kB | 12 kB | 12 kB | 26 kB | 7.7/79 kB
2026.05.02 12:35:07 INFO  Progress (5): 11 kB | 12 kB | 12 kB | 26 kB | 16/79 kB 
2026.05.02 12:35:07 INFO  Progress (5): 11 kB | 12 kB | 12 kB | 26 kB | 28/79 kB
2026.05.02 12:35:07 INFO  Progress (5): 11 kB | 12 kB | 12 kB | 26 kB | 44/79 kB
2026.05.02 12:35:07 INFO  Progress (5): 11 kB | 12 kB | 12 kB | 26 kB | 61/79 kB
2026.05.02 12:35:07 INFO  Progress (5): 11 kB | 12 kB | 12 kB | 26 kB | 77/79 kB
2026.05.02 12:35:07 INFO  Progress (5): 11 kB | 12 kB | 12 kB | 26 kB | 79 kB   
2026.05.02 12:35:08 INFO                                                     
2026.05.02 12:35:08 INFO  Downloaded from central: https://repo.maven.apache.org/maven2/org/codehaus/plexus/plexus-io/3.4.0/plexus-io-3.4.0.jar (79 kB at 17 kB/s)
2026.05.02 12:35:08 INFO  Downloading from central: https://repo.maven.apache.org/maven2/org/apache/commons/commons-exec/1.3/commons-exec-1.3.jar
2026.05.02 12:35:08 INFO  Progress (5): 11 kB | 12 kB | 12 kB | 26 kB | 7.7/54 kB
2026.05.02 12:35:08 INFO  Progress (5): 11 kB | 12 kB | 12 kB | 26 kB | 11/54 kB 
2026.05.02 12:35:08 INFO  Progress (5): 11 kB | 12 kB | 12 kB | 26 kB | 28/54 kB
2026.05.02 12:35:08 INFO  Progress (5): 11 kB | 12 kB | 12 kB | 26 kB | 44/54 kB
2026.05.02 12:35:08 INFO  Progress (5): 11 kB | 12 kB | 12 kB | 26 kB | 54 kB   
2026.05.02 12:35:08 INFO                                                     
2026.05.02 12:35:08 INFO  Downloaded from central: https://repo.maven.apache.org/maven2/org/apache/maven/reporting/maven-reporting-api/3.1.1/maven-reporting-api-3.1.1.jar (11 kB at 2.2 kB/s)
2026.05.02 12:35:08 INFO  Downloading from central: https://repo.maven.apache.org/maven2/org/codehaus/plexus/plexus-archiver/4.6.0/plexus-archiver-4.6.0.jar
2026.05.02 12:35:08 INFO  Downloaded from central: https://repo.maven.apache.org/maven2/org/apache/commons/commons-exec/1.3/commons-exec-1.3.jar (54 kB at 11 kB/s)
2026.05.02 12:35:08 INFO  Downloading from central: https://repo.maven.apache.org/maven2/org/iq80/snappy/snappy/0.4/snappy-0.4.jar
2026.05.02 12:35:08 INFO  Downloaded from central: https://repo.maven.apache.org/maven2/org/apache/maven/doxia/doxia-sink-api/1.11.1/doxia-sink-api-1.11.1.jar (12 kB at 2.4 kB/s)
2026.05.02 12:35:08 INFO  Downloading from central: https://repo.maven.apache.org/maven2/org/tukaani/xz/1.9/xz-1.9.jar
2026.05.02 12:35:08 INFO  Progress (3): 12 kB | 26 kB | 7.7/216 kB
2026.05.02 12:35:08 INFO  Progress (3): 12 kB | 26 kB | 16/216 kB 
2026.05.02 12:35:08 INFO  Progress (3): 12 kB | 26 kB | 25/216 kB
2026.05.02 12:35:08 INFO  Progress (3): 12 kB | 26 kB | 41/216 kB
2026.05.02 12:35:08 INFO  Progress (3): 12 kB | 26 kB | 57/216 kB
2026.05.02 12:35:08 INFO  Progress (3): 12 kB | 26 kB | 74/216 kB
2026.05.02 12:35:08 INFO  Progress (3): 12 kB | 26 kB | 90/216 kB
2026.05.02 12:35:08 INFO  Progress (3): 12 kB | 26 kB | 106/216 kB
2026.05.02 12:35:08 INFO  Progress (3): 12 kB | 26 kB | 123/216 kB
2026.05.02 12:35:08 INFO  Progress (3): 12 kB | 26 kB | 139/216 kB
2026.05.02 12:35:08 INFO  Progress (3): 12 kB | 26 kB | 156/216 kB
2026.05.02 12:35:08 INFO  Progress (3): 12 kB | 26 kB | 172/216 kB
2026.05.02 12:35:08 INFO  Progress (4): 12 kB | 26 kB | 172/216 kB | 7.7/116 kB
2026.05.02 12:35:08 INFO  Progress (4): 12 kB | 26 kB | 172/216 kB | 16/116 kB 
2026.05.02 12:35:08 INFO  Progress (4): 12 kB | 26 kB | 172/216 kB | 32/116 kB
2026.05.02 12:35:08 INFO  Progress (4): 12 kB | 26 kB | 188/216 kB | 32/116 kB
2026.05.02 12:35:08 INFO  Progress (5): 12 kB | 26 kB | 188/216 kB | 32/116 kB | 3.2/58 kB
2026.05.02 12:35:08 INFO  Progress (5): 12 kB | 26 kB | 188/216 kB | 32/116 kB | 7.4/58 kB
2026.05.02 12:35:08 INFO  Progress (5): 12 kB | 26 kB | 188/216 kB | 32/116 kB | 12/58 kB 
2026.05.02 12:35:08 INFO  Progress (5): 12 kB | 26 kB | 188/216 kB | 49/116 kB | 12/58 kB
2026.05.02 12:35:08 INFO  Progress (5): 12 kB | 26 kB | 188/216 kB | 49/116 kB | 16/58 kB
2026.05.02 12:35:08 INFO  Progress (5): 12 kB | 26 kB | 188/216 kB | 49/116 kB | 20/58 kB
2026.05.02 12:35:08 INFO  Progress (5): 12 kB | 26 kB | 188/216 kB | 65/116 kB | 20/58 kB
2026.05.02 12:35:08 INFO  Progress (5): 12 kB | 26 kB | 188/216 kB | 65/116 kB | 24/58 kB
2026.05.02 12:35:08 INFO  Progress (5): 12 kB | 26 kB | 188/216 kB | 65/116 kB | 29/58 kB
2026.05.02 12:35:08 INFO  Progress (5): 12 kB | 26 kB | 188/216 kB | 65/116 kB | 33/58 kB
2026.05.02 12:35:08 INFO  Progress (5): 12 kB | 26 kB | 188/216 kB | 81/116 kB | 33/58 kB
2026.05.02 12:35:08 INFO  Progress (5): 12 kB | 26 kB | 188/216 kB | 81/116 kB | 37/58 kB
2026.05.02 12:35:08 INFO  Progress (5): 12 kB | 26 kB | 188/216 kB | 81/116 kB | 41/58 kB
2026.05.02 12:35:08 INFO  Progress (5): 12 kB | 26 kB | 188/216 kB | 81/116 kB | 45/58 kB
2026.05.02 12:35:08 INFO  Progress (5): 12 kB | 26 kB | 188/216 kB | 98/116 kB | 45/58 kB
2026.05.02 12:35:08 INFO  Progress (5): 12 kB | 26 kB | 188/216 kB | 98/116 kB | 58 kB   
2026.05.02 12:35:08 INFO  Progress (5): 12 kB | 26 kB | 188/216 kB | 114/116 kB | 58 kB
2026.05.02 12:35:08 INFO  Progress (5): 12 kB | 26 kB | 188/216 kB | 116 kB | 58 kB    
2026.05.02 12:35:08 INFO  Progress (5): 12 kB | 26 kB | 205/216 kB | 116 kB | 58 kB
2026.05.02 12:35:08 INFO  Progress (5): 12 kB | 26 kB | 216 kB | 116 kB | 58 kB    
2026.05.02 12:35:08 INFO                                                       
2026.05.02 12:35:08 INFO  Downloaded from central: https://repo.maven.apache.org/maven2/org/tukaani/xz/1.9/xz-1.9.jar (116 kB at 23 kB/s)
2026.05.02 12:35:08 INFO  Downloading from central: https://repo.maven.apache.org/maven2/com/github/luben/zstd-jni/1.5.2-5/zstd-jni-1.5.2-5.jar
2026.05.02 12:35:08 INFO  Downloaded from central: https://repo.maven.apache.org/maven2/org/codehaus/plexus/plexus-archiver/4.6.0/plexus-archiver-4.6.0.jar (216 kB at 43 kB/s)
2026.05.02 12:35:08 INFO  Downloading from central: https://repo.maven.apache.org/maven2/org/codehaus/plexus/plexus-classworlds/2.7.0/plexus-classworlds-2.7.0.jar
2026.05.02 12:35:08 INFO  Progress (4): 12 kB | 26 kB | 58 kB | 0/6.3 MB
2026.05.02 12:35:08 INFO  Progress (4): 12 kB | 26 kB | 58 kB | 0/6.3 MB
2026.05.02 12:35:08 INFO  Progress (4): 12 kB | 26 kB | 58 kB | 0/6.3 MB
2026.05.02 12:35:08 INFO  Progress (4): 12 kB | 26 kB | 58 kB | 0/6.3 MB
2026.05.02 12:35:08 INFO  Progress (4): 12 kB | 26 kB | 58 kB | 0.1/6.3 MB
2026.05.02 12:35:08 INFO  Progress (4): 12 kB | 26 kB | 58 kB | 0.1/6.3 MB
2026.05.02 12:35:08 INFO  Progress (4): 12 kB | 26 kB | 58 kB | 0.1/6.3 MB
2026.05.02 12:35:08 INFO  Progress (4): 12 kB | 26 kB | 58 kB | 0.1/6.3 MB
2026.05.02 12:35:08 INFO  Progress (4): 12 kB | 26 kB | 58 kB | 0.1/6.3 MB
2026.05.02 12:35:08 INFO  Progress (4): 12 kB | 26 kB | 58 kB | 0.1/6.3 MB
2026.05.02 12:35:08 INFO  Progress (4): 12 kB | 26 kB | 58 kB | 0.1/6.3 MB
2026.05.02 12:35:08 INFO  Progress (4): 12 kB | 26 kB | 58 kB | 0.1/6.3 MB
2026.05.02 12:35:08 INFO  Progress (4): 12 kB | 26 kB | 58 kB | 0.1/6.3 MB
2026.05.02 12:35:08 INFO  Progress (4): 12 kB | 26 kB | 58 kB | 0.2/6.3 MB
2026.05.02 12:35:08 INFO  Progress (4): 12 kB | 26 kB | 58 kB | 0.2/6.3 MB
2026.05.02 12:35:08 INFO  Progress (4): 12 kB | 26 kB | 58 kB | 0.2/6.3 MB
2026.05.02 12:35:08 INFO  Progress (4): 12 kB | 26 kB | 58 kB | 0.2/6.3 MB
2026.05.02 12:35:08 INFO  Progress (4): 12 kB | 26 kB | 58 kB | 0.2/6.3 MB
2026.05.02 12:35:08 INFO  Progress (4): 12 kB | 26 kB | 58 kB | 0.2/6.3 MB
2026.05.02 12:35:08 INFO  Progress (4): 12 kB | 26 kB | 58 kB | 0.2/6.3 MB
2026.05.02 12:35:08 INFO  Progress (4): 12 kB | 26 kB | 58 kB | 0.2/6.3 MB
2026.05.02 12:35:08 INFO  Progress (5): 12 kB | 26 kB | 58 kB | 0.2/6.3 MB | 7.7/53 kB
2026.05.02 12:35:08 INFO  Progress (5): 12 kB | 26 kB | 58 kB | 0.2/6.3 MB | 8.2/53 kB
2026.05.02 12:35:08 INFO  Progress (5): 12 kB | 26 kB | 58 kB | 0.2/6.3 MB | 25/53 kB 
2026.05.02 12:35:08 INFO  Progress (5): 12 kB | 26 kB | 58 kB | 0.3/6.3 MB | 25/53 kB
2026.05.02 12:35:08 INFO  Progress (5): 12 kB | 26 kB | 58 kB | 0.3/6.3 MB | 41/53 kB
2026.05.02 12:35:08 INFO  Progress (5): 12 kB | 26 kB | 58 kB | 0.3/6.3 MB | 41/53 kB
2026.05.02 12:35:08 INFO  Progress (5): 12 kB | 26 kB | 58 kB | 0.3/6.3 MB | 41/53 kB
2026.05.02 12:35:08 INFO  Progress (5): 12 kB | 26 kB | 58 kB | 0.3/6.3 MB | 41/53 kB
2026.05.02 12:35:08 INFO  Progress (5): 12 kB | 26 kB | 58 kB | 0.3/6.3 MB | 41/53 kB
2026.05.02 12:35:08 INFO  Progress (5): 12 kB | 26 kB | 58 kB | 0.3/6.3 MB | 41/53 kB
2026.05.02 12:35:08 INFO  Progress (5): 12 kB | 26 kB | 58 kB | 0.3/6.3 MB | 53 kB   
2026.05.02 12:35:08 INFO  Progress (5): 12 kB | 26 kB | 58 kB | 0.4/6.3 MB | 53 kB
2026.05.02 12:35:08 INFO  Progress (5): 12 kB | 26 kB | 58 kB | 0.4/6.3 MB | 53 kB
2026.05.02 12:35:08 INFO  Progress (5): 12 kB | 26 kB | 58 kB | 0.4/6.3 MB | 53 kB
2026.05.02 12:35:08 INFO  Progress (5): 12 kB | 26 kB | 58 kB | 0.4/6.3 MB | 53 kB
2026.05.02 12:35:08 INFO  Progress (5): 12 kB | 26 kB | 58 kB | 0.4/6.3 MB | 53 kB
2026.05.02 12:35:08 INFO  Progress (5): 12 kB | 26 kB | 58 kB | 0.4/6.3 MB | 53 kB
2026.05.02 12:35:08 INFO  Progress (5): 12 kB | 26 kB | 58 kB | 0.5/6.3 MB | 53 kB
2026.05.02 12:35:08 INFO  Progress (5): 12 kB | 26 kB | 58 kB | 0.5/6.3 MB | 53 kB
2026.05.02 12:35:08 INFO  Progress (5): 12 kB | 26 kB | 58 kB | 0.5/6.3 MB | 53 kB
2026.05.02 12:35:08 INFO  Progress (5): 12 kB | 26 kB | 58 kB | 0.5/6.3 MB | 53 kB
2026.05.02 12:35:08 INFO  Progress (5): 12 kB | 26 kB | 58 kB | 0.5/6.3 MB | 53 kB
2026.05.02 12:35:08 INFO  Progress (5): 12 kB | 26 kB | 58 kB | 0.5/6.3 MB | 53 kB
2026.05.02 12:35:08 INFO  Progress (5): 12 kB | 26 kB | 58 kB | 0.6/6.3 MB | 53 kB
2026.05.02 12:35:08 INFO  Progress (5): 12 kB | 26 kB | 58 kB | 0.6/6.3 MB | 53 kB
2026.05.02 12:35:08 INFO  Progress (5): 12 kB | 26 kB | 58 kB | 0.6/6.3 MB | 53 kB
2026.05.02 12:35:08 INFO  Progress (5): 12 kB | 26 kB | 58 kB | 0.6/6.3 MB | 53 kB
2026.05.02 12:35:08 INFO  Progress (5): 12 kB | 26 kB | 58 kB | 0.6/6.3 MB | 53 kB
2026.05.02 12:35:08 INFO  Progress (5): 12 kB | 26 kB | 58 kB | 0.6/6.3 MB | 53 kB
2026.05.02 12:35:08 INFO  Progress (5): 12 kB | 26 kB | 58 kB | 0.7/6.3 MB | 53 kB
2026.05.02 12:35:08 INFO  Progress (5): 12 kB | 26 kB | 58 kB | 0.7/6.3 MB | 53 kB
2026.05.02 12:35:08 INFO  Progress (5): 12 kB | 26 kB | 58 kB | 0.7/6.3 MB | 53 kB
2026.05.02 12:35:08 INFO  Progress (5): 12 kB | 26 kB | 58 kB | 0.7/6.3 MB | 53 kB
2026.05.02 12:35:08 INFO  Progress (5): 12 kB | 26 kB | 58 kB | 0.7/6.3 MB | 53 kB
2026.05.02 12:35:08 INFO  Progress (5): 12 kB | 26 kB | 58 kB | 0.7/6.3 MB | 53 kB
2026.05.02 12:35:08 INFO  Progress (5): 12 kB | 26 kB | 58 kB | 0.8/6.3 MB | 53 kB
2026.05.02 12:35:08 INFO  Progress (5): 12 kB | 26 kB | 58 kB | 0.8/6.3 MB | 53 kB
2026.05.02 12:35:08 INFO  Progress (5): 12 kB | 26 kB | 58 kB | 0.8/6.3 MB | 53 kB
2026.05.02 12:35:08 INFO  Progress (5): 12 kB | 26 kB | 58 kB | 0.8/6.3 MB | 53 kB
2026.05.02 12:35:08 INFO  Progress (5): 12 kB | 26 kB | 58 kB | 0.8/6.3 MB | 53 kB
2026.05.02 12:35:08 INFO  Progress (5): 12 kB | 26 kB | 58 kB | 0.8/6.3 MB | 53 kB
2026.05.02 12:35:08 INFO  Progress (5): 12 kB | 26 kB | 58 kB | 0.8/6.3 MB | 53 kB
2026.05.02 12:35:08 INFO  Progress (5): 12 kB | 26 kB | 58 kB | 0.9/6.3 MB | 53 kB
2026.05.02 12:35:08 INFO  Progress (5): 12 kB | 26 kB | 58 kB | 0.9/6.3 MB | 53 kB
2026.05.02 12:35:08 INFO  Progress (5): 12 kB | 26 kB | 58 kB | 0.9/6.3 MB | 53 kB
2026.05.02 12:35:08 INFO  Progress (5): 12 kB | 26 kB | 58 kB | 0.9/6.3 MB | 53 kB
2026.05.02 12:35:08 INFO  Progress (5): 12 kB | 26 kB | 58 kB | 0.9/6.3 MB | 53 kB
2026.05.02 12:35:08 INFO  Progress (5): 12 kB | 26 kB | 58 kB | 0.9/6.3 MB | 53 kB
2026.05.02 12:35:08 INFO  Progress (5): 12 kB | 26 kB | 58 kB | 1.0/6.3 MB | 53 kB
2026.05.02 12:35:08 INFO  Progress (5): 12 kB | 26 kB | 58 kB | 1.0/6.3 MB | 53 kB
2026.05.02 12:35:08 INFO  Progress (5): 12 kB | 26 kB | 58 kB | 1.0/6.3 MB | 53 kB
2026.05.02 12:35:08 INFO  Progress (5): 12 kB | 26 kB | 58 kB | 1.0/6.3 MB | 53 kB
2026.05.02 12:35:08 INFO  Progress (5): 12 kB | 26 kB | 58 kB | 1.0/6.3 MB | 53 kB
2026.05.02 12:35:08 INFO  Progress (5): 12 kB | 26 kB | 58 kB | 1.0/6.3 MB | 53 kB
2026.05.02 12:35:08 INFO  Progress (5): 12 kB | 26 kB | 58 kB | 1.1/6.3 MB | 53 kB
2026.05.02 12:35:08 INFO  Progress (5): 12 kB | 26 kB | 58 kB | 1.1/6.3 MB | 53 kB
2026.05.02 12:35:08 INFO  Progress (5): 12 kB | 26 kB | 58 kB | 1.1/6.3 MB | 53 kB
2026.05.02 12:35:08 INFO  Progress (5): 12 kB | 26 kB | 58 kB | 1.1/6.3 MB | 53 kB
2026.05.02 12:35:08 INFO                                                          
2026.05.02 12:35:08 INFO  Downloaded from central: https://repo.maven.apache.org/maven2/org/apache/maven/maven-archiver/3.6.0/maven-archiver-3.6.0.jar (26 kB at 5.1 kB/s)
2026.05.02 12:35:08 INFO  Downloading from central: https://repo.maven.apache.org/maven2/org/scala-sbt/zinc_2.13/1.8.0/zinc_2.13-1.8.0.jar
2026.05.02 12:35:08 INFO  Progress (4): 12 kB | 58 kB | 1.1/6.3 MB | 53 kB
2026.05.02 12:35:08 INFO  Progress (4): 12 kB | 58 kB | 1.1/6.3 MB | 53 kB
2026.05.02 12:35:08 INFO  Progress (4): 12 kB | 58 kB | 1.2/6.3 MB | 53 kB
2026.05.02 12:35:08 INFO  Progress (4): 12 kB | 58 kB | 1.2/6.3 MB | 53 kB
2026.05.02 12:35:08 INFO  Progress (4): 12 kB | 58 kB | 1.2/6.3 MB | 53 kB
2026.05.02 12:35:08 INFO  Progress (4): 12 kB | 58 kB | 1.2/6.3 MB | 53 kB
2026.05.02 12:35:08 INFO  Progress (4): 12 kB | 58 kB | 1.2/6.3 MB | 53 kB
2026.05.02 12:35:08 INFO  Progress (4): 12 kB | 58 kB | 1.2/6.3 MB | 53 kB
2026.05.02 12:35:08 INFO  Progress (4): 12 kB | 58 kB | 1.3/6.3 MB | 53 kB
2026.05.02 12:35:08 INFO  Progress (4): 12 kB | 58 kB | 1.3/6.3 MB | 53 kB
2026.05.02 12:35:08 INFO  Progress (4): 12 kB | 58 kB | 1.3/6.3 MB | 53 kB
2026.05.02 12:35:08 INFO  Progress (4): 12 kB | 58 kB | 1.3/6.3 MB | 53 kB
2026.05.02 12:35:08 INFO  Progress (4): 12 kB | 58 kB | 1.3/6.3 MB | 53 kB
2026.05.02 12:35:08 INFO  Progress (4): 12 kB | 58 kB | 1.3/6.3 MB | 53 kB
2026.05.02 12:35:08 INFO  Progress (4): 12 kB | 58 kB | 1.3/6.3 MB | 53 kB
2026.05.02 12:35:08 INFO  Progress (4): 12 kB | 58 kB | 1.4/6.3 MB | 53 kB
2026.05.02 12:35:08 INFO  Progress (4): 12 kB | 58 kB | 1.4/6.3 MB | 53 kB
2026.05.02 12:35:08 INFO  Progress (4): 12 kB | 58 kB | 1.4/6.3 MB | 53 kB
2026.05.02 12:35:08 INFO  Progress (4): 12 kB | 58 kB | 1.4/6.3 MB | 53 kB
2026.05.02 12:35:08 INFO  Progress (4): 12 kB | 58 kB | 1.4/6.3 MB | 53 kB
2026.05.02 12:35:08 INFO  Progress (4): 12 kB | 58 kB | 1.4/6.3 MB | 53 kB
2026.05.02 12:35:08 INFO  Progress (4): 12 kB | 58 kB | 1.5/6.3 MB | 53 kB
2026.05.02 12:35:08 INFO  Progress (4): 12 kB | 58 kB | 1.5/6.3 MB | 53 kB
2026.05.02 12:35:08 INFO  Progress (4): 12 kB | 58 kB | 1.5/6.3 MB | 53 kB
2026.05.02 12:35:08 INFO  Progress (4): 12 kB | 58 kB | 1.5/6.3 MB | 53 kB
2026.05.02 12:35:08 INFO  Progress (4): 12 kB | 58 kB | 1.5/6.3 MB | 53 kB
2026.05.02 12:35:08 INFO  Progress (4): 12 kB | 58 kB | 1.5/6.3 MB | 53 kB
2026.05.02 12:35:08 INFO  Progress (4): 12 kB | 58 kB | 1.6/6.3 MB | 53 kB
2026.05.02 12:35:08 INFO  Progress (4): 12 kB | 58 kB | 1.6/6.3 MB | 53 kB
2026.05.02 12:35:08 INFO  Progress (4): 12 kB | 58 kB | 1.6/6.3 MB | 53 kB
2026.05.02 12:35:08 INFO  Progress (4): 12 kB | 58 kB | 1.6/6.3 MB | 53 kB
2026.05.02 12:35:08 INFO                                                  
2026.05.02 12:35:08 INFO  Downloaded from central: https://repo.maven.apache.org/maven2/org/codehaus/plexus/plexus-classworlds/2.7.0/plexus-classworlds-2.7.0.jar (53 kB at 10 kB/s)
2026.05.02 12:35:08 INFO  Downloading from central: https://repo.maven.apache.org/maven2/org/scala-sbt/zinc-core_2.13/1.8.0/zinc-core_2.13-1.8.0.jar
2026.05.02 12:35:08 INFO  Progress (3): 12 kB | 58 kB | 1.6/6.3 MB
2026.05.02 12:35:08 INFO  Progress (3): 12 kB | 58 kB | 1.6/6.3 MB
2026.05.02 12:35:08 INFO  Progress (3): 12 kB | 58 kB | 1.7/6.3 MB
2026.05.02 12:35:08 INFO  Progress (3): 12 kB | 58 kB | 1.7/6.3 MB
2026.05.02 12:35:08 INFO  Progress (3): 12 kB | 58 kB | 1.7/6.3 MB
2026.05.02 12:35:08 INFO  Progress (3): 12 kB | 58 kB | 1.7/6.3 MB
2026.05.02 12:35:08 INFO  Progress (3): 12 kB | 58 kB | 1.7/6.3 MB
2026.05.02 12:35:08 INFO  Progress (3): 12 kB | 58 kB | 1.7/6.3 MB
2026.05.02 12:35:08 INFO  Progress (3): 12 kB | 58 kB | 1.8/6.3 MB
2026.05.02 12:35:08 INFO  Progress (3): 12 kB | 58 kB | 1.8/6.3 MB
2026.05.02 12:35:08 INFO  Progress (3): 12 kB | 58 kB | 1.8/6.3 MB
2026.05.02 12:35:08 INFO  Progress (3): 12 kB | 58 kB | 1.8/6.3 MB
2026.05.02 12:35:08 INFO  Progress (3): 12 kB | 58 kB | 1.8/6.3 MB
2026.05.02 12:35:08 INFO  Progress (3): 12 kB | 58 kB | 1.8/6.3 MB
2026.05.02 12:35:08 INFO  Progress (3): 12 kB | 58 kB | 1.9/6.3 MB
2026.05.02 12:35:08 INFO  Progress (3): 12 kB | 58 kB | 1.9/6.3 MB
2026.05.02 12:35:08 INFO  Progress (3): 12 kB | 58 kB | 1.9/6.3 MB
2026.05.02 12:35:08 INFO  Progress (3): 12 kB | 58 kB | 1.9/6.3 MB
2026.05.02 12:35:08 INFO  Progress (3): 12 kB | 58 kB | 1.9/6.3 MB
2026.05.02 12:35:08 INFO  Progress (3): 12 kB | 58 kB | 1.9/6.3 MB
2026.05.02 12:35:08 INFO  Progress (3): 12 kB | 58 kB | 2.0/6.3 MB
2026.05.02 12:35:08 INFO  Progress (3): 12 kB | 58 kB | 2.0/6.3 MB
2026.05.02 12:35:08 INFO  Progress (3): 12 kB | 58 kB | 2.0/6.3 MB
2026.05.02 12:35:08 INFO  Progress (3): 12 kB | 58 kB | 2.0/6.3 MB
2026.05.02 12:35:08 INFO  Progress (3): 12 kB | 58 kB | 2.0/6.3 MB
2026.05.02 12:35:08 INFO  Progress (3): 12 kB | 58 kB | 2.0/6.3 MB
2026.05.02 12:35:08 INFO  Progress (3): 12 kB | 58 kB | 2.1/6.3 MB
2026.05.02 12:35:08 INFO  Progress (3): 12 kB | 58 kB | 2.1/6.3 MB
2026.05.02 12:35:08 INFO  Progress (3): 12 kB | 58 kB | 2.1/6.3 MB
2026.05.02 12:35:08 INFO  Progress (3): 12 kB | 58 kB | 2.1/6.3 MB
2026.05.02 12:35:08 INFO  Progress (3): 12 kB | 58 kB | 2.1/6.3 MB
2026.05.02 12:35:08 INFO  Progress (3): 12 kB | 58 kB | 2.1/6.3 MB
2026.05.02 12:35:08 INFO  Progress (3): 12 kB | 58 kB | 2.2/6.3 MB
2026.05.02 12:35:08 INFO  Progress (3): 12 kB | 58 kB | 2.2/6.3 MB
2026.05.02 12:35:08 INFO  Progress (3): 12 kB | 58 kB | 2.2/6.3 MB
2026.05.02 12:35:08 INFO  Progress (3): 12 kB | 58 kB | 2.2/6.3 MB
2026.05.02 12:35:08 INFO  Progress (3): 12 kB | 58 kB | 2.2/6.3 MB
2026.05.02 12:35:08 INFO  Progress (3): 12 kB | 58 kB | 2.2/6.3 MB
2026.05.02 12:35:08 INFO  Progress (3): 12 kB | 58 kB | 2.3/6.3 MB
2026.05.02 12:35:08 INFO  Progress (3): 12 kB | 58 kB | 2.3/6.3 MB
2026.05.02 12:35:08 INFO                                          
2026.05.02 12:35:08 INFO  Downloaded from central: https://repo.maven.apache.org/maven2/org/iq80/snappy/snappy/0.4/snappy-0.4.jar (58 kB at 11 kB/s)
2026.05.02 12:35:08 INFO  Downloading from central: https://repo.maven.apache.org/maven2/org/scala-sbt/zinc-apiinfo_2.13/1.8.0/zinc-apiinfo_2.13-1.8.0.jar
2026.05.02 12:35:08 INFO  Progress (2): 12 kB | 2.3/6.3 MB
2026.05.02 12:35:08 INFO  Progress (2): 12 kB | 2.3/6.3 MB
2026.05.02 12:35:08 INFO  Progress (2): 12 kB | 2.3/6.3 MB
2026.05.02 12:35:08 INFO  Progress (3): 12 kB | 2.3/6.3 MB | 7.7/85 kB
2026.05.02 12:35:08 INFO  Progress (3): 12 kB | 2.3/6.3 MB | 12/85 kB 
2026.05.02 12:35:08 INFO  Progress (3): 12 kB | 2.3/6.3 MB | 12/85 kB
2026.05.02 12:35:08 INFO  Progress (3): 12 kB | 2.3/6.3 MB | 12/85 kB
2026.05.02 12:35:08 INFO  Progress (3): 12 kB | 2.4/6.3 MB | 12/85 kB
2026.05.02 12:35:08 INFO  Progress (3): 12 kB | 2.4/6.3 MB | 12/85 kB
2026.05.02 12:35:08 INFO  Progress (3): 12 kB | 2.4/6.3 MB | 12/85 kB
2026.05.02 12:35:08 INFO  Progress (3): 12 kB | 2.4/6.3 MB | 12/85 kB
2026.05.02 12:35:08 INFO  Progress (3): 12 kB | 2.4/6.3 MB | 29/85 kB
2026.05.02 12:35:08 INFO  Progress (3): 12 kB | 2.4/6.3 MB | 45/85 kB
2026.05.02 12:35:08 INFO  Progress (3): 12 kB | 2.4/6.3 MB | 61/85 kB
2026.05.02 12:35:08 INFO  Progress (4): 12 kB | 2.4/6.3 MB | 61/85 kB | 7.7/490 kB
2026.05.02 12:35:08 INFO  Progress (4): 12 kB | 2.4/6.3 MB | 61/85 kB | 8.2/490 kB
2026.05.02 12:35:08 INFO  Progress (4): 12 kB | 2.4/6.3 MB | 78/85 kB | 8.2/490 kB
2026.05.02 12:35:08 INFO  Progress (4): 12 kB | 2.4/6.3 MB | 78/85 kB | 8.2/490 kB
2026.05.02 12:35:08 INFO  Progress (4): 12 kB | 2.4/6.3 MB | 85 kB | 8.2/490 kB   
2026.05.02 12:35:08 INFO  Progress (4): 12 kB | 2.4/6.3 MB | 85 kB | 25/490 kB 
2026.05.02 12:35:08 INFO  Progress (4): 12 kB | 2.4/6.3 MB | 85 kB | 25/490 kB
2026.05.02 12:35:08 INFO  Progress (4): 12 kB | 2.4/6.3 MB | 85 kB | 41/490 kB
2026.05.02 12:35:08 INFO  Progress (4): 12 kB | 2.5/6.3 MB | 85 kB | 41/490 kB
2026.05.02 12:35:08 INFO  Progress (4): 12 kB | 2.5/6.3 MB | 85 kB | 41/490 kB
2026.05.02 12:35:08 INFO  Progress (4): 12 kB | 2.5/6.3 MB | 85 kB | 57/490 kB
2026.05.02 12:35:08 INFO  Progress (4): 12 kB | 2.5/6.3 MB | 85 kB | 66/490 kB
2026.05.02 12:35:08 INFO  Progress (4): 12 kB | 2.5/6.3 MB | 85 kB | 82/490 kB
2026.05.02 12:35:08 INFO  Progress (4): 12 kB | 2.5/6.3 MB | 85 kB | 90/490 kB
2026.05.02 12:35:08 INFO  Progress (4): 12 kB | 2.5/6.3 MB | 85 kB | 90/490 kB
2026.05.02 12:35:08 INFO  Progress (4): 12 kB | 2.5/6.3 MB | 85 kB | 106/490 kB
2026.05.02 12:35:08 INFO  Progress (4): 12 kB | 2.5/6.3 MB | 85 kB | 106/490 kB
2026.05.02 12:35:08 INFO  Progress (4): 12 kB | 2.5/6.3 MB | 85 kB | 106/490 kB
2026.05.02 12:35:08 INFO  Progress (4): 12 kB | 2.5/6.3 MB | 85 kB | 106/490 kB
2026.05.02 12:35:08 INFO  Progress (4): 12 kB | 2.6/6.3 MB | 85 kB | 106/490 kB
2026.05.02 12:35:08 INFO  Progress (4): 12 kB | 2.6/6.3 MB | 85 kB | 106/490 kB
2026.05.02 12:35:08 INFO  Progress (4): 12 kB | 2.6/6.3 MB | 85 kB | 106/490 kB
2026.05.02 12:35:08 INFO  Progress (4): 12 kB | 2.6/6.3 MB | 85 kB | 106/490 kB
2026.05.02 12:35:08 INFO  Progress (4): 12 kB | 2.6/6.3 MB | 85 kB | 106/490 kB
2026.05.02 12:35:08 INFO  Progress (4): 12 kB | 2.6/6.3 MB | 85 kB | 106/490 kB
2026.05.02 12:35:08 INFO  Progress (4): 12 kB | 2.7/6.3 MB | 85 kB | 106/490 kB
2026.05.02 12:35:08 INFO  Progress (4): 12 kB | 2.7/6.3 MB | 85 kB | 106/490 kB
2026.05.02 12:35:08 INFO  Progress (4): 12 kB | 2.7/6.3 MB | 85 kB | 106/490 kB
2026.05.02 12:35:08 INFO  Progress (4): 12 kB | 2.7/6.3 MB | 85 kB | 106/490 kB
2026.05.02 12:35:08 INFO  Progress (4): 12 kB | 2.7/6.3 MB | 85 kB | 106/490 kB
2026.05.02 12:35:08 INFO  Progress (5): 12 kB | 2.7/6.3 MB | 85 kB | 106/490 kB | 0.9/165 kB
2026.05.02 12:35:08 INFO  Progress (5): 12 kB | 2.7/6.3 MB | 85 kB | 106/490 kB | 0.9/165 kB
2026.05.02 12:35:08 INFO  Progress (5): 12 kB | 2.7/6.3 MB | 85 kB | 106/490 kB | 0.9/165 kB
2026.05.02 12:35:08 INFO  Progress (5): 12 kB | 2.8/6.3 MB | 85 kB | 106/490 kB | 0.9/165 kB
2026.05.02 12:35:08 INFO  Progress (5): 12 kB | 2.8/6.3 MB | 85 kB | 106/490 kB | 0.9/165 kB
2026.05.02 12:35:08 INFO  Progress (5): 12 kB | 2.8/6.3 MB | 85 kB | 106/490 kB | 0.9/165 kB
2026.05.02 12:35:08 INFO  Progress (5): 12 kB | 2.8/6.3 MB | 85 kB | 106/490 kB | 2.3/165 kB
2026.05.02 12:35:08 INFO  Progress (5): 12 kB | 2.8/6.3 MB | 85 kB | 106/490 kB | 3.6/165 kB
2026.05.02 12:35:08 INFO  Progress (5): 12 kB | 2.8/6.3 MB | 85 kB | 106/490 kB | 5.0/165 kB
2026.05.02 12:35:08 INFO  Progress (5): 12 kB | 2.8/6.3 MB | 85 kB | 106/490 kB | 6.4/165 kB
2026.05.02 12:35:08 INFO  Progress (5): 12 kB | 2.8/6.3 MB | 85 kB | 106/490 kB | 7.7/165 kB
2026.05.02 12:35:08 INFO  Progress (5): 12 kB | 2.8/6.3 MB | 85 kB | 106/490 kB | 8.2/165 kB
2026.05.02 12:35:08 INFO  Progress (5): 12 kB | 2.8/6.3 MB | 85 kB | 106/490 kB | 9.6/165 kB
2026.05.02 12:35:08 INFO  Progress (5): 12 kB | 2.8/6.3 MB | 85 kB | 106/490 kB | 11/165 kB 
2026.05.02 12:35:08 INFO  Progress (5): 12 kB | 2.8/6.3 MB | 85 kB | 106/490 kB | 12/165 kB
2026.05.02 12:35:08 INFO  Progress (5): 12 kB | 2.8/6.3 MB | 85 kB | 106/490 kB | 14/165 kB
2026.05.02 12:35:08 INFO  Progress (5): 12 kB | 2.8/6.3 MB | 85 kB | 106/490 kB | 15/165 kB
2026.05.02 12:35:08 INFO  Progress (5): 12 kB | 2.8/6.3 MB | 85 kB | 106/490 kB | 16/165 kB
2026.05.02 12:35:08 INFO  Progress (5): 12 kB | 2.8/6.3 MB | 85 kB | 106/490 kB | 18/165 kB
2026.05.02 12:35:08 INFO  Progress (5): 12 kB | 2.8/6.3 MB | 85 kB | 106/490 kB | 19/165 kB
2026.05.02 12:35:08 INFO  Progress (5): 12 kB | 2.8/6.3 MB | 85 kB | 106/490 kB | 21/165 kB
2026.05.02 12:35:08 INFO  Progress (5): 12 kB | 2.8/6.3 MB | 85 kB | 106/490 kB | 22/165 kB
2026.05.02 12:35:08 INFO  Progress (5): 12 kB | 2.8/6.3 MB | 85 kB | 106/490 kB | 23/165 kB
2026.05.02 12:35:08 INFO  Progress (5): 12 kB | 2.8/6.3 MB | 85 kB | 106/490 kB | 25/165 kB
2026.05.02 12:35:08 INFO  Progress (5): 12 kB | 2.8/6.3 MB | 85 kB | 106/490 kB | 26/165 kB
2026.05.02 12:35:08 INFO  Progress (5): 12 kB | 2.8/6.3 MB | 85 kB | 106/490 kB | 27/165 kB
2026.05.02 12:35:08 INFO                                                                   
2026.05.02 12:35:08 INFO  Downloaded from central: https://repo.maven.apache.org/maven2/org/scala-sbt/zinc_2.13/1.8.0/zinc_2.13-1.8.0.jar (85 kB at 15 kB/s)
2026.05.02 12:35:08 INFO  Downloading from central: https://repo.maven.apache.org/maven2/org/scala-sbt/compiler-bridge_2.13/1.8.0/compiler-bridge_2.13-1.8.0.jar
2026.05.02 12:35:08 INFO  Progress (4): 12 kB | 2.8/6.3 MB | 106/490 kB | 29/165 kB
2026.05.02 12:35:08 INFO  Progress (4): 12 kB | 2.8/6.3 MB | 106/490 kB | 30/165 kB
2026.05.02 12:35:08 INFO  Progress (4): 12 kB | 2.8/6.3 MB | 106/490 kB | 31/165 kB
2026.05.02 12:35:08 INFO  Progress (4): 12 kB | 2.8/6.3 MB | 106/490 kB | 33/165 kB
2026.05.02 12:35:08 INFO  Progress (4): 12 kB | 2.8/6.3 MB | 106/490 kB | 34/165 kB
2026.05.02 12:35:08 INFO  Progress (4): 12 kB | 2.8/6.3 MB | 106/490 kB | 36/165 kB
2026.05.02 12:35:08 INFO  Progress (4): 12 kB | 2.8/6.3 MB | 106/490 kB | 37/165 kB
2026.05.02 12:35:08 INFO  Progress (4): 12 kB | 2.8/6.3 MB | 106/490 kB | 37/165 kB
2026.05.02 12:35:08 INFO  Progress (4): 12 kB | 2.8/6.3 MB | 106/490 kB | 37/165 kB
2026.05.02 12:35:08 INFO  Progress (4): 12 kB | 2.8/6.3 MB | 106/490 kB | 38/165 kB
2026.05.02 12:35:08 INFO  Progress (4): 12 kB | 2.8/6.3 MB | 106/490 kB | 40/165 kB
2026.05.02 12:35:08 INFO  Progress (4): 12 kB | 2.8/6.3 MB | 106/490 kB | 41/165 kB
2026.05.02 12:35:08 INFO  Progress (4): 12 kB | 2.8/6.3 MB | 106/490 kB | 42/165 kB
2026.05.02 12:35:08 INFO  Progress (4): 12 kB | 2.8/6.3 MB | 106/490 kB | 47/165 kB
2026.05.02 12:35:08 INFO  Progress (4): 12 kB | 2.8/6.3 MB | 123/490 kB | 47/165 kB
2026.05.02 12:35:08 INFO  Progress (4): 12 kB | 2.8/6.3 MB | 123/490 kB | 51/165 kB
2026.05.02 12:35:08 INFO  Progress (4): 12 kB | 2.8/6.3 MB | 123/490 kB | 51/165 kB
2026.05.02 12:35:08 INFO  Progress (4): 12 kB | 2.8/6.3 MB | 123/490 kB | 55/165 kB
2026.05.02 12:35:08 INFO  Progress (4): 12 kB | 2.8/6.3 MB | 131/490 kB | 55/165 kB
2026.05.02 12:35:08 INFO  Progress (4): 12 kB | 2.8/6.3 MB | 131/490 kB | 59/165 kB
2026.05.02 12:35:08 INFO  Progress (4): 12 kB | 2.9/6.3 MB | 131/490 kB | 59/165 kB
2026.05.02 12:35:08 INFO  Progress (4): 12 kB | 2.9/6.3 MB | 131/490 kB | 59/165 kB
2026.05.02 12:35:08 INFO  Progress (4): 12 kB | 2.9/6.3 MB | 131/490 kB | 59/165 kB
2026.05.02 12:35:08 INFO  Progress (4): 12 kB | 2.9/6.3 MB | 147/490 kB | 59/165 kB
2026.05.02 12:35:08 INFO  Progress (4): 12 kB | 2.9/6.3 MB | 147/490 kB | 59/165 kB
2026.05.02 12:35:08 INFO  Progress (4): 12 kB | 2.9/6.3 MB | 156/490 kB | 59/165 kB
2026.05.02 12:35:08 INFO  Progress (4): 12 kB | 2.9/6.3 MB | 156/490 kB | 59/165 kB
2026.05.02 12:35:08 INFO  Progress (4): 12 kB | 2.9/6.3 MB | 172/490 kB | 59/165 kB
2026.05.02 12:35:08 INFO  Progress (4): 12 kB | 2.9/6.3 MB | 172/490 kB | 59/165 kB
2026.05.02 12:35:08 INFO  Progress (4): 12 kB | 2.9/6.3 MB | 172/490 kB | 59/165 kB
2026.05.02 12:35:08 INFO  Progress (4): 12 kB | 3.0/6.3 MB | 172/490 kB | 59/165 kB
2026.05.02 12:35:08 INFO  Progress (4): 12 kB | 3.0/6.3 MB | 188/490 kB | 59/165 kB
2026.05.02 12:35:08 INFO  Progress (4): 12 kB | 3.0/6.3 MB | 188/490 kB | 59/165 kB
2026.05.02 12:35:08 INFO  Progress (4): 12 kB | 3.0/6.3 MB | 188/490 kB | 64/165 kB
2026.05.02 12:35:08 INFO  Progress (4): 12 kB | 3.0/6.3 MB | 205/490 kB | 64/165 kB
2026.05.02 12:35:08 INFO  Progress (4): 12 kB | 3.0/6.3 MB | 205/490 kB | 64/165 kB
2026.05.02 12:35:08 INFO  Progress (4): 12 kB | 3.0/6.3 MB | 205/490 kB | 64/165 kB
2026.05.02 12:35:08 INFO  Progress (4): 12 kB | 3.0/6.3 MB | 205/490 kB | 64/165 kB
2026.05.02 12:35:08 INFO  Progress (4): 12 kB | 3.0/6.3 MB | 205/490 kB | 64/165 kB
2026.05.02 12:35:08 INFO  Progress (4): 12 kB | 3.1/6.3 MB | 205/490 kB | 64/165 kB
2026.05.02 12:35:08 INFO  Progress (4): 12 kB | 3.1/6.3 MB | 205/490 kB | 64/165 kB
2026.05.02 12:35:08 INFO  Progress (4): 12 kB | 3.1/6.3 MB | 205/490 kB | 64/165 kB
2026.05.02 12:35:08 INFO  Progress (4): 12 kB | 3.1/6.3 MB | 205/490 kB | 68/165 kB
2026.05.02 12:35:08 INFO  Progress (4): 12 kB | 3.1/6.3 MB | 205/490 kB | 68/165 kB
2026.05.02 12:35:08 INFO  Progress (4): 12 kB | 3.1/6.3 MB | 205/490 kB | 68/165 kB
2026.05.02 12:35:08 INFO  Progress (4): 12 kB | 3.1/6.3 MB | 205/490 kB | 68/165 kB
2026.05.02 12:35:08 INFO  Progress (4): 12 kB | 3.1/6.3 MB | 205/490 kB | 72/165 kB
2026.05.02 12:35:08 INFO  Progress (4): 12 kB | 3.1/6.3 MB | 205/490 kB | 72/165 kB
2026.05.02 12:35:08 INFO  Progress (4): 12 kB | 3.2/6.3 MB | 205/490 kB | 72/165 kB
2026.05.02 12:35:08 INFO  Progress (4): 12 kB | 3.2/6.3 MB | 205/490 kB | 72/165 kB
2026.05.02 12:35:08 INFO  Progress (4): 12 kB | 3.2/6.3 MB | 205/490 kB | 72/165 kB
2026.05.02 12:35:08 INFO  Progress (4): 12 kB | 3.2/6.3 MB | 205/490 kB | 72/165 kB
2026.05.02 12:35:08 INFO  Progress (4): 12 kB | 3.2/6.3 MB | 205/490 kB | 76/165 kB
2026.05.02 12:35:08 INFO  Progress (4): 12 kB | 3.2/6.3 MB | 205/490 kB | 80/165 kB
2026.05.02 12:35:08 INFO  Progress (4): 12 kB | 3.2/6.3 MB | 205/490 kB | 80/165 kB
2026.05.02 12:35:08 INFO  Progress (4): 12 kB | 3.2/6.3 MB | 205/490 kB | 80/165 kB
2026.05.02 12:35:08 INFO  Progress (4): 12 kB | 3.2/6.3 MB | 205/490 kB | 85/165 kB
2026.05.02 12:35:08 INFO  Progress (4): 12 kB | 3.2/6.3 MB | 205/490 kB | 89/165 kB
2026.05.02 12:35:08 INFO  Progress (4): 12 kB | 3.3/6.3 MB | 205/490 kB | 89/165 kB
2026.05.02 12:35:08 INFO  Progress (4): 12 kB | 3.3/6.3 MB | 205/490 kB | 89/165 kB
2026.05.02 12:35:08 INFO  Progress (4): 12 kB | 3.3/6.3 MB | 205/490 kB | 89/165 kB
2026.05.02 12:35:08 INFO  Progress (4): 12 kB | 3.3/6.3 MB | 205/490 kB | 89/165 kB
2026.05.02 12:35:08 INFO  Progress (4): 12 kB | 3.3/6.3 MB | 205/490 kB | 93/165 kB
2026.05.02 12:35:08 INFO  Progress (4): 12 kB | 3.3/6.3 MB | 205/490 kB | 97/165 kB
2026.05.02 12:35:08 INFO  Progress (4): 12 kB | 3.3/6.3 MB | 205/490 kB | 97/165 kB
2026.05.02 12:35:08 INFO  Progress (4): 12 kB | 3.3/6.3 MB | 221/490 kB | 97/165 kB
2026.05.02 12:35:08 INFO  Progress (4): 12 kB | 3.3/6.3 MB | 221/490 kB | 102/165 kB
2026.05.02 12:35:08 INFO  Progress (4): 12 kB | 3.3/6.3 MB | 221/490 kB | 102/165 kB
2026.05.02 12:35:08 INFO  Progress (4): 12 kB | 3.4/6.3 MB | 221/490 kB | 102/165 kB
2026.05.02 12:35:08 INFO  Progress (4): 12 kB | 3.4/6.3 MB | 221/490 kB | 102/165 kB
2026.05.02 12:35:08 INFO  Progress (4): 12 kB | 3.4/6.3 MB | 221/490 kB | 106/165 kB
2026.05.02 12:35:08 INFO  Progress (4): 12 kB | 3.4/6.3 MB | 221/490 kB | 110/165 kB
2026.05.02 12:35:09 INFO  Progress (4): 12 kB | 3.4/6.3 MB | 238/490 kB | 110/165 kB
2026.05.02 12:35:09 INFO  Progress (4): 12 kB | 3.4/6.3 MB | 238/490 kB | 114/165 kB
2026.05.02 12:35:09 INFO  Progress (4): 12 kB | 3.4/6.3 MB | 238/490 kB | 114/165 kB
2026.05.02 12:35:09 INFO  Progress (4): 12 kB | 3.4/6.3 MB | 238/490 kB | 119/165 kB
2026.05.02 12:35:09 INFO  Progress (4): 12 kB | 3.4/6.3 MB | 238/490 kB | 123/165 kB
2026.05.02 12:35:09 INFO  Progress (4): 12 kB | 3.4/6.3 MB | 238/490 kB | 127/165 kB
2026.05.02 12:35:09 INFO  Progress (4): 12 kB | 3.4/6.3 MB | 238/490 kB | 131/165 kB
2026.05.02 12:35:09 INFO  Progress (5): 12 kB | 3.4/6.3 MB | 238/490 kB | 131/165 kB | 7.7/243 kB
2026.05.02 12:35:09 INFO  Progress (5): 12 kB | 3.4/6.3 MB | 238/490 kB | 131/165 kB | 16/243 kB 
2026.05.02 12:35:09 INFO                                                                        
2026.05.02 12:35:09 INFO  Downloaded from central: https://repo.maven.apache.org/maven2/org/apache/maven/doxia/doxia-logging-api/1.11.1/doxia-logging-api-1.11.1.jar (12 kB at 2.1 kB/s)
2026.05.02 12:35:09 INFO  Progress (4): 3.4/6.3 MB | 238/490 kB | 131/165 kB | 25/243 kB
2026.05.02 12:35:09 INFO  Progress (4): 3.4/6.3 MB | 238/490 kB | 131/165 kB | 41/243 kB
2026.05.02 12:35:09 INFO  Progress (4): 3.4/6.3 MB | 238/490 kB | 131/165 kB | 41/243 kB
2026.05.02 12:35:09 INFO  Progress (4): 3.4/6.3 MB | 238/490 kB | 131/165 kB | 41/243 kB
2026.05.02 12:35:09 INFO  Progress (4): 3.4/6.3 MB | 238/490 kB | 131/165 kB | 57/243 kB
2026.05.02 12:35:09 INFO  Progress (4): 3.4/6.3 MB | 238/490 kB | 131/165 kB | 74/243 kB
2026.05.02 12:35:09 INFO  Progress (4): 3.4/6.3 MB | 238/490 kB | 131/165 kB | 90/243 kB
2026.05.02 12:35:09 INFO  Progress (4): 3.4/6.3 MB | 238/490 kB | 131/165 kB | 106/243 kB
2026.05.02 12:35:09 INFO  Progress (4): 3.4/6.3 MB | 254/490 kB | 131/165 kB | 106/243 kB
2026.05.02 12:35:09 INFO  Progress (4): 3.4/6.3 MB | 270/490 kB | 131/165 kB | 106/243 kB
2026.05.02 12:35:09 INFO  Progress (4): 3.4/6.3 MB | 270/490 kB | 131/165 kB | 106/243 kB
2026.05.02 12:35:09 INFO  Progress (4): 3.5/6.3 MB | 270/490 kB | 131/165 kB | 106/243 kB
2026.05.02 12:35:09 INFO  Progress (4): 3.5/6.3 MB | 270/490 kB | 131/165 kB | 106/243 kB
2026.05.02 12:35:09 INFO  Progress (4): 3.5/6.3 MB | 270/490 kB | 131/165 kB | 106/243 kB
2026.05.02 12:35:09 INFO                                                                 
2026.05.02 12:35:09 INFO  Downloading from central: https://repo.maven.apache.org/maven2/org/scala-sbt/zinc-classpath_2.13/1.8.0/zinc-classpath_2.13-1.8.0.jar
2026.05.02 12:35:09 INFO  Progress (4): 3.5/6.3 MB | 270/490 kB | 131/165 kB | 106/243 kB
2026.05.02 12:35:09 INFO  Progress (4): 3.5/6.3 MB | 287/490 kB | 131/165 kB | 106/243 kB
2026.05.02 12:35:09 INFO  Progress (4): 3.5/6.3 MB | 287/490 kB | 131/165 kB | 106/243 kB
2026.05.02 12:35:09 INFO  Progress (4): 3.5/6.3 MB | 287/490 kB | 131/165 kB | 123/243 kB
2026.05.02 12:35:09 INFO  Progress (4): 3.5/6.3 MB | 287/490 kB | 131/165 kB | 139/243 kB
2026.05.02 12:35:09 INFO  Progress (4): 3.5/6.3 MB | 287/490 kB | 131/165 kB | 156/243 kB
2026.05.02 12:35:09 INFO  Progress (4): 3.5/6.3 MB | 287/490 kB | 131/165 kB | 156/243 kB
2026.05.02 12:35:09 INFO  Progress (4): 3.5/6.3 MB | 303/490 kB | 131/165 kB | 156/243 kB
2026.05.02 12:35:09 INFO  Progress (4): 3.5/6.3 MB | 303/490 kB | 131/165 kB | 172/243 kB
2026.05.02 12:35:09 INFO  Progress (4): 3.6/6.3 MB | 303/490 kB | 131/165 kB | 172/243 kB
2026.05.02 12:35:09 INFO  Progress (4): 3.6/6.3 MB | 303/490 kB | 135/165 kB | 172/243 kB
2026.05.02 12:35:09 INFO  Progress (4): 3.6/6.3 MB | 303/490 kB | 135/165 kB | 172/243 kB
2026.05.02 12:35:09 INFO  Progress (4): 3.6/6.3 MB | 303/490 kB | 139/165 kB | 172/243 kB
2026.05.02 12:35:09 INFO  Progress (4): 3.6/6.3 MB | 303/490 kB | 139/165 kB | 188/243 kB
2026.05.02 12:35:09 INFO  Progress (4): 3.6/6.3 MB | 319/490 kB | 139/165 kB | 188/243 kB
2026.05.02 12:35:09 INFO  Progress (4): 3.6/6.3 MB | 319/490 kB | 139/165 kB | 188/243 kB
2026.05.02 12:35:09 INFO  Progress (4): 3.6/6.3 MB | 319/490 kB | 139/165 kB | 188/243 kB
2026.05.02 12:35:09 INFO  Progress (4): 3.6/6.3 MB | 319/490 kB | 139/165 kB | 188/243 kB
2026.05.02 12:35:09 INFO  Progress (4): 3.6/6.3 MB | 319/490 kB | 139/165 kB | 205/243 kB
2026.05.02 12:35:09 INFO  Progress (4): 3.6/6.3 MB | 319/490 kB | 139/165 kB | 205/243 kB
2026.05.02 12:35:09 INFO  Progress (4): 3.6/6.3 MB | 319/490 kB | 139/165 kB | 221/243 kB
2026.05.02 12:35:09 INFO  Progress (4): 3.7/6.3 MB | 319/490 kB | 139/165 kB | 221/243 kB
2026.05.02 12:35:09 INFO  Progress (4): 3.7/6.3 MB | 319/490 kB | 139/165 kB | 238/243 kB
2026.05.02 12:35:09 INFO  Progress (4): 3.7/6.3 MB | 319/490 kB | 139/165 kB | 238/243 kB
2026.05.02 12:35:09 INFO  Progress (4): 3.7/6.3 MB | 319/490 kB | 143/165 kB | 238/243 kB
2026.05.02 12:35:09 INFO  Progress (4): 3.7/6.3 MB | 319/490 kB | 148/165 kB | 238/243 kB
2026.05.02 12:35:09 INFO  Progress (4): 3.7/6.3 MB | 319/490 kB | 148/165 kB | 238/243 kB
2026.05.02 12:35:09 INFO  Progress (4): 3.7/6.3 MB | 319/490 kB | 148/165 kB | 243 kB    
2026.05.02 12:35:09 INFO  Progress (4): 3.7/6.3 MB | 319/490 kB | 148/165 kB | 243 kB
2026.05.02 12:35:09 INFO  Progress (4): 3.7/6.3 MB | 319/490 kB | 152/165 kB | 243 kB
2026.05.02 12:35:09 INFO  Progress (4): 3.7/6.3 MB | 319/490 kB | 156/165 kB | 243 kB
2026.05.02 12:35:09 INFO  Progress (4): 3.7/6.3 MB | 319/490 kB | 160/165 kB | 243 kB
2026.05.02 12:35:09 INFO  Progress (4): 3.7/6.3 MB | 319/490 kB | 165/165 kB | 243 kB
2026.05.02 12:35:09 INFO  Progress (4): 3.7/6.3 MB | 319/490 kB | 165 kB | 243 kB    
2026.05.02 12:35:09 INFO  Progress (4): 3.7/6.3 MB | 319/490 kB | 165 kB | 243 kB
2026.05.02 12:35:09 INFO  Progress (4): 3.7/6.3 MB | 319/490 kB | 165 kB | 243 kB
2026.05.02 12:35:09 INFO  Progress (4): 3.8/6.3 MB | 319/490 kB | 165 kB | 243 kB
2026.05.02 12:35:09 INFO  Progress (4): 3.8/6.3 MB | 319/490 kB | 165 kB | 243 kB
2026.05.02 12:35:09 INFO  Progress (4): 3.8/6.3 MB | 319/490 kB | 165 kB | 243 kB
2026.05.02 12:35:09 INFO  Progress (4): 3.8/6.3 MB | 319/490 kB | 165 kB | 243 kB
2026.05.02 12:35:09 INFO  Progress (4): 3.8/6.3 MB | 319/490 kB | 165 kB | 243 kB
2026.05.02 12:35:09 INFO  Progress (4): 3.8/6.3 MB | 336/490 kB | 165 kB | 243 kB
2026.05.02 12:35:09 INFO  Progress (4): 3.8/6.3 MB | 352/490 kB | 165 kB | 243 kB
2026.05.02 12:35:09 INFO  Progress (4): 3.8/6.3 MB | 352/490 kB | 165 kB | 243 kB
2026.05.02 12:35:09 INFO  Progress (4): 3.9/6.3 MB | 352/490 kB | 165 kB | 243 kB
2026.05.02 12:35:09 INFO  Progress (4): 3.9/6.3 MB | 352/490 kB | 165 kB | 243 kB
2026.05.02 12:35:09 INFO  Progress (4): 3.9/6.3 MB | 352/490 kB | 165 kB | 243 kB
2026.05.02 12:35:09 INFO  Progress (4): 3.9/6.3 MB | 352/490 kB | 165 kB | 243 kB
2026.05.02 12:35:09 INFO  Progress (4): 3.9/6.3 MB | 369/490 kB | 165 kB | 243 kB
2026.05.02 12:35:09 INFO  Progress (4): 3.9/6.3 MB | 369/490 kB | 165 kB | 243 kB
2026.05.02 12:35:09 INFO  Progress (4): 3.9/6.3 MB | 385/490 kB | 165 kB | 243 kB
2026.05.02 12:35:09 INFO  Progress (4): 3.9/6.3 MB | 401/490 kB | 165 kB | 243 kB
2026.05.02 12:35:09 INFO  Progress (4): 3.9/6.3 MB | 418/490 kB | 165 kB | 243 kB
2026.05.02 12:35:09 INFO  Progress (5): 3.9/6.3 MB | 418/490 kB | 165 kB | 243 kB | 0.9/89 kB
2026.05.02 12:35:09 INFO  Progress (5): 3.9/6.3 MB | 418/490 kB | 165 kB | 243 kB | 2.3/89 kB
2026.05.02 12:35:09 INFO  Progress (5): 3.9/6.3 MB | 418/490 kB | 165 kB | 243 kB | 3.2/89 kB
2026.05.02 12:35:09 INFO  Progress (5): 3.9/6.3 MB | 418/490 kB | 165 kB | 243 kB | 4.6/89 kB
2026.05.02 12:35:09 INFO  Progress (5): 3.9/6.3 MB | 418/490 kB | 165 kB | 243 kB | 5.9/89 kB
2026.05.02 12:35:09 INFO  Progress (5): 3.9/6.3 MB | 418/490 kB | 165 kB | 243 kB | 7.3/89 kB
2026.05.02 12:35:09 INFO  Progress (5): 3.9/6.3 MB | 418/490 kB | 165 kB | 243 kB | 8.7/89 kB
2026.05.02 12:35:09 INFO  Progress (5): 3.9/6.3 MB | 418/490 kB | 165 kB | 243 kB | 10/89 kB 
2026.05.02 12:35:09 INFO  Progress (5): 3.9/6.3 MB | 418/490 kB | 165 kB | 243 kB | 11/89 kB
2026.05.02 12:35:09 INFO  Progress (5): 3.9/6.3 MB | 418/490 kB | 165 kB | 243 kB | 13/89 kB
2026.05.02 12:35:09 INFO  Progress (5): 3.9/6.3 MB | 418/490 kB | 165 kB | 243 kB | 14/89 kB
2026.05.02 12:35:09 INFO  Progress (5): 3.9/6.3 MB | 418/490 kB | 165 kB | 243 kB | 15/89 kB
2026.05.02 12:35:09 INFO  Progress (5): 3.9/6.3 MB | 418/490 kB | 165 kB | 243 kB | 17/89 kB
2026.05.02 12:35:09 INFO  Progress (5): 3.9/6.3 MB | 418/490 kB | 165 kB | 243 kB | 18/89 kB
2026.05.02 12:35:09 INFO  Progress (5): 3.9/6.3 MB | 418/490 kB | 165 kB | 243 kB | 20/89 kB
2026.05.02 12:35:09 INFO  Progress (5): 3.9/6.3 MB | 418/490 kB | 165 kB | 243 kB | 21/89 kB
2026.05.02 12:35:09 INFO  Progress (5): 3.9/6.3 MB | 418/490 kB | 165 kB | 243 kB | 22/89 kB
2026.05.02 12:35:09 INFO  Progress (5): 3.9/6.3 MB | 418/490 kB | 165 kB | 243 kB | 24/89 kB
2026.05.02 12:35:09 INFO  Progress (5): 3.9/6.3 MB | 418/490 kB | 165 kB | 243 kB | 25/89 kB
2026.05.02 12:35:09 INFO  Progress (5): 3.9/6.3 MB | 418/490 kB | 165 kB | 243 kB | 26/89 kB
2026.05.02 12:35:09 INFO  Progress (5): 3.9/6.3 MB | 418/490 kB | 165 kB | 243 kB | 28/89 kB
2026.05.02 12:35:09 INFO  Progress (5): 3.9/6.3 MB | 418/490 kB | 165 kB | 243 kB | 29/89 kB
2026.05.02 12:35:09 INFO  Progress (5): 3.9/6.3 MB | 418/490 kB | 165 kB | 243 kB | 31/89 kB
2026.05.02 12:35:09 INFO  Progress (5): 3.9/6.3 MB | 418/490 kB | 165 kB | 243 kB | 32/89 kB
2026.05.02 12:35:09 INFO  Progress (5): 3.9/6.3 MB | 418/490 kB | 165 kB | 243 kB | 33/89 kB
2026.05.02 12:35:09 INFO  Progress (5): 3.9/6.3 MB | 418/490 kB | 165 kB | 243 kB | 35/89 kB
2026.05.02 12:35:09 INFO  Progress (5): 3.9/6.3 MB | 418/490 kB | 165 kB | 243 kB | 36/89 kB
2026.05.02 12:35:09 INFO  Progress (5): 3.9/6.3 MB | 418/490 kB | 165 kB | 243 kB | 37/89 kB
2026.05.02 12:35:09 INFO  Progress (5): 3.9/6.3 MB | 418/490 kB | 165 kB | 243 kB | 39/89 kB
2026.05.02 12:35:09 INFO  Progress (5): 3.9/6.3 MB | 418/490 kB | 165 kB | 243 kB | 40/89 kB
2026.05.02 12:35:09 INFO  Progress (5): 3.9/6.3 MB | 418/490 kB | 165 kB | 243 kB | 41/89 kB
2026.05.02 12:35:09 INFO  Progress (5): 3.9/6.3 MB | 418/490 kB | 165 kB | 243 kB | 43/89 kB
2026.05.02 12:35:09 INFO  Progress (5): 3.9/6.3 MB | 418/490 kB | 165 kB | 243 kB | 44/89 kB
2026.05.02 12:35:09 INFO  Progress (5): 3.9/6.3 MB | 418/490 kB | 165 kB | 243 kB | 46/89 kB
2026.05.02 12:35:09 INFO  Progress (5): 3.9/6.3 MB | 418/490 kB | 165 kB | 243 kB | 47/89 kB
2026.05.02 12:35:09 INFO  Progress (5): 3.9/6.3 MB | 418/490 kB | 165 kB | 243 kB | 48/89 kB
2026.05.02 12:35:09 INFO  Progress (5): 3.9/6.3 MB | 418/490 kB | 165 kB | 243 kB | 50/89 kB
2026.05.02 12:35:09 INFO  Progress (5): 3.9/6.3 MB | 418/490 kB | 165 kB | 243 kB | 51/89 kB
2026.05.02 12:35:09 INFO  Progress (5): 3.9/6.3 MB | 418/490 kB | 165 kB | 243 kB | 52/89 kB
2026.05.02 12:35:09 INFO  Progress (5): 3.9/6.3 MB | 418/490 kB | 165 kB | 243 kB | 57/89 kB
2026.05.02 12:35:09 INFO  Progress (5): 3.9/6.3 MB | 418/490 kB | 165 kB | 243 kB | 61/89 kB
2026.05.02 12:35:09 INFO                                                                    
2026.05.02 12:35:09 INFO  Downloaded from central: https://repo.maven.apache.org/maven2/org/scala-sbt/zinc-apiinfo_2.13/1.8.0/zinc-apiinfo_2.13-1.8.0.jar (165 kB at 28 kB/s)
2026.05.02 12:35:09 INFO  Downloading from central: https://repo.maven.apache.org/maven2/org/scala-lang/scala-compiler/2.13.8/scala-compiler-2.13.8.jar
2026.05.02 12:35:09 INFO  Progress (4): 3.9/6.3 MB | 434/490 kB | 243 kB | 61/89 kB
2026.05.02 12:35:09 INFO  Progress (4): 3.9/6.3 MB | 451/490 kB | 243 kB | 61/89 kB
2026.05.02 12:35:09 INFO  Progress (4): 3.9/6.3 MB | 451/490 kB | 243 kB | 61/89 kB
2026.05.02 12:35:09 INFO  Progress (4): 4.0/6.3 MB | 451/490 kB | 243 kB | 61/89 kB
2026.05.02 12:35:09 INFO  Progress (4): 4.0/6.3 MB | 451/490 kB | 243 kB | 61/89 kB
2026.05.02 12:35:09 INFO  Progress (4): 4.0/6.3 MB | 451/490 kB | 243 kB | 61/89 kB
2026.05.02 12:35:09 INFO  Progress (4): 4.0/6.3 MB | 451/490 kB | 243 kB | 61/89 kB
2026.05.02 12:35:09 INFO  Progress (4): 4.0/6.3 MB | 451/490 kB | 243 kB | 65/89 kB
2026.05.02 12:35:09 INFO  Progress (4): 4.0/6.3 MB | 451/490 kB | 243 kB | 69/89 kB
2026.05.02 12:35:09 INFO  Progress (4): 4.0/6.3 MB | 451/490 kB | 243 kB | 74/89 kB
2026.05.02 12:35:09 INFO  Progress (4): 4.0/6.3 MB | 451/490 kB | 243 kB | 78/89 kB
2026.05.02 12:35:09 INFO  Progress (4): 4.0/6.3 MB | 451/490 kB | 243 kB | 78/89 kB
2026.05.02 12:35:09 INFO  Progress (4): 4.0/6.3 MB | 451/490 kB | 243 kB | 78/89 kB
2026.05.02 12:35:09 INFO  Progress (4): 4.0/6.3 MB | 451/490 kB | 243 kB | 78/89 kB
2026.05.02 12:35:09 INFO  Progress (4): 4.1/6.3 MB | 451/490 kB | 243 kB | 78/89 kB
2026.05.02 12:35:09 INFO  Progress (4): 4.1/6.3 MB | 451/490 kB | 243 kB | 78/89 kB
2026.05.02 12:35:09 INFO  Progress (4): 4.1/6.3 MB | 451/490 kB | 243 kB | 78/89 kB
2026.05.02 12:35:09 INFO  Progress (4): 4.1/6.3 MB | 451/490 kB | 243 kB | 78/89 kB
2026.05.02 12:35:09 INFO  Progress (4): 4.1/6.3 MB | 451/490 kB | 243 kB | 78/89 kB
2026.05.02 12:35:09 INFO  Progress (4): 4.1/6.3 MB | 451/490 kB | 243 kB | 78/89 kB
2026.05.02 12:35:09 INFO  Progress (4): 4.2/6.3 MB | 451/490 kB | 243 kB | 78/89 kB
2026.05.02 12:35:09 INFO  Progress (4): 4.2/6.3 MB | 451/490 kB | 243 kB | 78/89 kB
2026.05.02 12:35:09 INFO  Progress (4): 4.2/6.3 MB | 451/490 kB | 243 kB | 82/89 kB
2026.05.02 12:35:09 INFO  Progress (4): 4.2/6.3 MB | 451/490 kB | 243 kB | 86/89 kB
2026.05.02 12:35:09 INFO  Progress (4): 4.2/6.3 MB | 451/490 kB | 243 kB | 89 kB   
2026.05.02 12:35:09 INFO  Progress (4): 4.2/6.3 MB | 467/490 kB | 243 kB | 89 kB
2026.05.02 12:35:09 INFO  Progress (4): 4.2/6.3 MB | 483/490 kB | 243 kB | 89 kB
2026.05.02 12:35:09 INFO  Progress (4): 4.2/6.3 MB | 483/490 kB | 243 kB | 89 kB
2026.05.02 12:35:09 INFO  Progress (4): 4.2/6.3 MB | 483/490 kB | 243 kB | 89 kB
2026.05.02 12:35:09 INFO                                                        
2026.05.02 12:35:09 INFO  Downloaded from central: https://repo.maven.apache.org/maven2/org/scala-sbt/compiler-bridge_2.13/1.8.0/compiler-bridge_2.13-1.8.0.jar (243 kB at 41 kB/s)
2026.05.02 12:35:09 INFO  Downloading from central: https://repo.maven.apache.org/maven2/org/scala-sbt/compiler-interface/1.8.0/compiler-interface-1.8.0.jar
2026.05.02 12:35:09 INFO  Progress (3): 4.2/6.3 MB | 483/490 kB | 89 kB
2026.05.02 12:35:09 INFO  Progress (3): 4.2/6.3 MB | 483/490 kB | 89 kB
2026.05.02 12:35:09 INFO  Progress (3): 4.3/6.3 MB | 483/490 kB | 89 kB
2026.05.02 12:35:09 INFO  Progress (3): 4.3/6.3 MB | 490 kB | 89 kB    
2026.05.02 12:35:09 INFO  Progress (3): 4.3/6.3 MB | 490 kB | 89 kB
2026.05.02 12:35:09 INFO  Progress (3): 4.3/6.3 MB | 490 kB | 89 kB
2026.05.02 12:35:09 INFO  Progress (4): 4.3/6.3 MB | 490 kB | 89 kB | 0/12 MB
2026.05.02 12:35:09 INFO  Progress (4): 4.3/6.3 MB | 490 kB | 89 kB | 0/12 MB
2026.05.02 12:35:09 INFO  Progress (4): 4.3/6.3 MB | 490 kB | 89 kB | 0/12 MB
2026.05.02 12:35:09 INFO  Progress (4): 4.3/6.3 MB | 490 kB | 89 kB | 0/12 MB
2026.05.02 12:35:09 INFO  Progress (4): 4.3/6.3 MB | 490 kB | 89 kB | 0/12 MB
2026.05.02 12:35:09 INFO  Progress (4): 4.3/6.3 MB | 490 kB | 89 kB | 0/12 MB
2026.05.02 12:35:09 INFO  Progress (4): 4.3/6.3 MB | 490 kB | 89 kB | 0/12 MB
2026.05.02 12:35:09 INFO  Progress (4): 4.3/6.3 MB | 490 kB | 89 kB | 0/12 MB
2026.05.02 12:35:09 INFO  Progress (4): 4.3/6.3 MB | 490 kB | 89 kB | 0/12 MB
2026.05.02 12:35:09 INFO  Progress (4): 4.4/6.3 MB | 490 kB | 89 kB | 0/12 MB
2026.05.02 12:35:09 INFO  Progress (4): 4.4/6.3 MB | 490 kB | 89 kB | 0/12 MB
2026.05.02 12:35:09 INFO  Progress (4): 4.4/6.3 MB | 490 kB | 89 kB | 0/12 MB
2026.05.02 12:35:09 INFO  Progress (4): 4.4/6.3 MB | 490 kB | 89 kB | 0/12 MB
2026.05.02 12:35:09 INFO  Progress (4): 4.4/6.3 MB | 490 kB | 89 kB | 0/12 MB
2026.05.02 12:35:09 INFO  Progress (4): 4.4/6.3 MB | 490 kB | 89 kB | 0/12 MB
2026.05.02 12:35:09 INFO  Progress (4): 4.4/6.3 MB | 490 kB | 89 kB | 0/12 MB
2026.05.02 12:35:09 INFO  Progress (4): 4.4/6.3 MB | 490 kB | 89 kB | 0/12 MB
2026.05.02 12:35:09 INFO  Progress (4): 4.4/6.3 MB | 490 kB | 89 kB | 0/12 MB
2026.05.02 12:35:09 INFO  Progress (4): 4.4/6.3 MB | 490 kB | 89 kB | 0/12 MB
2026.05.02 12:35:09 INFO  Progress (4): 4.5/6.3 MB | 490 kB | 89 kB | 0/12 MB
2026.05.02 12:35:09 INFO  Progress (4): 4.5/6.3 MB | 490 kB | 89 kB | 0.1/12 MB
2026.05.02 12:35:09 INFO  Progress (4): 4.5/6.3 MB | 490 kB | 89 kB | 0.1/12 MB
2026.05.02 12:35:09 INFO  Progress (4): 4.5/6.3 MB | 490 kB | 89 kB | 0.1/12 MB
2026.05.02 12:35:09 INFO  Progress (4): 4.5/6.3 MB | 490 kB | 89 kB | 0.1/12 MB
2026.05.02 12:35:09 INFO  Progress (4): 4.5/6.3 MB | 490 kB | 89 kB | 0.1/12 MB
2026.05.02 12:35:09 INFO  Progress (4): 4.5/6.3 MB | 490 kB | 89 kB | 0.1/12 MB
2026.05.02 12:35:09 INFO  Progress (4): 4.5/6.3 MB | 490 kB | 89 kB | 0.1/12 MB
2026.05.02 12:35:09 INFO  Progress (4): 4.6/6.3 MB | 490 kB | 89 kB | 0.1/12 MB
2026.05.02 12:35:09 INFO  Progress (4): 4.6/6.3 MB | 490 kB | 89 kB | 0.1/12 MB
2026.05.02 12:35:09 INFO  Progress (4): 4.6/6.3 MB | 490 kB | 89 kB | 0.1/12 MB
2026.05.02 12:35:09 INFO  Progress (4): 4.6/6.3 MB | 490 kB | 89 kB | 0.1/12 MB
2026.05.02 12:35:09 INFO  Progress (4): 4.6/6.3 MB | 490 kB | 89 kB | 0.1/12 MB
2026.05.02 12:35:09 INFO  Progress (4): 4.6/6.3 MB | 490 kB | 89 kB | 0.1/12 MB
2026.05.02 12:35:09 INFO  Progress (4): 4.7/6.3 MB | 490 kB | 89 kB | 0.1/12 MB
2026.05.02 12:35:09 INFO  Progress (4): 4.7/6.3 MB | 490 kB | 89 kB | 0.1/12 MB
2026.05.02 12:35:09 INFO  Progress (4): 4.7/6.3 MB | 490 kB | 89 kB | 0.1/12 MB
2026.05.02 12:35:09 INFO  Progress (4): 4.7/6.3 MB | 490 kB | 89 kB | 0.1/12 MB
2026.05.02 12:35:09 INFO  Progress (4): 4.7/6.3 MB | 490 kB | 89 kB | 0.1/12 MB
2026.05.02 12:35:09 INFO  Progress (4): 4.7/6.3 MB | 490 kB | 89 kB | 0.1/12 MB
2026.05.02 12:35:09 INFO  Progress (4): 4.8/6.3 MB | 490 kB | 89 kB | 0.1/12 MB
2026.05.02 12:35:09 INFO  Progress (4): 4.8/6.3 MB | 490 kB | 89 kB | 0.1/12 MB
2026.05.02 12:35:09 INFO  Progress (4): 4.8/6.3 MB | 490 kB | 89 kB | 0.1/12 MB
2026.05.02 12:35:09 INFO  Progress (5): 4.8/6.3 MB | 490 kB | 89 kB | 0.1/12 MB | 3.8/112 kB
2026.05.02 12:35:09 INFO  Progress (5): 4.8/6.3 MB | 490 kB | 89 kB | 0.1/12 MB | 8.0/112 kB
2026.05.02 12:35:09 INFO  Progress (5): 4.8/6.3 MB | 490 kB | 89 kB | 0.1/12 MB | 8.2/112 kB
2026.05.02 12:35:09 INFO  Progress (5): 4.8/6.3 MB | 490 kB | 89 kB | 0.1/12 MB | 12/112 kB 
2026.05.02 12:35:09 INFO  Progress (5): 4.8/6.3 MB | 490 kB | 89 kB | 0.1/12 MB | 17/112 kB
2026.05.02 12:35:09 INFO  Progress (5): 4.8/6.3 MB | 490 kB | 89 kB | 0.1/12 MB | 21/112 kB
2026.05.02 12:35:09 INFO  Progress (5): 4.8/6.3 MB | 490 kB | 89 kB | 0.1/12 MB | 21/112 kB
2026.05.02 12:35:09 INFO  Progress (5): 4.8/6.3 MB | 490 kB | 89 kB | 0.1/12 MB | 21/112 kB
2026.05.02 12:35:09 INFO  Progress (5): 4.8/6.3 MB | 490 kB | 89 kB | 0.1/12 MB | 25/112 kB
2026.05.02 12:35:09 INFO  Progress (5): 4.8/6.3 MB | 490 kB | 89 kB | 0.1/12 MB | 29/112 kB
2026.05.02 12:35:09 INFO  Progress (5): 4.8/6.3 MB | 490 kB | 89 kB | 0.1/12 MB | 33/112 kB
2026.05.02 12:35:09 INFO  Progress (5): 4.8/6.3 MB | 490 kB | 89 kB | 0.1/12 MB | 37/112 kB
2026.05.02 12:35:09 INFO  Progress (5): 4.8/6.3 MB | 490 kB | 89 kB | 0.1/12 MB | 41/112 kB
2026.05.02 12:35:09 INFO  Progress (5): 4.8/6.3 MB | 490 kB | 89 kB | 0.1/12 MB | 45/112 kB
2026.05.02 12:35:09 INFO  Progress (5): 4.8/6.3 MB | 490 kB | 89 kB | 0.1/12 MB | 50/112 kB
2026.05.02 12:35:09 INFO  Progress (5): 4.8/6.3 MB | 490 kB | 89 kB | 0.1/12 MB | 54/112 kB
2026.05.02 12:35:09 INFO  Progress (5): 4.8/6.3 MB | 490 kB | 89 kB | 0.1/12 MB | 57/112 kB
2026.05.02 12:35:09 INFO  Progress (5): 4.8/6.3 MB | 490 kB | 89 kB | 0.1/12 MB | 62/112 kB
2026.05.02 12:35:09 INFO  Progress (5): 4.8/6.3 MB | 490 kB | 89 kB | 0.1/12 MB | 66/112 kB
2026.05.02 12:35:09 INFO  Progress (5): 4.8/6.3 MB | 490 kB | 89 kB | 0.1/12 MB | 70/112 kB
2026.05.02 12:35:09 INFO  Progress (5): 4.8/6.3 MB | 490 kB | 89 kB | 0.1/12 MB | 74/112 kB
2026.05.02 12:35:09 INFO  Progress (5): 4.8/6.3 MB | 490 kB | 89 kB | 0.1/12 MB | 78/112 kB
2026.05.02 12:35:09 INFO  Progress (5): 4.8/6.3 MB | 490 kB | 89 kB | 0.1/12 MB | 82/112 kB
2026.05.02 12:35:09 INFO  Progress (5): 4.8/6.3 MB | 490 kB | 89 kB | 0.1/12 MB | 86/112 kB
2026.05.02 12:35:09 INFO  Progress (5): 4.8/6.3 MB | 490 kB | 89 kB | 0.1/12 MB | 86/112 kB
2026.05.02 12:35:09 INFO  Progress (5): 4.8/6.3 MB | 490 kB | 89 kB | 0.1/12 MB | 90/112 kB
2026.05.02 12:35:09 INFO  Progress (5): 4.8/6.3 MB | 490 kB | 89 kB | 0.1/12 MB | 95/112 kB
2026.05.02 12:35:09 INFO  Progress (5): 4.8/6.3 MB | 490 kB | 89 kB | 0.1/12 MB | 99/112 kB
2026.05.02 12:35:09 INFO  Progress (5): 4.8/6.3 MB | 490 kB | 89 kB | 0.1/12 MB | 103/112 kB
2026.05.02 12:35:09 INFO  Progress (5): 4.8/6.3 MB | 490 kB | 89 kB | 0.1/12 MB | 103/112 kB
2026.05.02 12:35:09 INFO  Progress (5): 4.8/6.3 MB | 490 kB | 89 kB | 0.1/12 MB | 103/112 kB
2026.05.02 12:35:09 INFO  Progress (5): 4.8/6.3 MB | 490 kB | 89 kB | 0.1/12 MB | 103/112 kB
2026.05.02 12:35:09 INFO  Progress (5): 4.8/6.3 MB | 490 kB | 89 kB | 0.1/12 MB | 103/112 kB
2026.05.02 12:35:09 INFO  Progress (5): 4.8/6.3 MB | 490 kB | 89 kB | 0.1/12 MB | 103/112 kB
2026.05.02 12:35:09 INFO  Progress (5): 4.8/6.3 MB | 490 kB | 89 kB | 0.1/12 MB | 103/112 kB
2026.05.02 12:35:09 INFO  Progress (5): 4.9/6.3 MB | 490 kB | 89 kB | 0.1/12 MB | 103/112 kB
2026.05.02 12:35:09 INFO  Progress (5): 4.9/6.3 MB | 490 kB | 89 kB | 0.1/12 MB | 103/112 kB
2026.05.02 12:35:09 INFO  Progress (5): 4.9/6.3 MB | 490 kB | 89 kB | 0.1/12 MB | 103/112 kB
2026.05.02 12:35:09 INFO  Progress (5): 4.9/6.3 MB | 490 kB | 89 kB | 0.1/12 MB | 103/112 kB
2026.05.02 12:35:09 INFO  Progress (5): 4.9/6.3 MB | 490 kB | 89 kB | 0.1/12 MB | 103/112 kB
2026.05.02 12:35:09 INFO  Progress (5): 4.9/6.3 MB | 490 kB | 89 kB | 0.1/12 MB | 103/112 kB
2026.05.02 12:35:09 INFO  Progress (5): 4.9/6.3 MB | 490 kB | 89 kB | 0.1/12 MB | 103/112 kB
2026.05.02 12:35:09 INFO  Progress (5): 5.0/6.3 MB | 490 kB | 89 kB | 0.1/12 MB | 103/112 kB
2026.05.02 12:35:09 INFO  Progress (5): 5.0/6.3 MB | 490 kB | 89 kB | 0.1/12 MB | 103/112 kB
2026.05.02 12:35:09 INFO  Progress (5): 5.0/6.3 MB | 490 kB | 89 kB | 0.1/12 MB | 103/112 kB
2026.05.02 12:35:09 INFO  Progress (5): 5.0/6.3 MB | 490 kB | 89 kB | 0.1/12 MB | 103/112 kB
2026.05.02 12:35:09 INFO  Progress (5): 5.0/6.3 MB | 490 kB | 89 kB | 0.1/12 MB | 103/112 kB
2026.05.02 12:35:09 INFO  Progress (5): 5.0/6.3 MB | 490 kB | 89 kB | 0.1/12 MB | 103/112 kB
2026.05.02 12:35:09 INFO  Progress (5): 5.0/6.3 MB | 490 kB | 89 kB | 0.1/12 MB | 103/112 kB
2026.05.02 12:35:09 INFO  Progress (5): 5.0/6.3 MB | 490 kB | 89 kB | 0.1/12 MB | 103/112 kB
2026.05.02 12:35:09 INFO  Progress (5): 5.1/6.3 MB | 490 kB | 89 kB | 0.1/12 MB | 103/112 kB
2026.05.02 12:35:09 INFO  Progress (5): 5.1/6.3 MB | 490 kB | 89 kB | 0.1/12 MB | 103/112 kB
2026.05.02 12:35:09 INFO  Progress (5): 5.1/6.3 MB | 490 kB | 89 kB | 0.1/12 MB | 103/112 kB
2026.05.02 12:35:09 INFO  Progress (5): 5.1/6.3 MB | 490 kB | 89 kB | 0.1/12 MB | 103/112 kB
2026.05.02 12:35:09 INFO  Progress (5): 5.1/6.3 MB | 490 kB | 89 kB | 0.1/12 MB | 103/112 kB
2026.05.02 12:35:09 INFO  Progress (5): 5.1/6.3 MB | 490 kB | 89 kB | 0.1/12 MB | 103/112 kB
2026.05.02 12:35:09 INFO  Progress (5): 5.2/6.3 MB | 490 kB | 89 kB | 0.1/12 MB | 103/112 kB
2026.05.02 12:35:09 INFO  Progress (5): 5.2/6.3 MB | 490 kB | 89 kB | 0.1/12 MB | 103/112 kB
2026.05.02 12:35:09 INFO  Progress (5): 5.2/6.3 MB | 490 kB | 89 kB | 0.1/12 MB | 103/112 kB
2026.05.02 12:35:09 INFO  Progress (5): 5.2/6.3 MB | 490 kB | 89 kB | 0.2/12 MB | 103/112 kB
2026.05.02 12:35:09 INFO  Progress (5): 5.2/6.3 MB | 490 kB | 89 kB | 0.2/12 MB | 103/112 kB
2026.05.02 12:35:09 INFO  Progress (5): 5.2/6.3 MB | 490 kB | 89 kB | 0.2/12 MB | 103/112 kB
2026.05.02 12:35:09 INFO  Progress (5): 5.2/6.3 MB | 490 kB | 89 kB | 0.2/12 MB | 103/112 kB
2026.05.02 12:35:09 INFO  Progress (5): 5.3/6.3 MB | 490 kB | 89 kB | 0.2/12 MB | 103/112 kB
2026.05.02 12:35:09 INFO  Progress (5): 5.3/6.3 MB | 490 kB | 89 kB | 0.2/12 MB | 103/112 kB
2026.05.02 12:35:09 INFO  Progress (5): 5.3/6.3 MB | 490 kB | 89 kB | 0.2/12 MB | 103/112 kB
2026.05.02 12:35:09 INFO  Progress (5): 5.3/6.3 MB | 490 kB | 89 kB | 0.2/12 MB | 103/112 kB
2026.05.02 12:35:09 INFO  Progress (5): 5.3/6.3 MB | 490 kB | 89 kB | 0.2/12 MB | 103/112 kB
2026.05.02 12:35:09 INFO  Progress (5): 5.3/6.3 MB | 490 kB | 89 kB | 0.2/12 MB | 103/112 kB
2026.05.02 12:35:09 INFO  Progress (5): 5.3/6.3 MB | 490 kB | 89 kB | 0.2/12 MB | 107/112 kB
2026.05.02 12:35:09 INFO  Progress (5): 5.3/6.3 MB | 490 kB | 89 kB | 0.2/12 MB | 112/112 kB
2026.05.02 12:35:09 INFO  Progress (5): 5.3/6.3 MB | 490 kB | 89 kB | 0.2/12 MB | 112 kB    
2026.05.02 12:35:09 INFO  Progress (5): 5.3/6.3 MB | 490 kB | 89 kB | 0.2/12 MB | 112 kB
2026.05.02 12:35:09 INFO  Progress (5): 5.4/6.3 MB | 490 kB | 89 kB | 0.2/12 MB | 112 kB
2026.05.02 12:35:09 INFO  Progress (5): 5.4/6.3 MB | 490 kB | 89 kB | 0.2/12 MB | 112 kB
2026.05.02 12:35:09 INFO  Progress (5): 5.4/6.3 MB | 490 kB | 89 kB | 0.2/12 MB | 112 kB
2026.05.02 12:35:09 INFO  Progress (5): 5.4/6.3 MB | 490 kB | 89 kB | 0.2/12 MB | 112 kB
2026.05.02 12:35:09 INFO  Progress (5): 5.4/6.3 MB | 490 kB | 89 kB | 0.2/12 MB | 112 kB
2026.05.02 12:35:09 INFO  Progress (5): 5.4/6.3 MB | 490 kB | 89 kB | 0.2/12 MB | 112 kB
2026.05.02 12:35:09 INFO  Progress (5): 5.4/6.3 MB | 490 kB | 89 kB | 0.2/12 MB | 112 kB
2026.05.02 12:35:09 INFO  Progress (5): 5.5/6.3 MB | 490 kB | 89 kB | 0.2/12 MB | 112 kB
2026.05.02 12:35:09 INFO  Progress (5): 5.5/6.3 MB | 490 kB | 89 kB | 0.2/12 MB | 112 kB
2026.05.02 12:35:09 INFO  Progress (5): 5.5/6.3 MB | 490 kB | 89 kB | 0.2/12 MB | 112 kB
2026.05.02 12:35:09 INFO  Progress (5): 5.5/6.3 MB | 490 kB | 89 kB | 0.2/12 MB | 112 kB
2026.05.02 12:35:09 INFO  Progress (5): 5.5/6.3 MB | 490 kB | 89 kB | 0.2/12 MB | 112 kB
2026.05.02 12:35:09 INFO  Progress (5): 5.5/6.3 MB | 490 kB | 89 kB | 0.2/12 MB | 112 kB
2026.05.02 12:35:09 INFO  Progress (5): 5.5/6.3 MB | 490 kB | 89 kB | 0.2/12 MB | 112 kB
2026.05.02 12:35:09 INFO  Progress (5): 5.5/6.3 MB | 490 kB | 89 kB | 0.2/12 MB | 112 kB
2026.05.02 12:35:09 INFO  Progress (5): 5.5/6.3 MB | 490 kB | 89 kB | 0.2/12 MB | 112 kB
2026.05.02 12:35:09 INFO  Progress (5): 5.6/6.3 MB | 490 kB | 89 kB | 0.2/12 MB | 112 kB
2026.05.02 12:35:09 INFO  Progress (5): 5.6/6.3 MB | 490 kB | 89 kB | 0.2/12 MB | 112 kB
2026.05.02 12:35:09 INFO  Progress (5): 5.6/6.3 MB | 490 kB | 89 kB | 0.2/12 MB | 112 kB
2026.05.02 12:35:09 INFO  Progress (5): 5.6/6.3 MB | 490 kB | 89 kB | 0.2/12 MB | 112 kB
2026.05.02 12:35:09 INFO  Progress (5): 5.6/6.3 MB | 490 kB | 89 kB | 0.2/12 MB | 112 kB
2026.05.02 12:35:09 INFO  Progress (5): 5.6/6.3 MB | 490 kB | 89 kB | 0.2/12 MB | 112 kB
2026.05.02 12:35:09 INFO  Progress (5): 5.6/6.3 MB | 490 kB | 89 kB | 0.2/12 MB | 112 kB
2026.05.02 12:35:09 INFO  Progress (5): 5.7/6.3 MB | 490 kB | 89 kB | 0.2/12 MB | 112 kB
2026.05.02 12:35:09 INFO  Progress (5): 5.7/6.3 MB | 490 kB | 89 kB | 0.2/12 MB | 112 kB
2026.05.02 12:35:09 INFO  Progress (5): 5.7/6.3 MB | 490 kB | 89 kB | 0.2/12 MB | 112 kB
2026.05.02 12:35:09 INFO  Progress (5): 5.7/6.3 MB | 490 kB | 89 kB | 0.2/12 MB | 112 kB
2026.05.02 12:35:09 INFO  Progress (5): 5.7/6.3 MB | 490 kB | 89 kB | 0.2/12 MB | 112 kB
2026.05.02 12:35:09 INFO  Progress (5): 5.7/6.3 MB | 490 kB | 89 kB | 0.2/12 MB | 112 kB
2026.05.02 12:35:09 INFO  Progress (5): 5.8/6.3 MB | 490 kB | 89 kB | 0.2/12 MB | 112 kB
2026.05.02 12:35:09 INFO  Progress (5): 5.8/6.3 MB | 490 kB | 89 kB | 0.2/12 MB | 112 kB
2026.05.02 12:35:09 INFO  Progress (5): 5.8/6.3 MB | 490 kB | 89 kB | 0.2/12 MB | 112 kB
2026.05.02 12:35:09 INFO  Progress (5): 5.8/6.3 MB | 490 kB | 89 kB | 0.3/12 MB | 112 kB
2026.05.02 12:35:09 INFO  Progress (5): 5.8/6.3 MB | 490 kB | 89 kB | 0.3/12 MB | 112 kB
2026.05.02 12:35:09 INFO  Progress (5): 5.8/6.3 MB | 490 kB | 89 kB | 0.3/12 MB | 112 kB
2026.05.02 12:35:09 INFO  Progress (5): 5.8/6.3 MB | 490 kB | 89 kB | 0.3/12 MB | 112 kB
2026.05.02 12:35:09 INFO  Progress (5): 5.8/6.3 MB | 490 kB | 89 kB | 0.3/12 MB | 112 kB
2026.05.02 12:35:09 INFO  Progress (5): 5.8/6.3 MB | 490 kB | 89 kB | 0.3/12 MB | 112 kB
2026.05.02 12:35:09 INFO                                                                
2026.05.02 12:35:09 INFO  Downloaded from central: https://repo.maven.apache.org/maven2/org/scala-sbt/zinc-core_2.13/1.8.0/zinc-core_2.13-1.8.0.jar (490 kB at 79 kB/s)
2026.05.02 12:35:09 INFO  Downloading from central: https://repo.maven.apache.org/maven2/org/scala-sbt/util-interface/1.8.0/util-interface-1.8.0.jar
2026.05.02 12:35:09 INFO  Progress (4): 5.8/6.3 MB | 89 kB | 0.4/12 MB | 112 kB
2026.05.02 12:35:09 INFO  Progress (4): 5.8/6.3 MB | 89 kB | 0.4/12 MB | 112 kB
2026.05.02 12:35:09 INFO  Progress (4): 5.8/6.3 MB | 89 kB | 0.4/12 MB | 112 kB
2026.05.02 12:35:09 INFO  Progress (4): 5.8/6.3 MB | 89 kB | 0.4/12 MB | 112 kB
2026.05.02 12:35:09 INFO  Progress (4): 5.8/6.3 MB | 89 kB | 0.4/12 MB | 112 kB
2026.05.02 12:35:09 INFO  Progress (4): 5.8/6.3 MB | 89 kB | 0.4/12 MB | 112 kB
2026.05.02 12:35:09 INFO  Progress (4): 5.8/6.3 MB | 89 kB | 0.4/12 MB | 112 kB
2026.05.02 12:35:09 INFO  Progress (4): 5.8/6.3 MB | 89 kB | 0.4/12 MB | 112 kB
2026.05.02 12:35:09 INFO  Progress (4): 5.8/6.3 MB | 89 kB | 0.4/12 MB | 112 kB
2026.05.02 12:35:09 INFO  Progress (4): 5.8/6.3 MB | 89 kB | 0.4/12 MB | 112 kB
2026.05.02 12:35:09 INFO  Progress (4): 5.9/6.3 MB | 89 kB | 0.4/12 MB | 112 kB
2026.05.02 12:35:09 INFO  Progress (4): 5.9/6.3 MB | 89 kB | 0.4/12 MB | 112 kB
2026.05.02 12:35:09 INFO  Progress (4): 5.9/6.3 MB | 89 kB | 0.4/12 MB | 112 kB
2026.05.02 12:35:09 INFO  Progress (4): 5.9/6.3 MB | 89 kB | 0.4/12 MB | 112 kB
2026.05.02 12:35:09 INFO  Progress (4): 5.9/6.3 MB | 89 kB | 0.4/12 MB | 112 kB
2026.05.02 12:35:09 INFO  Progress (4): 5.9/6.3 MB | 89 kB | 0.4/12 MB | 112 kB
2026.05.02 12:35:09 INFO  Progress (4): 6.0/6.3 MB | 89 kB | 0.4/12 MB | 112 kB
2026.05.02 12:35:09 INFO  Progress (4): 6.0/6.3 MB | 89 kB | 0.4/12 MB | 112 kB
2026.05.02 12:35:09 INFO  Progress (4): 6.0/6.3 MB | 89 kB | 0.5/12 MB | 112 kB
2026.05.02 12:35:09 INFO  Progress (4): 6.0/6.3 MB | 89 kB | 0.5/12 MB | 112 kB
2026.05.02 12:35:09 INFO  Progress (4): 6.0/6.3 MB | 89 kB | 0.5/12 MB | 112 kB
2026.05.02 12:35:09 INFO  Progress (4): 6.0/6.3 MB | 89 kB | 0.5/12 MB | 112 kB
2026.05.02 12:35:09 INFO  Progress (4): 6.0/6.3 MB | 89 kB | 0.5/12 MB | 112 kB
2026.05.02 12:35:09 INFO  Progress (4): 6.0/6.3 MB | 89 kB | 0.5/12 MB | 112 kB
2026.05.02 12:35:09 INFO  Progress (4): 6.0/6.3 MB | 89 kB | 0.5/12 MB | 112 kB
2026.05.02 12:35:09 INFO  Progress (4): 6.0/6.3 MB | 89 kB | 0.5/12 MB | 112 kB
2026.05.02 12:35:09 INFO  Progress (4): 6.0/6.3 MB | 89 kB | 0.5/12 MB | 112 kB
2026.05.02 12:35:09 INFO  Progress (4): 6.0/6.3 MB | 89 kB | 0.5/12 MB | 112 kB
2026.05.02 12:35:09 INFO  Progress (4): 6.0/6.3 MB | 89 kB | 0.5/12 MB | 112 kB
2026.05.02 12:35:09 INFO  Progress (4): 6.1/6.3 MB | 89 kB | 0.5/12 MB | 112 kB
2026.05.02 12:35:09 INFO  Progress (4): 6.1/6.3 MB | 89 kB | 0.5/12 MB | 112 kB
2026.05.02 12:35:09 INFO  Progress (4): 6.1/6.3 MB | 89 kB | 0.5/12 MB | 112 kB
2026.05.02 12:35:09 INFO  Progress (4): 6.1/6.3 MB | 89 kB | 0.5/12 MB | 112 kB
2026.05.02 12:35:09 INFO  Progress (4): 6.1/6.3 MB | 89 kB | 0.5/12 MB | 112 kB
2026.05.02 12:35:09 INFO  Progress (4): 6.1/6.3 MB | 89 kB | 0.5/12 MB | 112 kB
2026.05.02 12:35:09 INFO  Progress (4): 6.2/6.3 MB | 89 kB | 0.5/12 MB | 112 kB
2026.05.02 12:35:09 INFO  Progress (4): 6.2/6.3 MB | 89 kB | 0.5/12 MB | 112 kB
2026.05.02 12:35:09 INFO  Progress (4): 6.2/6.3 MB | 89 kB | 0.6/12 MB | 112 kB
2026.05.02 12:35:09 INFO  Progress (4): 6.2/6.3 MB | 89 kB | 0.6/12 MB | 112 kB
2026.05.02 12:35:09 INFO  Progress (5): 6.2/6.3 MB | 89 kB | 0.6/12 MB | 112 kB | 3.3 kB
2026.05.02 12:35:09 INFO  Progress (5): 6.2/6.3 MB | 89 kB | 0.6/12 MB | 112 kB | 3.3 kB
2026.05.02 12:35:09 INFO  Progress (5): 6.2/6.3 MB | 89 kB | 0.6/12 MB | 112 kB | 3.3 kB
2026.05.02 12:35:09 INFO  Progress (5): 6.2/6.3 MB | 89 kB | 0.6/12 MB | 112 kB | 3.3 kB
2026.05.02 12:35:09 INFO  Progress (5): 6.2/6.3 MB | 89 kB | 0.6/12 MB | 112 kB | 3.3 kB
2026.05.02 12:35:09 INFO  Progress (5): 6.2/6.3 MB | 89 kB | 0.6/12 MB | 112 kB | 3.3 kB
2026.05.02 12:35:09 INFO  Progress (5): 6.3/6.3 MB | 89 kB | 0.6/12 MB | 112 kB | 3.3 kB
2026.05.02 12:35:09 INFO  Progress (5): 6.3/6.3 MB | 89 kB | 0.6/12 MB | 112 kB | 3.3 kB
2026.05.02 12:35:09 INFO  Progress (5): 6.3/6.3 MB | 89 kB | 0.6/12 MB | 112 kB | 3.3 kB
2026.05.02 12:35:09 INFO  Progress (5): 6.3/6.3 MB | 89 kB | 0.6/12 MB | 112 kB | 3.3 kB
2026.05.02 12:35:09 INFO  Progress (5): 6.3/6.3 MB | 89 kB | 0.6/12 MB | 112 kB | 3.3 kB
2026.05.02 12:35:09 INFO  Progress (5): 6.3/6.3 MB | 89 kB | 0.6/12 MB | 112 kB | 3.3 kB
2026.05.02 12:35:09 INFO  Progress (5): 6.3 MB | 89 kB | 0.6/12 MB | 112 kB | 3.3 kB    
2026.05.02 12:35:09 INFO  Progress (5): 6.3 MB | 89 kB | 0.6/12 MB | 112 kB | 3.3 kB
2026.05.02 12:35:09 INFO  Progress (5): 6.3 MB | 89 kB | 0.7/12 MB | 112 kB | 3.3 kB
2026.05.02 12:35:09 INFO  Progress (5): 6.3 MB | 89 kB | 0.7/12 MB | 112 kB | 3.3 kB
2026.05.02 12:35:09 INFO  Progress (5): 6.3 MB | 89 kB | 0.7/12 MB | 112 kB | 3.3 kB
2026.05.02 12:35:09 INFO  Progress (5): 6.3 MB | 89 kB | 0.7/12 MB | 112 kB | 3.3 kB
2026.05.02 12:35:09 INFO  Progress (5): 6.3 MB | 89 kB | 0.7/12 MB | 112 kB | 3.3 kB
2026.05.02 12:35:09 INFO  Progress (5): 6.3 MB | 89 kB | 0.7/12 MB | 112 kB | 3.3 kB
2026.05.02 12:35:09 INFO  Progress (5): 6.3 MB | 89 kB | 0.8/12 MB | 112 kB | 3.3 kB
2026.05.02 12:35:09 INFO  Progress (5): 6.3 MB | 89 kB | 0.8/12 MB | 112 kB | 3.3 kB
2026.05.02 12:35:09 INFO  Progress (5): 6.3 MB | 89 kB | 0.8/12 MB | 112 kB | 3.3 kB
2026.05.02 12:35:09 INFO  Progress (5): 6.3 MB | 89 kB | 0.8/12 MB | 112 kB | 3.3 kB
2026.05.02 12:35:09 INFO  Progress (5): 6.3 MB | 89 kB | 0.8/12 MB | 112 kB | 3.3 kB
2026.05.02 12:35:09 INFO  Progress (5): 6.3 MB | 89 kB | 0.8/12 MB | 112 kB | 3.3 kB
2026.05.02 12:35:09 INFO  Progress (5): 6.3 MB | 89 kB | 0.8/12 MB | 112 kB | 3.3 kB
2026.05.02 12:35:09 INFO  Progress (5): 6.3 MB | 89 kB | 0.9/12 MB | 112 kB | 3.3 kB
2026.05.02 12:35:09 INFO  Progress (5): 6.3 MB | 89 kB | 0.9/12 MB | 112 kB | 3.3 kB
2026.05.02 12:35:09 INFO  Progress (5): 6.3 MB | 89 kB | 0.9/12 MB | 112 kB | 3.3 kB
2026.05.02 12:35:09 INFO  Progress (5): 6.3 MB | 89 kB | 0.9/12 MB | 112 kB | 3.3 kB
2026.05.02 12:35:09 INFO  Progress (5): 6.3 MB | 89 kB | 0.9/12 MB | 112 kB | 3.3 kB
2026.05.02 12:35:09 INFO  Progress (5): 6.3 MB | 89 kB | 0.9/12 MB | 112 kB | 3.3 kB
2026.05.02 12:35:09 INFO  Progress (5): 6.3 MB | 89 kB | 1.0/12 MB | 112 kB | 3.3 kB
2026.05.02 12:35:09 INFO  Progress (5): 6.3 MB | 89 kB | 1.0/12 MB | 112 kB | 3.3 kB
2026.05.02 12:35:09 INFO  Progress (5): 6.3 MB | 89 kB | 1.0/12 MB | 112 kB | 3.3 kB
2026.05.02 12:35:09 INFO  Progress (5): 6.3 MB | 89 kB | 1.0/12 MB | 112 kB | 3.3 kB
2026.05.02 12:35:09 INFO  Progress (5): 6.3 MB | 89 kB | 1.0/12 MB | 112 kB | 3.3 kB
2026.05.02 12:35:09 INFO  Progress (5): 6.3 MB | 89 kB | 1.0/12 MB | 112 kB | 3.3 kB
2026.05.02 12:35:09 INFO  Progress (5): 6.3 MB | 89 kB | 1.1/12 MB | 112 kB | 3.3 kB
2026.05.02 12:35:09 INFO  Progress (5): 6.3 MB | 89 kB | 1.1/12 MB | 112 kB | 3.3 kB
2026.05.02 12:35:09 INFO  Progress (5): 6.3 MB | 89 kB | 1.1/12 MB | 112 kB | 3.3 kB
2026.05.02 12:35:09 INFO  Progress (5): 6.3 MB | 89 kB | 1.1/12 MB | 112 kB | 3.3 kB
2026.05.02 12:35:09 INFO  Progress (5): 6.3 MB | 89 kB | 1.1/12 MB | 112 kB | 3.3 kB
2026.05.02 12:35:09 INFO  Progress (5): 6.3 MB | 89 kB | 1.1/12 MB | 112 kB | 3.3 kB
2026.05.02 12:35:09 INFO  Progress (5): 6.3 MB | 89 kB | 1.2/12 MB | 112 kB | 3.3 kB
2026.05.02 12:35:09 INFO  Progress (5): 6.3 MB | 89 kB | 1.2/12 MB | 112 kB | 3.3 kB
2026.05.02 12:35:09 INFO  Progress (5): 6.3 MB | 89 kB | 1.2/12 MB | 112 kB | 3.3 kB
2026.05.02 12:35:09 INFO  Progress (5): 6.3 MB | 89 kB | 1.2/12 MB | 112 kB | 3.3 kB
2026.05.02 12:35:09 INFO  Progress (5): 6.3 MB | 89 kB | 1.2/12 MB | 112 kB | 3.3 kB
2026.05.02 12:35:09 INFO  Progress (5): 6.3 MB | 89 kB | 1.2/12 MB | 112 kB | 3.3 kB
2026.05.02 12:35:09 INFO  Progress (5): 6.3 MB | 89 kB | 1.3/12 MB | 112 kB | 3.3 kB
2026.05.02 12:35:09 INFO  Progress (5): 6.3 MB | 89 kB | 1.3/12 MB | 112 kB | 3.3 kB
2026.05.02 12:35:09 INFO  Progress (5): 6.3 MB | 89 kB | 1.3/12 MB | 112 kB | 3.3 kB
2026.05.02 12:35:09 INFO  Progress (5): 6.3 MB | 89 kB | 1.3/12 MB | 112 kB | 3.3 kB
2026.05.02 12:35:09 INFO  Progress (5): 6.3 MB | 89 kB | 1.3/12 MB | 112 kB | 3.3 kB
2026.05.02 12:35:09 INFO  Progress (5): 6.3 MB | 89 kB | 1.3/12 MB | 112 kB | 3.3 kB
2026.05.02 12:35:09 INFO  Progress (5): 6.3 MB | 89 kB | 1.4/12 MB | 112 kB | 3.3 kB
2026.05.02 12:35:09 INFO  Progress (5): 6.3 MB | 89 kB | 1.4/12 MB | 112 kB | 3.3 kB
2026.05.02 12:35:09 INFO  Progress (5): 6.3 MB | 89 kB | 1.4/12 MB | 112 kB | 3.3 kB
2026.05.02 12:35:09 INFO  Progress (5): 6.3 MB | 89 kB | 1.4/12 MB | 112 kB | 3.3 kB
2026.05.02 12:35:09 INFO  Progress (5): 6.3 MB | 89 kB | 1.4/12 MB | 112 kB | 3.3 kB
2026.05.02 12:35:09 INFO  Progress (5): 6.3 MB | 89 kB | 1.4/12 MB | 112 kB | 3.3 kB
2026.05.02 12:35:09 INFO  Progress (5): 6.3 MB | 89 kB | 1.5/12 MB | 112 kB | 3.3 kB
2026.05.02 12:35:09 INFO  Progress (5): 6.3 MB | 89 kB | 1.5/12 MB | 112 kB | 3.3 kB
2026.05.02 12:35:09 INFO  Progress (5): 6.3 MB | 89 kB | 1.5/12 MB | 112 kB | 3.3 kB
2026.05.02 12:35:09 INFO  Progress (5): 6.3 MB | 89 kB | 1.5/12 MB | 112 kB | 3.3 kB
2026.05.02 12:35:09 INFO  Progress (5): 6.3 MB | 89 kB | 1.5/12 MB | 112 kB | 3.3 kB
2026.05.02 12:35:09 INFO  Progress (5): 6.3 MB | 89 kB | 1.5/12 MB | 112 kB | 3.3 kB
2026.05.02 12:35:09 INFO  Progress (5): 6.3 MB | 89 kB | 1.6/12 MB | 112 kB | 3.3 kB
2026.05.02 12:35:09 INFO  Progress (5): 6.3 MB | 89 kB | 1.6/12 MB | 112 kB | 3.3 kB
2026.05.02 12:35:09 INFO  Progress (5): 6.3 MB | 89 kB | 1.6/12 MB | 112 kB | 3.3 kB
2026.05.02 12:35:09 INFO  Progress (5): 6.3 MB | 89 kB | 1.6/12 MB | 112 kB | 3.3 kB
2026.05.02 12:35:09 INFO  Progress (5): 6.3 MB | 89 kB | 1.6/12 MB | 112 kB | 3.3 kB
2026.05.02 12:35:09 INFO  Progress (5): 6.3 MB | 89 kB | 1.6/12 MB | 112 kB | 3.3 kB
2026.05.02 12:35:09 INFO  Progress (5): 6.3 MB | 89 kB | 1.6/12 MB | 112 kB | 3.3 kB
2026.05.02 12:35:09 INFO  Progress (5): 6.3 MB | 89 kB | 1.7/12 MB | 112 kB | 3.3 kB
2026.05.02 12:35:09 INFO  Progress (5): 6.3 MB | 89 kB | 1.7/12 MB | 112 kB | 3.3 kB
2026.05.02 12:35:09 INFO  Progress (5): 6.3 MB | 89 kB | 1.7/12 MB | 112 kB | 3.3 kB
2026.05.02 12:35:09 INFO  Progress (5): 6.3 MB | 89 kB | 1.7/12 MB | 112 kB | 3.3 kB
2026.05.02 12:35:09 INFO  Progress (5): 6.3 MB | 89 kB | 1.7/12 MB | 112 kB | 3.3 kB
2026.05.02 12:35:09 INFO  Progress (5): 6.3 MB | 89 kB | 1.7/12 MB | 112 kB | 3.3 kB
2026.05.02 12:35:09 INFO  Progress (5): 6.3 MB | 89 kB | 1.8/12 MB | 112 kB | 3.3 kB
2026.05.02 12:35:09 INFO                                                            
2026.05.02 12:35:09 INFO  Downloaded from central: https://repo.maven.apache.org/maven2/org/scala-sbt/util-interface/1.8.0/util-interface-1.8.0.jar (3.3 kB at 515 B/s)
2026.05.02 12:35:09 INFO  Downloading from central: https://repo.maven.apache.org/maven2/org/scala-sbt/zinc-persist-core-assembly/1.8.0/zinc-persist-core-assembly-1.8.0.jar
2026.05.02 12:35:09 INFO  Progress (4): 6.3 MB | 89 kB | 1.8/12 MB | 112 kB
2026.05.02 12:35:09 INFO  Progress (4): 6.3 MB | 89 kB | 1.8/12 MB | 112 kB
2026.05.02 12:35:09 INFO  Progress (4): 6.3 MB | 89 kB | 1.8/12 MB | 112 kB
2026.05.02 12:35:09 INFO  Progress (4): 6.3 MB | 89 kB | 1.8/12 MB | 112 kB
2026.05.02 12:35:09 INFO  Progress (4): 6.3 MB | 89 kB | 1.8/12 MB | 112 kB
2026.05.02 12:35:09 INFO  Progress (4): 6.3 MB | 89 kB | 1.9/12 MB | 112 kB
2026.05.02 12:35:09 INFO  Progress (4): 6.3 MB | 89 kB | 1.9/12 MB | 112 kB
2026.05.02 12:35:09 INFO  Progress (4): 6.3 MB | 89 kB | 1.9/12 MB | 112 kB
2026.05.02 12:35:09 INFO  Progress (4): 6.3 MB | 89 kB | 1.9/12 MB | 112 kB
2026.05.02 12:35:09 INFO  Progress (4): 6.3 MB | 89 kB | 1.9/12 MB | 112 kB
2026.05.02 12:35:09 INFO  Progress (4): 6.3 MB | 89 kB | 1.9/12 MB | 112 kB
2026.05.02 12:35:09 INFO  Progress (4): 6.3 MB | 89 kB | 1.9/12 MB | 112 kB
2026.05.02 12:35:09 INFO  Progress (4): 6.3 MB | 89 kB | 2.0/12 MB | 112 kB
2026.05.02 12:35:09 INFO  Progress (4): 6.3 MB | 89 kB | 2.0/12 MB | 112 kB
2026.05.02 12:35:09 INFO  Progress (4): 6.3 MB | 89 kB | 2.0/12 MB | 112 kB
2026.05.02 12:35:09 INFO  Progress (4): 6.3 MB | 89 kB | 2.0/12 MB | 112 kB
2026.05.02 12:35:09 INFO  Progress (4): 6.3 MB | 89 kB | 2.0/12 MB | 112 kB
2026.05.02 12:35:09 INFO  Progress (4): 6.3 MB | 89 kB | 2.0/12 MB | 112 kB
2026.05.02 12:35:09 INFO  Progress (4): 6.3 MB | 89 kB | 2.1/12 MB | 112 kB
2026.05.02 12:35:09 INFO  Progress (4): 6.3 MB | 89 kB | 2.1/12 MB | 112 kB
2026.05.02 12:35:09 INFO                                                   
2026.05.02 12:35:09 INFO  Downloaded from central: https://repo.maven.apache.org/maven2/org/scala-sbt/zinc-classpath_2.13/1.8.0/zinc-classpath_2.13-1.8.0.jar (89 kB at 14 kB/s)
2026.05.02 12:35:09 INFO  Downloading from central: https://repo.maven.apache.org/maven2/org/scala-lang/modules/scala-parallel-collections_2.13/0.2.0/scala-parallel-collections_2.13-0.2.0.jar
2026.05.02 12:35:09 INFO  Progress (3): 6.3 MB | 2.1/12 MB | 112 kB
2026.05.02 12:35:09 INFO  Progress (3): 6.3 MB | 2.1/12 MB | 112 kB
2026.05.02 12:35:09 INFO  Progress (3): 6.3 MB | 2.1/12 MB | 112 kB
2026.05.02 12:35:09 INFO  Progress (3): 6.3 MB | 2.1/12 MB | 112 kB
2026.05.02 12:35:09 INFO  Progress (3): 6.3 MB | 2.1/12 MB | 112 kB
2026.05.02 12:35:09 INFO  Progress (3): 6.3 MB | 2.2/12 MB | 112 kB
2026.05.02 12:35:09 INFO  Progress (3): 6.3 MB | 2.2/12 MB | 112 kB
2026.05.02 12:35:09 INFO  Progress (3): 6.3 MB | 2.2/12 MB | 112 kB
2026.05.02 12:35:09 INFO                                           
2026.05.02 12:35:09 INFO  Downloaded from central: https://repo.maven.apache.org/maven2/org/scala-sbt/compiler-interface/1.8.0/compiler-interface-1.8.0.jar (112 kB at 17 kB/s)
2026.05.02 12:35:09 INFO  Downloading from central: https://repo.maven.apache.org/maven2/org/scala-sbt/io_2.13/1.8.0/io_2.13-1.8.0.jar
2026.05.02 12:35:09 INFO  Progress (2): 6.3 MB | 2.2/12 MB
2026.05.02 12:35:09 INFO  Progress (2): 6.3 MB | 2.2/12 MB
2026.05.02 12:35:09 INFO  Progress (2): 6.3 MB | 2.2/12 MB
2026.05.02 12:35:09 INFO  Progress (2): 6.3 MB | 2.3/12 MB
2026.05.02 12:35:09 INFO  Progress (2): 6.3 MB | 2.3/12 MB
2026.05.02 12:35:09 INFO  Progress (2): 6.3 MB | 2.3/12 MB
2026.05.02 12:35:09 INFO  Progress (2): 6.3 MB | 2.3/12 MB
2026.05.02 12:35:09 INFO  Progress (2): 6.3 MB | 2.3/12 MB
2026.05.02 12:35:09 INFO  Progress (2): 6.3 MB | 2.3/12 MB
2026.05.02 12:35:09 INFO  Progress (2): 6.3 MB | 2.4/12 MB
2026.05.02 12:35:09 INFO  Progress (2): 6.3 MB | 2.4/12 MB
2026.05.02 12:35:09 INFO  Progress (2): 6.3 MB | 2.4/12 MB
2026.05.02 12:35:09 INFO  Progress (2): 6.3 MB | 2.4/12 MB
2026.05.02 12:35:09 INFO  Progress (2): 6.3 MB | 2.4/12 MB
2026.05.02 12:35:09 INFO  Progress (2): 6.3 MB | 2.4/12 MB
2026.05.02 12:35:09 INFO  Progress (2): 6.3 MB | 2.4/12 MB
2026.05.02 12:35:09 INFO  Progress (2): 6.3 MB | 2.5/12 MB
2026.05.02 12:35:09 INFO  Progress (2): 6.3 MB | 2.5/12 MB
2026.05.02 12:35:09 INFO  Progress (2): 6.3 MB | 2.5/12 MB
2026.05.02 12:35:09 INFO  Progress (2): 6.3 MB | 2.5/12 MB
2026.05.02 12:35:09 INFO  Progress (2): 6.3 MB | 2.5/12 MB
2026.05.02 12:35:09 INFO  Progress (2): 6.3 MB | 2.5/12 MB
2026.05.02 12:35:09 INFO  Progress (3): 6.3 MB | 2.5/12 MB | 0/2.6 MB
2026.05.02 12:35:09 INFO  Progress (3): 6.3 MB | 2.5/12 MB | 0/2.6 MB
2026.05.02 12:35:09 INFO  Progress (3): 6.3 MB | 2.6/12 MB | 0/2.6 MB
2026.05.02 12:35:09 INFO  Progress (3): 6.3 MB | 2.6/12 MB | 0/2.6 MB
2026.05.02 12:35:09 INFO  Progress (3): 6.3 MB | 2.6/12 MB | 0/2.6 MB
2026.05.02 12:35:09 INFO  Progress (3): 6.3 MB | 2.6/12 MB | 0/2.6 MB
2026.05.02 12:35:09 INFO  Progress (3): 6.3 MB | 2.6/12 MB | 0/2.6 MB
2026.05.02 12:35:09 INFO  Progress (3): 6.3 MB | 2.6/12 MB | 0/2.6 MB
2026.05.02 12:35:10 INFO  Progress (3): 6.3 MB | 2.6/12 MB | 0/2.6 MB
2026.05.02 12:35:10 INFO  Progress (3): 6.3 MB | 2.6/12 MB | 0/2.6 MB
2026.05.02 12:35:10 INFO  Progress (3): 6.3 MB | 2.7/12 MB | 0/2.6 MB
2026.05.02 12:35:10 INFO  Progress (3): 6.3 MB | 2.7/12 MB | 0.1/2.6 MB
2026.05.02 12:35:10 INFO  Progress (3): 6.3 MB | 2.7/12 MB | 0.1/2.6 MB
2026.05.02 12:35:10 INFO  Progress (3): 6.3 MB | 2.7/12 MB | 0.1/2.6 MB
2026.05.02 12:35:10 INFO  Progress (3): 6.3 MB | 2.7/12 MB | 0.1/2.6 MB
2026.05.02 12:35:10 INFO  Progress (3): 6.3 MB | 2.7/12 MB | 0.1/2.6 MB
2026.05.02 12:35:10 INFO  Progress (3): 6.3 MB | 2.7/12 MB | 0.1/2.6 MB
2026.05.02 12:35:10 INFO  Progress (3): 6.3 MB | 2.7/12 MB | 0.1/2.6 MB
2026.05.02 12:35:10 INFO  Progress (3): 6.3 MB | 2.7/12 MB | 0.1/2.6 MB
2026.05.02 12:35:10 INFO  Progress (3): 6.3 MB | 2.7/12 MB | 0.2/2.6 MB
2026.05.02 12:35:10 INFO  Progress (3): 6.3 MB | 2.7/12 MB | 0.2/2.6 MB
2026.05.02 12:35:10 INFO  Progress (3): 6.3 MB | 2.7/12 MB | 0.2/2.6 MB
2026.05.02 12:35:10 INFO  Progress (3): 6.3 MB | 2.7/12 MB | 0.2/2.6 MB
2026.05.02 12:35:10 INFO  Progress (3): 6.3 MB | 2.7/12 MB | 0.2/2.6 MB
2026.05.02 12:35:10 INFO  Progress (3): 6.3 MB | 2.7/12 MB | 0.2/2.6 MB
2026.05.02 12:35:10 INFO  Progress (3): 6.3 MB | 2.7/12 MB | 0.2/2.6 MB
2026.05.02 12:35:10 INFO  Progress (3): 6.3 MB | 2.7/12 MB | 0.2/2.6 MB
2026.05.02 12:35:10 INFO  Progress (3): 6.3 MB | 2.7/12 MB | 0.2/2.6 MB
2026.05.02 12:35:10 INFO  Progress (3): 6.3 MB | 2.8/12 MB | 0.2/2.6 MB
2026.05.02 12:35:10 INFO  Progress (3): 6.3 MB | 2.8/12 MB | 0.3/2.6 MB
2026.05.02 12:35:10 INFO  Progress (3): 6.3 MB | 2.8/12 MB | 0.3/2.6 MB
2026.05.02 12:35:10 INFO  Progress (3): 6.3 MB | 2.8/12 MB | 0.3/2.6 MB
2026.05.02 12:35:10 INFO  Progress (3): 6.3 MB | 2.8/12 MB | 0.3/2.6 MB
2026.05.02 12:35:10 INFO  Progress (3): 6.3 MB | 2.8/12 MB | 0.3/2.6 MB
2026.05.02 12:35:10 INFO  Progress (3): 6.3 MB | 2.8/12 MB | 0.3/2.6 MB
2026.05.02 12:35:10 INFO  Progress (3): 6.3 MB | 2.8/12 MB | 0.3/2.6 MB
2026.05.02 12:35:10 INFO  Progress (4): 6.3 MB | 2.8/12 MB | 0.3/2.6 MB | 0/1.1 MB
2026.05.02 12:35:10 INFO  Progress (4): 6.3 MB | 2.8/12 MB | 0.3/2.6 MB | 0/1.1 MB
2026.05.02 12:35:10 INFO  Progress (4): 6.3 MB | 2.9/12 MB | 0.3/2.6 MB | 0/1.1 MB
2026.05.02 12:35:10 INFO  Progress (4): 6.3 MB | 2.9/12 MB | 0.3/2.6 MB | 0/1.1 MB
2026.05.02 12:35:10 INFO  Progress (4): 6.3 MB | 2.9/12 MB | 0.3/2.6 MB | 0/1.1 MB
2026.05.02 12:35:10 INFO  Progress (4): 6.3 MB | 2.9/12 MB | 0.3/2.6 MB | 0/1.1 MB
2026.05.02 12:35:10 INFO  Progress (4): 6.3 MB | 2.9/12 MB | 0.3/2.6 MB | 0/1.1 MB
2026.05.02 12:35:10 INFO  Progress (4): 6.3 MB | 2.9/12 MB | 0.3/2.6 MB | 0/1.1 MB
2026.05.02 12:35:10 INFO  Progress (4): 6.3 MB | 2.9/12 MB | 0.4/2.6 MB | 0/1.1 MB
2026.05.02 12:35:10 INFO  Progress (4): 6.3 MB | 2.9/12 MB | 0.4/2.6 MB | 0/1.1 MB
2026.05.02 12:35:10 INFO  Progress (4): 6.3 MB | 2.9/12 MB | 0.4/2.6 MB | 0/1.1 MB
2026.05.02 12:35:10 INFO  Progress (4): 6.3 MB | 2.9/12 MB | 0.4/2.6 MB | 0/1.1 MB
2026.05.02 12:35:10 INFO  Progress (4): 6.3 MB | 2.9/12 MB | 0.4/2.6 MB | 0/1.1 MB
2026.05.02 12:35:10 INFO  Progress (4): 6.3 MB | 2.9/12 MB | 0.4/2.6 MB | 0/1.1 MB
2026.05.02 12:35:10 INFO  Progress (4): 6.3 MB | 2.9/12 MB | 0.4/2.6 MB | 0/1.1 MB
2026.05.02 12:35:10 INFO  Progress (4): 6.3 MB | 2.9/12 MB | 0.4/2.6 MB | 0/1.1 MB
2026.05.02 12:35:10 INFO  Progress (4): 6.3 MB | 2.9/12 MB | 0.4/2.6 MB | 0/1.1 MB
2026.05.02 12:35:10 INFO  Progress (4): 6.3 MB | 2.9/12 MB | 0.4/2.6 MB | 0/1.1 MB
2026.05.02 12:35:10 INFO  Progress (4): 6.3 MB | 2.9/12 MB | 0.4/2.6 MB | 0/1.1 MB
2026.05.02 12:35:10 INFO  Progress (4): 6.3 MB | 2.9/12 MB | 0.4/2.6 MB | 0.1/1.1 MB
2026.05.02 12:35:10 INFO  Progress (4): 6.3 MB | 2.9/12 MB | 0.4/2.6 MB | 0.1/1.1 MB
2026.05.02 12:35:10 INFO  Progress (4): 6.3 MB | 2.9/12 MB | 0.5/2.6 MB | 0.1/1.1 MB
2026.05.02 12:35:10 INFO  Progress (4): 6.3 MB | 2.9/12 MB | 0.5/2.6 MB | 0.1/1.1 MB
2026.05.02 12:35:10 INFO  Progress (4): 6.3 MB | 2.9/12 MB | 0.5/2.6 MB | 0.1/1.1 MB
2026.05.02 12:35:10 INFO  Progress (4): 6.3 MB | 2.9/12 MB | 0.5/2.6 MB | 0.1/1.1 MB
2026.05.02 12:35:10 INFO  Progress (4): 6.3 MB | 2.9/12 MB | 0.5/2.6 MB | 0.1/1.1 MB
2026.05.02 12:35:10 INFO  Progress (4): 6.3 MB | 2.9/12 MB | 0.5/2.6 MB | 0.1/1.1 MB
2026.05.02 12:35:10 INFO                                                            
2026.05.02 12:35:10 INFO  Downloaded from central: https://repo.maven.apache.org/maven2/com/github/luben/zstd-jni/1.5.2-5/zstd-jni-1.5.2-5.jar (6.3 MB at 938 kB/s)
2026.05.02 12:35:10 INFO  Downloading from central: https://repo.maven.apache.org/maven2/com/swoval/file-tree-views/2.1.9/file-tree-views-2.1.9.jar
2026.05.02 12:35:10 INFO  Progress (3): 2.9/12 MB | 0.5/2.6 MB | 0.1/1.1 MB
2026.05.02 12:35:10 INFO  Progress (3): 2.9/12 MB | 0.5/2.6 MB | 0.1/1.1 MB
2026.05.02 12:35:10 INFO  Progress (3): 2.9/12 MB | 0.5/2.6 MB | 0.1/1.1 MB
2026.05.02 12:35:10 INFO  Progress (3): 2.9/12 MB | 0.6/2.6 MB | 0.1/1.1 MB
2026.05.02 12:35:10 INFO  Progress (3): 3.0/12 MB | 0.6/2.6 MB | 0.1/1.1 MB
2026.05.02 12:35:10 INFO  Progress (3): 3.0/12 MB | 0.6/2.6 MB | 0.1/1.1 MB
2026.05.02 12:35:10 INFO  Progress (3): 3.0/12 MB | 0.6/2.6 MB | 0.1/1.1 MB
2026.05.02 12:35:10 INFO  Progress (3): 3.0/12 MB | 0.6/2.6 MB | 0.1/1.1 MB
2026.05.02 12:35:10 INFO  Progress (3): 3.0/12 MB | 0.6/2.6 MB | 0.1/1.1 MB
2026.05.02 12:35:10 INFO  Progress (3): 3.0/12 MB | 0.6/2.6 MB | 0.1/1.1 MB
2026.05.02 12:35:10 INFO  Progress (3): 3.0/12 MB | 0.6/2.6 MB | 0.1/1.1 MB
2026.05.02 12:35:10 INFO  Progress (3): 3.0/12 MB | 0.6/2.6 MB | 0.1/1.1 MB
2026.05.02 12:35:10 INFO  Progress (3): 3.0/12 MB | 0.6/2.6 MB | 0.1/1.1 MB
2026.05.02 12:35:10 INFO  Progress (3): 3.1/12 MB | 0.6/2.6 MB | 0.1/1.1 MB
2026.05.02 12:35:10 INFO  Progress (3): 3.1/12 MB | 0.6/2.6 MB | 0.1/1.1 MB
2026.05.02 12:35:10 INFO  Progress (3): 3.1/12 MB | 0.6/2.6 MB | 0.1/1.1 MB
2026.05.02 12:35:10 INFO  Progress (3): 3.1/12 MB | 0.6/2.6 MB | 0.1/1.1 MB
2026.05.02 12:35:10 INFO  Progress (3): 3.1/12 MB | 0.6/2.6 MB | 0.1/1.1 MB
2026.05.02 12:35:10 INFO  Progress (3): 3.1/12 MB | 0.6/2.6 MB | 0.1/1.1 MB
2026.05.02 12:35:10 INFO  Progress (3): 3.1/12 MB | 0.6/2.6 MB | 0.1/1.1 MB
2026.05.02 12:35:10 INFO  Progress (3): 3.2/12 MB | 0.6/2.6 MB | 0.1/1.1 MB
2026.05.02 12:35:10 INFO  Progress (3): 3.2/12 MB | 0.6/2.6 MB | 0.1/1.1 MB
2026.05.02 12:35:10 INFO  Progress (3): 3.2/12 MB | 0.6/2.6 MB | 0.1/1.1 MB
2026.05.02 12:35:10 INFO  Progress (3): 3.2/12 MB | 0.6/2.6 MB | 0.1/1.1 MB
2026.05.02 12:35:10 INFO  Progress (3): 3.2/12 MB | 0.6/2.6 MB | 0.1/1.1 MB
2026.05.02 12:35:10 INFO  Progress (3): 3.2/12 MB | 0.6/2.6 MB | 0.1/1.1 MB
2026.05.02 12:35:10 INFO  Progress (3): 3.2/12 MB | 0.6/2.6 MB | 0.1/1.1 MB
2026.05.02 12:35:10 INFO  Progress (3): 3.2/12 MB | 0.6/2.6 MB | 0.1/1.1 MB
2026.05.02 12:35:10 INFO  Progress (3): 3.2/12 MB | 0.7/2.6 MB | 0.1/1.1 MB
2026.05.02 12:35:10 INFO  Progress (3): 3.2/12 MB | 0.7/2.6 MB | 0.1/1.1 MB
2026.05.02 12:35:10 INFO  Progress (3): 3.2/12 MB | 0.7/2.6 MB | 0.1/1.1 MB
2026.05.02 12:35:10 INFO  Progress (3): 3.2/12 MB | 0.7/2.6 MB | 0.1/1.1 MB
2026.05.02 12:35:10 INFO  Progress (3): 3.2/12 MB | 0.7/2.6 MB | 0.1/1.1 MB
2026.05.02 12:35:10 INFO  Progress (3): 3.2/12 MB | 0.7/2.6 MB | 0.1/1.1 MB
2026.05.02 12:35:10 INFO  Progress (3): 3.2/12 MB | 0.7/2.6 MB | 0.1/1.1 MB
2026.05.02 12:35:10 INFO  Progress (3): 3.2/12 MB | 0.7/2.6 MB | 0.1/1.1 MB
2026.05.02 12:35:10 INFO  Progress (3): 3.3/12 MB | 0.7/2.6 MB | 0.1/1.1 MB
2026.05.02 12:35:10 INFO  Progress (4): 3.3/12 MB | 0.7/2.6 MB | 0.1/1.1 MB | 7.7/636 kB
2026.05.02 12:35:10 INFO  Progress (4): 3.3/12 MB | 0.7/2.6 MB | 0.1/1.1 MB | 16/636 kB 
2026.05.02 12:35:10 INFO  Progress (4): 3.3/12 MB | 0.7/2.6 MB | 0.1/1.1 MB | 25/636 kB
2026.05.02 12:35:10 INFO  Progress (4): 3.3/12 MB | 0.7/2.6 MB | 0.1/1.1 MB | 33/636 kB
2026.05.02 12:35:10 INFO  Progress (4): 3.3/12 MB | 0.7/2.6 MB | 0.1/1.1 MB | 33/636 kB
2026.05.02 12:35:10 INFO  Progress (4): 3.3/12 MB | 0.7/2.6 MB | 0.1/1.1 MB | 33/636 kB
2026.05.02 12:35:10 INFO  Progress (4): 3.3/12 MB | 0.7/2.6 MB | 0.1/1.1 MB | 33/636 kB
2026.05.02 12:35:10 INFO  Progress (4): 3.3/12 MB | 0.7/2.6 MB | 0.1/1.1 MB | 33/636 kB
2026.05.02 12:35:10 INFO  Progress (4): 3.3/12 MB | 0.7/2.6 MB | 0.1/1.1 MB | 49/636 kB
2026.05.02 12:35:10 INFO  Progress (4): 3.3/12 MB | 0.8/2.6 MB | 0.1/1.1 MB | 49/636 kB
2026.05.02 12:35:10 INFO  Progress (4): 3.3/12 MB | 0.8/2.6 MB | 0.1/1.1 MB | 49/636 kB
2026.05.02 12:35:10 INFO  Progress (4): 3.3/12 MB | 0.8/2.6 MB | 0.1/1.1 MB | 49/636 kB
2026.05.02 12:35:10 INFO  Progress (4): 3.3/12 MB | 0.8/2.6 MB | 0.1/1.1 MB | 49/636 kB
2026.05.02 12:35:10 INFO  Progress (4): 3.4/12 MB | 0.8/2.6 MB | 0.1/1.1 MB | 49/636 kB
2026.05.02 12:35:10 INFO  Progress (4): 3.4/12 MB | 0.8/2.6 MB | 0.1/1.1 MB | 49/636 kB
2026.05.02 12:35:10 INFO  Progress (4): 3.4/12 MB | 0.8/2.6 MB | 0.1/1.1 MB | 49/636 kB
2026.05.02 12:35:10 INFO  Progress (4): 3.4/12 MB | 0.8/2.6 MB | 0.1/1.1 MB | 49/636 kB
2026.05.02 12:35:10 INFO  Progress (4): 3.4/12 MB | 0.8/2.6 MB | 0.1/1.1 MB | 49/636 kB
2026.05.02 12:35:10 INFO  Progress (4): 3.4/12 MB | 0.8/2.6 MB | 0.1/1.1 MB | 49/636 kB
2026.05.02 12:35:10 INFO  Progress (4): 3.4/12 MB | 0.8/2.6 MB | 0.1/1.1 MB | 49/636 kB
2026.05.02 12:35:10 INFO  Progress (4): 3.4/12 MB | 0.8/2.6 MB | 0.1/1.1 MB | 49/636 kB
2026.05.02 12:35:10 INFO  Progress (4): 3.4/12 MB | 0.8/2.6 MB | 0.1/1.1 MB | 49/636 kB
2026.05.02 12:35:10 INFO  Progress (4): 3.5/12 MB | 0.8/2.6 MB | 0.1/1.1 MB | 49/636 kB
2026.05.02 12:35:10 INFO  Progress (4): 3.5/12 MB | 0.8/2.6 MB | 0.1/1.1 MB | 66/636 kB
2026.05.02 12:35:10 INFO  Progress (4): 3.5/12 MB | 0.8/2.6 MB | 0.1/1.1 MB | 74/636 kB
2026.05.02 12:35:10 INFO  Progress (4): 3.5/12 MB | 0.8/2.6 MB | 0.1/1.1 MB | 74/636 kB
2026.05.02 12:35:10 INFO  Progress (4): 3.5/12 MB | 0.8/2.6 MB | 0.1/1.1 MB | 74/636 kB
2026.05.02 12:35:10 INFO  Progress (4): 3.5/12 MB | 0.9/2.6 MB | 0.1/1.1 MB | 74/636 kB
2026.05.02 12:35:10 INFO  Progress (4): 3.5/12 MB | 0.9/2.6 MB | 0.1/1.1 MB | 74/636 kB
2026.05.02 12:35:10 INFO  Progress (4): 3.5/12 MB | 0.9/2.6 MB | 0.1/1.1 MB | 74/636 kB
2026.05.02 12:35:10 INFO  Progress (4): 3.5/12 MB | 0.9/2.6 MB | 0.1/1.1 MB | 82/636 kB
2026.05.02 12:35:10 INFO  Progress (4): 3.5/12 MB | 0.9/2.6 MB | 0.2/1.1 MB | 82/636 kB
2026.05.02 12:35:10 INFO  Progress (4): 3.5/12 MB | 0.9/2.6 MB | 0.2/1.1 MB | 82/636 kB
2026.05.02 12:35:10 INFO  Progress (4): 3.5/12 MB | 0.9/2.6 MB | 0.2/1.1 MB | 82/636 kB
2026.05.02 12:35:10 INFO  Progress (4): 3.5/12 MB | 0.9/2.6 MB | 0.2/1.1 MB | 82/636 kB
2026.05.02 12:35:10 INFO  Progress (4): 3.5/12 MB | 0.9/2.6 MB | 0.2/1.1 MB | 82/636 kB
2026.05.02 12:35:10 INFO  Progress (4): 3.5/12 MB | 0.9/2.6 MB | 0.2/1.1 MB | 82/636 kB
2026.05.02 12:35:10 INFO  Progress (4): 3.5/12 MB | 0.9/2.6 MB | 0.2/1.1 MB | 82/636 kB
2026.05.02 12:35:10 INFO  Progress (4): 3.5/12 MB | 0.9/2.6 MB | 0.2/1.1 MB | 82/636 kB
2026.05.02 12:35:10 INFO  Progress (4): 3.5/12 MB | 0.9/2.6 MB | 0.2/1.1 MB | 82/636 kB
2026.05.02 12:35:10 INFO  Progress (4): 3.5/12 MB | 0.9/2.6 MB | 0.2/1.1 MB | 98/636 kB
2026.05.02 12:35:10 INFO  Progress (4): 3.5/12 MB | 1.0/2.6 MB | 0.2/1.1 MB | 98/636 kB
2026.05.02 12:35:10 INFO  Progress (4): 3.5/12 MB | 1.0/2.6 MB | 0.2/1.1 MB | 98/636 kB
2026.05.02 12:35:10 INFO  Progress (4): 3.5/12 MB | 1.0/2.6 MB | 0.2/1.1 MB | 98/636 kB
2026.05.02 12:35:10 INFO  Progress (4): 3.5/12 MB | 1.0/2.6 MB | 0.2/1.1 MB | 98/636 kB
2026.05.02 12:35:10 INFO  Progress (4): 3.5/12 MB | 1.0/2.6 MB | 0.2/1.1 MB | 98/636 kB
2026.05.02 12:35:10 INFO  Progress (4): 3.5/12 MB | 1.0/2.6 MB | 0.2/1.1 MB | 98/636 kB
2026.05.02 12:35:10 INFO  Progress (4): 3.5/12 MB | 1.0/2.6 MB | 0.2/1.1 MB | 115/636 kB
2026.05.02 12:35:10 INFO  Progress (4): 3.5/12 MB | 1.0/2.6 MB | 0.2/1.1 MB | 115/636 kB
2026.05.02 12:35:10 INFO  Progress (4): 3.5/12 MB | 1.0/2.6 MB | 0.2/1.1 MB | 131/636 kB
2026.05.02 12:35:10 INFO  Progress (4): 3.5/12 MB | 1.0/2.6 MB | 0.2/1.1 MB | 131/636 kB
2026.05.02 12:35:10 INFO  Progress (4): 3.5/12 MB | 1.1/2.6 MB | 0.2/1.1 MB | 131/636 kB
2026.05.02 12:35:10 INFO  Progress (4): 3.5/12 MB | 1.1/2.6 MB | 0.2/1.1 MB | 131/636 kB
2026.05.02 12:35:10 INFO  Progress (4): 3.5/12 MB | 1.1/2.6 MB | 0.2/1.1 MB | 131/636 kB
2026.05.02 12:35:10 INFO  Progress (4): 3.5/12 MB | 1.1/2.6 MB | 0.2/1.1 MB | 131/636 kB
2026.05.02 12:35:10 INFO  Progress (4): 3.5/12 MB | 1.1/2.6 MB | 0.2/1.1 MB | 147/636 kB
2026.05.02 12:35:10 INFO  Progress (4): 3.6/12 MB | 1.1/2.6 MB | 0.2/1.1 MB | 147/636 kB
2026.05.02 12:35:10 INFO  Progress (4): 3.6/12 MB | 1.1/2.6 MB | 0.2/1.1 MB | 147/636 kB
2026.05.02 12:35:10 INFO  Progress (4): 3.6/12 MB | 1.1/2.6 MB | 0.2/1.1 MB | 147/636 kB
2026.05.02 12:35:10 INFO  Progress (4): 3.6/12 MB | 1.1/2.6 MB | 0.2/1.1 MB | 147/636 kB
2026.05.02 12:35:10 INFO  Progress (4): 3.6/12 MB | 1.1/2.6 MB | 0.2/1.1 MB | 147/636 kB
2026.05.02 12:35:10 INFO  Progress (4): 3.6/12 MB | 1.1/2.6 MB | 0.2/1.1 MB | 147/636 kB
2026.05.02 12:35:10 INFO  Progress (4): 3.6/12 MB | 1.1/2.6 MB | 0.2/1.1 MB | 147/636 kB
2026.05.02 12:35:10 INFO  Progress (4): 3.6/12 MB | 1.1/2.6 MB | 0.2/1.1 MB | 147/636 kB
2026.05.02 12:35:10 INFO  Progress (4): 3.6/12 MB | 1.1/2.6 MB | 0.2/1.1 MB | 147/636 kB
2026.05.02 12:35:10 INFO  Progress (4): 3.7/12 MB | 1.1/2.6 MB | 0.2/1.1 MB | 147/636 kB
2026.05.02 12:35:10 INFO  Progress (4): 3.7/12 MB | 1.1/2.6 MB | 0.2/1.1 MB | 147/636 kB
2026.05.02 12:35:10 INFO  Progress (4): 3.7/12 MB | 1.1/2.6 MB | 0.2/1.1 MB | 147/636 kB
2026.05.02 12:35:10 INFO  Progress (4): 3.7/12 MB | 1.1/2.6 MB | 0.3/1.1 MB | 147/636 kB
2026.05.02 12:35:10 INFO  Progress (4): 3.7/12 MB | 1.1/2.6 MB | 0.3/1.1 MB | 147/636 kB
2026.05.02 12:35:10 INFO  Progress (4): 3.7/12 MB | 1.1/2.6 MB | 0.3/1.1 MB | 147/636 kB
2026.05.02 12:35:10 INFO  Progress (4): 3.7/12 MB | 1.1/2.6 MB | 0.3/1.1 MB | 147/636 kB
2026.05.02 12:35:10 INFO  Progress (5): 3.7/12 MB | 1.1/2.6 MB | 0.3/1.1 MB | 147/636 kB | 7.7/229 kB
2026.05.02 12:35:10 INFO  Progress (5): 3.7/12 MB | 1.1/2.6 MB | 0.3/1.1 MB | 147/636 kB | 12/229 kB 
2026.05.02 12:35:10 INFO  Progress (5): 3.7/12 MB | 1.1/2.6 MB | 0.3/1.1 MB | 147/636 kB | 29/229 kB
2026.05.02 12:35:10 INFO  Progress (5): 3.7/12 MB | 1.1/2.6 MB | 0.3/1.1 MB | 147/636 kB | 29/229 kB
2026.05.02 12:35:10 INFO  Progress (5): 3.8/12 MB | 1.1/2.6 MB | 0.3/1.1 MB | 147/636 kB | 29/229 kB
2026.05.02 12:35:10 INFO  Progress (5): 3.8/12 MB | 1.1/2.6 MB | 0.3/1.1 MB | 147/636 kB | 45/229 kB
2026.05.02 12:35:10 INFO  Progress (5): 3.8/12 MB | 1.1/2.6 MB | 0.3/1.1 MB | 147/636 kB | 45/229 kB
2026.05.02 12:35:10 INFO  Progress (5): 3.8/12 MB | 1.1/2.6 MB | 0.3/1.1 MB | 147/636 kB | 61/229 kB
2026.05.02 12:35:10 INFO  Progress (5): 3.8/12 MB | 1.1/2.6 MB | 0.3/1.1 MB | 147/636 kB | 61/229 kB
2026.05.02 12:35:10 INFO  Progress (5): 3.8/12 MB | 1.1/2.6 MB | 0.3/1.1 MB | 164/636 kB | 61/229 kB
2026.05.02 12:35:10 INFO  Progress (5): 3.8/12 MB | 1.1/2.6 MB | 0.3/1.1 MB | 164/636 kB | 78/229 kB
2026.05.02 12:35:10 INFO  Progress (5): 3.8/12 MB | 1.1/2.6 MB | 0.3/1.1 MB | 164/636 kB | 94/229 kB
2026.05.02 12:35:10 INFO  Progress (5): 3.8/12 MB | 1.2/2.6 MB | 0.3/1.1 MB | 164/636 kB | 94/229 kB
2026.05.02 12:35:10 INFO  Progress (5): 3.8/12 MB | 1.2/2.6 MB | 0.3/1.1 MB | 164/636 kB | 94/229 kB
2026.05.02 12:35:10 INFO  Progress (5): 3.8/12 MB | 1.2/2.6 MB | 0.3/1.1 MB | 164/636 kB | 111/229 kB
2026.05.02 12:35:10 INFO  Progress (5): 3.8/12 MB | 1.2/2.6 MB | 0.3/1.1 MB | 164/636 kB | 111/229 kB
2026.05.02 12:35:10 INFO  Progress (5): 3.8/12 MB | 1.2/2.6 MB | 0.3/1.1 MB | 164/636 kB | 127/229 kB
2026.05.02 12:35:10 INFO  Progress (5): 3.8/12 MB | 1.2/2.6 MB | 0.3/1.1 MB | 180/636 kB | 127/229 kB
2026.05.02 12:35:10 INFO  Progress (5): 3.8/12 MB | 1.2/2.6 MB | 0.3/1.1 MB | 180/636 kB | 143/229 kB
2026.05.02 12:35:10 INFO  Progress (5): 3.8/12 MB | 1.2/2.6 MB | 0.3/1.1 MB | 180/636 kB | 143/229 kB
2026.05.02 12:35:10 INFO  Progress (5): 3.8/12 MB | 1.2/2.6 MB | 0.3/1.1 MB | 180/636 kB | 160/229 kB
2026.05.02 12:35:10 INFO  Progress (5): 3.8/12 MB | 1.2/2.6 MB | 0.3/1.1 MB | 180/636 kB | 176/229 kB
2026.05.02 12:35:10 INFO  Progress (5): 3.8/12 MB | 1.2/2.6 MB | 0.3/1.1 MB | 180/636 kB | 193/229 kB
2026.05.02 12:35:10 INFO  Progress (5): 3.8/12 MB | 1.2/2.6 MB | 0.3/1.1 MB | 180/636 kB | 209/229 kB
2026.05.02 12:35:10 INFO  Progress (5): 3.8/12 MB | 1.2/2.6 MB | 0.3/1.1 MB | 180/636 kB | 225/229 kB
2026.05.02 12:35:10 INFO  Progress (5): 3.8/12 MB | 1.2/2.6 MB | 0.3/1.1 MB | 180/636 kB | 229 kB    
2026.05.02 12:35:10 INFO  Progress (5): 3.8/12 MB | 1.2/2.6 MB | 0.3/1.1 MB | 180/636 kB | 229 kB
2026.05.02 12:35:10 INFO  Progress (5): 3.8/12 MB | 1.2/2.6 MB | 0.3/1.1 MB | 180/636 kB | 229 kB
2026.05.02 12:35:10 INFO  Progress (5): 3.8/12 MB | 1.2/2.6 MB | 0.3/1.1 MB | 180/636 kB | 229 kB
2026.05.02 12:35:10 INFO  Progress (5): 3.9/12 MB | 1.2/2.6 MB | 0.3/1.1 MB | 180/636 kB | 229 kB
2026.05.02 12:35:10 INFO  Progress (5): 3.9/12 MB | 1.2/2.6 MB | 0.3/1.1 MB | 180/636 kB | 229 kB
2026.05.02 12:35:10 INFO  Progress (5): 3.9/12 MB | 1.2/2.6 MB | 0.3/1.1 MB | 180/636 kB | 229 kB
2026.05.02 12:35:10 INFO  Progress (5): 3.9/12 MB | 1.2/2.6 MB | 0.3/1.1 MB | 180/636 kB | 229 kB
2026.05.02 12:35:10 INFO  Progress (5): 3.9/12 MB | 1.2/2.6 MB | 0.3/1.1 MB | 180/636 kB | 229 kB
2026.05.02 12:35:10 INFO  Progress (5): 3.9/12 MB | 1.2/2.6 MB | 0.3/1.1 MB | 180/636 kB | 229 kB
2026.05.02 12:35:10 INFO  Progress (5): 3.9/12 MB | 1.2/2.6 MB | 0.3/1.1 MB | 180/636 kB | 229 kB
2026.05.02 12:35:10 INFO  Progress (5): 3.9/12 MB | 1.2/2.6 MB | 0.3/1.1 MB | 180/636 kB | 229 kB
2026.05.02 12:35:10 INFO  Progress (5): 3.9/12 MB | 1.2/2.6 MB | 0.3/1.1 MB | 180/636 kB | 229 kB
2026.05.02 12:35:10 INFO  Progress (5): 3.9/12 MB | 1.3/2.6 MB | 0.3/1.1 MB | 180/636 kB | 229 kB
2026.05.02 12:35:10 INFO  Progress (5): 3.9/12 MB | 1.3/2.6 MB | 0.3/1.1 MB | 180/636 kB | 229 kB
2026.05.02 12:35:10 INFO  Progress (5): 3.9/12 MB | 1.3/2.6 MB | 0.3/1.1 MB | 180/636 kB | 229 kB
2026.05.02 12:35:10 INFO  Progress (5): 3.9/12 MB | 1.3/2.6 MB | 0.3/1.1 MB | 180/636 kB | 229 kB
2026.05.02 12:35:10 INFO  Progress (5): 4.0/12 MB | 1.3/2.6 MB | 0.3/1.1 MB | 180/636 kB | 229 kB
2026.05.02 12:35:10 INFO  Progress (5): 4.0/12 MB | 1.3/2.6 MB | 0.3/1.1 MB | 197/636 kB | 229 kB
2026.05.02 12:35:10 INFO  Progress (5): 4.0/12 MB | 1.3/2.6 MB | 0.3/1.1 MB | 197/636 kB | 229 kB
2026.05.02 12:35:10 INFO  Progress (5): 4.0/12 MB | 1.3/2.6 MB | 0.3/1.1 MB | 197/636 kB | 229 kB
2026.05.02 12:35:10 INFO  Progress (5): 4.0/12 MB | 1.4/2.6 MB | 0.3/1.1 MB | 197/636 kB | 229 kB
2026.05.02 12:35:10 INFO  Progress (5): 4.0/12 MB | 1.4/2.6 MB | 0.3/1.1 MB | 197/636 kB | 229 kB
2026.05.02 12:35:10 INFO  Progress (5): 4.0/12 MB | 1.4/2.6 MB | 0.3/1.1 MB | 205/636 kB | 229 kB
2026.05.02 12:35:10 INFO  Progress (5): 4.0/12 MB | 1.4/2.6 MB | 0.3/1.1 MB | 205/636 kB | 229 kB
2026.05.02 12:35:10 INFO  Progress (5): 4.0/12 MB | 1.4/2.6 MB | 0.3/1.1 MB | 213/636 kB | 229 kB
2026.05.02 12:35:10 INFO  Progress (5): 4.0/12 MB | 1.4/2.6 MB | 0.3/1.1 MB | 213/636 kB | 229 kB
2026.05.02 12:35:10 INFO  Progress (5): 4.0/12 MB | 1.4/2.6 MB | 0.3/1.1 MB | 213/636 kB | 229 kB
2026.05.02 12:35:10 INFO  Progress (5): 4.0/12 MB | 1.4/2.6 MB | 0.3/1.1 MB | 213/636 kB | 229 kB
2026.05.02 12:35:10 INFO  Progress (5): 4.0/12 MB | 1.4/2.6 MB | 0.3/1.1 MB | 213/636 kB | 229 kB
2026.05.02 12:35:10 INFO  Progress (5): 4.0/12 MB | 1.4/2.6 MB | 0.3/1.1 MB | 229/636 kB | 229 kB
2026.05.02 12:35:10 INFO  Progress (5): 4.0/12 MB | 1.4/2.6 MB | 0.3/1.1 MB | 229/636 kB | 229 kB
2026.05.02 12:35:10 INFO  Progress (5): 4.0/12 MB | 1.4/2.6 MB | 0.3/1.1 MB | 229/636 kB | 229 kB
2026.05.02 12:35:10 INFO  Progress (5): 4.1/12 MB | 1.4/2.6 MB | 0.3/1.1 MB | 229/636 kB | 229 kB
2026.05.02 12:35:10 INFO  Progress (5): 4.1/12 MB | 1.4/2.6 MB | 0.3/1.1 MB | 229/636 kB | 229 kB
2026.05.02 12:35:10 INFO  Progress (5): 4.1/12 MB | 1.4/2.6 MB | 0.3/1.1 MB | 229/636 kB | 229 kB
2026.05.02 12:35:10 INFO  Progress (5): 4.1/12 MB | 1.4/2.6 MB | 0.3/1.1 MB | 229/636 kB | 229 kB
2026.05.02 12:35:10 INFO  Progress (5): 4.1/12 MB | 1.4/2.6 MB | 0.3/1.1 MB | 229/636 kB | 229 kB
2026.05.02 12:35:10 INFO  Progress (5): 4.1/12 MB | 1.4/2.6 MB | 0.3/1.1 MB | 246/636 kB | 229 kB
2026.05.02 12:35:10 INFO  Progress (5): 4.1/12 MB | 1.4/2.6 MB | 0.3/1.1 MB | 246/636 kB | 229 kB
2026.05.02 12:35:10 INFO  Progress (5): 4.1/12 MB | 1.4/2.6 MB | 0.3/1.1 MB | 246/636 kB | 229 kB
2026.05.02 12:35:10 INFO  Progress (5): 4.1/12 MB | 1.5/2.6 MB | 0.3/1.1 MB | 246/636 kB | 229 kB
2026.05.02 12:35:10 INFO  Progress (5): 4.1/12 MB | 1.5/2.6 MB | 0.3/1.1 MB | 246/636 kB | 229 kB
2026.05.02 12:35:10 INFO  Progress (5): 4.1/12 MB | 1.5/2.6 MB | 0.3/1.1 MB | 246/636 kB | 229 kB
2026.05.02 12:35:10 INFO  Progress (5): 4.1/12 MB | 1.5/2.6 MB | 0.3/1.1 MB | 246/636 kB | 229 kB
2026.05.02 12:35:10 INFO  Progress (5): 4.1/12 MB | 1.5/2.6 MB | 0.3/1.1 MB | 246/636 kB | 229 kB
2026.05.02 12:35:10 INFO  Progress (5): 4.1/12 MB | 1.5/2.6 MB | 0.3/1.1 MB | 246/636 kB | 229 kB
2026.05.02 12:35:10 INFO  Progress (5): 4.1/12 MB | 1.5/2.6 MB | 0.3/1.1 MB | 246/636 kB | 229 kB
2026.05.02 12:35:10 INFO  Progress (5): 4.2/12 MB | 1.5/2.6 MB | 0.3/1.1 MB | 246/636 kB | 229 kB
2026.05.02 12:35:10 INFO  Progress (5): 4.2/12 MB | 1.5/2.6 MB | 0.3/1.1 MB | 246/636 kB | 229 kB
2026.05.02 12:35:10 INFO  Progress (5): 4.2/12 MB | 1.5/2.6 MB | 0.3/1.1 MB | 262/636 kB | 229 kB
2026.05.02 12:35:10 INFO  Progress (5): 4.2/12 MB | 1.5/2.6 MB | 0.3/1.1 MB | 262/636 kB | 229 kB
2026.05.02 12:35:10 INFO  Progress (5): 4.2/12 MB | 1.5/2.6 MB | 0.3/1.1 MB | 262/636 kB | 229 kB
2026.05.02 12:35:10 INFO  Progress (5): 4.2/12 MB | 1.6/2.6 MB | 0.3/1.1 MB | 262/636 kB | 229 kB
2026.05.02 12:35:10 INFO  Progress (5): 4.2/12 MB | 1.6/2.6 MB | 0.3/1.1 MB | 262/636 kB | 229 kB
2026.05.02 12:35:10 INFO  Progress (5): 4.2/12 MB | 1.6/2.6 MB | 0.3/1.1 MB | 262/636 kB | 229 kB
2026.05.02 12:35:10 INFO  Progress (5): 4.2/12 MB | 1.6/2.6 MB | 0.3/1.1 MB | 262/636 kB | 229 kB
2026.05.02 12:35:10 INFO  Progress (5): 4.2/12 MB | 1.6/2.6 MB | 0.3/1.1 MB | 262/636 kB | 229 kB
2026.05.02 12:35:10 INFO  Progress (5): 4.2/12 MB | 1.6/2.6 MB | 0.3/1.1 MB | 279/636 kB | 229 kB
2026.05.02 12:35:10 INFO  Progress (5): 4.2/12 MB | 1.6/2.6 MB | 0.3/1.1 MB | 279/636 kB | 229 kB
2026.05.02 12:35:10 INFO  Progress (5): 4.2/12 MB | 1.6/2.6 MB | 0.3/1.1 MB | 279/636 kB | 229 kB
2026.05.02 12:35:10 INFO  Progress (5): 4.2/12 MB | 1.6/2.6 MB | 0.3/1.1 MB | 279/636 kB | 229 kB
2026.05.02 12:35:10 INFO  Progress (5): 4.2/12 MB | 1.6/2.6 MB | 0.3/1.1 MB | 279/636 kB | 229 kB
2026.05.02 12:35:10 INFO  Progress (5): 4.2/12 MB | 1.6/2.6 MB | 0.3/1.1 MB | 279/636 kB | 229 kB
2026.05.02 12:35:10 INFO  Progress (5): 4.2/12 MB | 1.6/2.6 MB | 0.3/1.1 MB | 279/636 kB | 229 kB
2026.05.02 12:35:10 INFO  Progress (5): 4.2/12 MB | 1.6/2.6 MB | 0.3/1.1 MB | 279/636 kB | 229 kB
2026.05.02 12:35:10 INFO  Progress (5): 4.2/12 MB | 1.6/2.6 MB | 0.3/1.1 MB | 295/636 kB | 229 kB
2026.05.02 12:35:10 INFO  Progress (5): 4.3/12 MB | 1.6/2.6 MB | 0.3/1.1 MB | 295/636 kB | 229 kB
2026.05.02 12:35:10 INFO  Progress (5): 4.3/12 MB | 1.6/2.6 MB | 0.4/1.1 MB | 295/636 kB | 229 kB
2026.05.02 12:35:10 INFO  Progress (5): 4.3/12 MB | 1.6/2.6 MB | 0.4/1.1 MB | 295/636 kB | 229 kB
2026.05.02 12:35:10 INFO  Progress (5): 4.3/12 MB | 1.6/2.6 MB | 0.4/1.1 MB | 295/636 kB | 229 kB
2026.05.02 12:35:10 INFO  Progress (5): 4.3/12 MB | 1.6/2.6 MB | 0.4/1.1 MB | 295/636 kB | 229 kB
2026.05.02 12:35:10 INFO  Progress (5): 4.3/12 MB | 1.6/2.6 MB | 0.4/1.1 MB | 311/636 kB | 229 kB
2026.05.02 12:35:10 INFO  Progress (5): 4.3/12 MB | 1.6/2.6 MB | 0.4/1.1 MB | 311/636 kB | 229 kB
2026.05.02 12:35:10 INFO  Progress (5): 4.3/12 MB | 1.6/2.6 MB | 0.4/1.1 MB | 311/636 kB | 229 kB
2026.05.02 12:35:10 INFO  Progress (5): 4.3/12 MB | 1.6/2.6 MB | 0.4/1.1 MB | 311/636 kB | 229 kB
2026.05.02 12:35:10 INFO  Progress (5): 4.3/12 MB | 1.6/2.6 MB | 0.4/1.1 MB | 311/636 kB | 229 kB
2026.05.02 12:35:10 INFO  Progress (5): 4.3/12 MB | 1.7/2.6 MB | 0.4/1.1 MB | 311/636 kB | 229 kB
2026.05.02 12:35:10 INFO  Progress (5): 4.3/12 MB | 1.7/2.6 MB | 0.4/1.1 MB | 311/636 kB | 229 kB
2026.05.02 12:35:10 INFO  Progress (5): 4.3/12 MB | 1.7/2.6 MB | 0.4/1.1 MB | 311/636 kB | 229 kB
2026.05.02 12:35:10 INFO  Progress (5): 4.3/12 MB | 1.7/2.6 MB | 0.4/1.1 MB | 311/636 kB | 229 kB
2026.05.02 12:35:10 INFO  Progress (5): 4.4/12 MB | 1.7/2.6 MB | 0.4/1.1 MB | 311/636 kB | 229 kB
2026.05.02 12:35:10 INFO  Progress (5): 4.4/12 MB | 1.7/2.6 MB | 0.4/1.1 MB | 311/636 kB | 229 kB
2026.05.02 12:35:10 INFO  Progress (5): 4.4/12 MB | 1.7/2.6 MB | 0.4/1.1 MB | 311/636 kB | 229 kB
2026.05.02 12:35:10 INFO                                                                         
2026.05.02 12:35:10 INFO  Downloaded from central: https://repo.maven.apache.org/maven2/com/swoval/file-tree-views/2.1.9/file-tree-views-2.1.9.jar (229 kB at 32 kB/s)
2026.05.02 12:35:10 INFO  Progress (4): 4.4/12 MB | 1.7/2.6 MB | 0.4/1.1 MB | 311/636 kB
2026.05.02 12:35:10 INFO                                                                
2026.05.02 12:35:10 INFO  Downloading from central: https://repo.maven.apache.org/maven2/net/java/dev/jna/jna/5.12.0/jna-5.12.0.jar
2026.05.02 12:35:10 INFO  Progress (4): 4.4/12 MB | 1.7/2.6 MB | 0.4/1.1 MB | 328/636 kB
2026.05.02 12:35:10 INFO  Progress (4): 4.4/12 MB | 1.7/2.6 MB | 0.4/1.1 MB | 328/636 kB
2026.05.02 12:35:10 INFO  Progress (4): 4.4/12 MB | 1.7/2.6 MB | 0.4/1.1 MB | 336/636 kB
2026.05.02 12:35:10 INFO  Progress (4): 4.4/12 MB | 1.7/2.6 MB | 0.4/1.1 MB | 336/636 kB
2026.05.02 12:35:10 INFO  Progress (4): 4.4/12 MB | 1.7/2.6 MB | 0.4/1.1 MB | 336/636 kB
2026.05.02 12:35:10 INFO  Progress (4): 4.4/12 MB | 1.7/2.6 MB | 0.4/1.1 MB | 336/636 kB
2026.05.02 12:35:10 INFO  Progress (4): 4.4/12 MB | 1.7/2.6 MB | 0.4/1.1 MB | 336/636 kB
2026.05.02 12:35:10 INFO  Progress (4): 4.5/12 MB | 1.7/2.6 MB | 0.4/1.1 MB | 336/636 kB
2026.05.02 12:35:10 INFO  Progress (4): 4.5/12 MB | 1.7/2.6 MB | 0.4/1.1 MB | 336/636 kB
2026.05.02 12:35:10 INFO  Progress (4): 4.5/12 MB | 1.7/2.6 MB | 0.4/1.1 MB | 344/636 kB
2026.05.02 12:35:10 INFO  Progress (4): 4.5/12 MB | 1.7/2.6 MB | 0.4/1.1 MB | 344/636 kB
2026.05.02 12:35:10 INFO  Progress (4): 4.5/12 MB | 1.7/2.6 MB | 0.4/1.1 MB | 344/636 kB
2026.05.02 12:35:10 INFO  Progress (4): 4.5/12 MB | 1.7/2.6 MB | 0.4/1.1 MB | 344/636 kB
2026.05.02 12:35:10 INFO  Progress (4): 4.5/12 MB | 1.7/2.6 MB | 0.4/1.1 MB | 344/636 kB
2026.05.02 12:35:10 INFO  Progress (4): 4.5/12 MB | 1.7/2.6 MB | 0.4/1.1 MB | 344/636 kB
2026.05.02 12:35:10 INFO  Progress (4): 4.5/12 MB | 1.7/2.6 MB | 0.4/1.1 MB | 344/636 kB
2026.05.02 12:35:10 INFO  Progress (4): 4.5/12 MB | 1.7/2.6 MB | 0.4/1.1 MB | 344/636 kB
2026.05.02 12:35:10 INFO  Progress (4): 4.6/12 MB | 1.7/2.6 MB | 0.4/1.1 MB | 344/636 kB
2026.05.02 12:35:10 INFO  Progress (4): 4.6/12 MB | 1.7/2.6 MB | 0.4/1.1 MB | 344/636 kB
2026.05.02 12:35:10 INFO  Progress (4): 4.6/12 MB | 1.7/2.6 MB | 0.4/1.1 MB | 344/636 kB
2026.05.02 12:35:10 INFO  Progress (4): 4.6/12 MB | 1.8/2.6 MB | 0.4/1.1 MB | 344/636 kB
2026.05.02 12:35:10 INFO  Progress (4): 4.6/12 MB | 1.8/2.6 MB | 0.4/1.1 MB | 344/636 kB
2026.05.02 12:35:10 INFO  Progress (4): 4.6/12 MB | 1.8/2.6 MB | 0.4/1.1 MB | 344/636 kB
2026.05.02 12:35:10 INFO  Progress (4): 4.6/12 MB | 1.8/2.6 MB | 0.4/1.1 MB | 344/636 kB
2026.05.02 12:35:10 INFO  Progress (4): 4.6/12 MB | 1.8/2.6 MB | 0.4/1.1 MB | 344/636 kB
2026.05.02 12:35:10 INFO  Progress (4): 4.6/12 MB | 1.8/2.6 MB | 0.4/1.1 MB | 344/636 kB
2026.05.02 12:35:10 INFO  Progress (4): 4.6/12 MB | 1.8/2.6 MB | 0.4/1.1 MB | 344/636 kB
2026.05.02 12:35:10 INFO  Progress (4): 4.6/12 MB | 1.8/2.6 MB | 0.4/1.1 MB | 360/636 kB
2026.05.02 12:35:10 INFO  Progress (4): 4.6/12 MB | 1.8/2.6 MB | 0.4/1.1 MB | 360/636 kB
2026.05.02 12:35:10 INFO  Progress (4): 4.6/12 MB | 1.8/2.6 MB | 0.4/1.1 MB | 360/636 kB
2026.05.02 12:35:10 INFO  Progress (4): 4.6/12 MB | 1.9/2.6 MB | 0.4/1.1 MB | 360/636 kB
2026.05.02 12:35:10 INFO  Progress (4): 4.6/12 MB | 1.9/2.6 MB | 0.4/1.1 MB | 360/636 kB
2026.05.02 12:35:10 INFO  Progress (4): 4.7/12 MB | 1.9/2.6 MB | 0.4/1.1 MB | 360/636 kB
2026.05.02 12:35:10 INFO  Progress (4): 4.7/12 MB | 1.9/2.6 MB | 0.4/1.1 MB | 360/636 kB
2026.05.02 12:35:10 INFO  Progress (4): 4.7/12 MB | 1.9/2.6 MB | 0.4/1.1 MB | 360/636 kB
2026.05.02 12:35:10 INFO  Progress (4): 4.7/12 MB | 1.9/2.6 MB | 0.4/1.1 MB | 377/636 kB
2026.05.02 12:35:10 INFO  Progress (4): 4.7/12 MB | 1.9/2.6 MB | 0.4/1.1 MB | 377/636 kB
2026.05.02 12:35:10 INFO  Progress (4): 4.7/12 MB | 1.9/2.6 MB | 0.4/1.1 MB | 377/636 kB
2026.05.02 12:35:10 INFO  Progress (4): 4.7/12 MB | 1.9/2.6 MB | 0.4/1.1 MB | 377/636 kB
2026.05.02 12:35:10 INFO  Progress (4): 4.7/12 MB | 1.9/2.6 MB | 0.4/1.1 MB | 377/636 kB
2026.05.02 12:35:10 INFO  Progress (4): 4.7/12 MB | 1.9/2.6 MB | 0.4/1.1 MB | 377/636 kB
2026.05.02 12:35:10 INFO  Progress (4): 4.7/12 MB | 1.9/2.6 MB | 0.4/1.1 MB | 377/636 kB
2026.05.02 12:35:10 INFO  Progress (4): 4.7/12 MB | 1.9/2.6 MB | 0.4/1.1 MB | 377/636 kB
2026.05.02 12:35:10 INFO  Progress (4): 4.7/12 MB | 1.9/2.6 MB | 0.4/1.1 MB | 377/636 kB
2026.05.02 12:35:10 INFO  Progress (4): 4.7/12 MB | 1.9/2.6 MB | 0.4/1.1 MB | 393/636 kB
2026.05.02 12:35:10 INFO  Progress (4): 4.8/12 MB | 1.9/2.6 MB | 0.4/1.1 MB | 393/636 kB
2026.05.02 12:35:10 INFO  Progress (4): 4.8/12 MB | 1.9/2.6 MB | 0.4/1.1 MB | 393/636 kB
2026.05.02 12:35:10 INFO  Progress (4): 4.8/12 MB | 2.0/2.6 MB | 0.4/1.1 MB | 393/636 kB
2026.05.02 12:35:10 INFO  Progress (4): 4.8/12 MB | 2.0/2.6 MB | 0.4/1.1 MB | 393/636 kB
2026.05.02 12:35:10 INFO  Progress (4): 4.8/12 MB | 2.0/2.6 MB | 0.4/1.1 MB | 393/636 kB
2026.05.02 12:35:10 INFO  Progress (4): 4.8/12 MB | 2.0/2.6 MB | 0.4/1.1 MB | 393/636 kB
2026.05.02 12:35:10 INFO  Progress (4): 4.8/12 MB | 2.0/2.6 MB | 0.4/1.1 MB | 393/636 kB
2026.05.02 12:35:10 INFO  Progress (4): 4.8/12 MB | 2.0/2.6 MB | 0.4/1.1 MB | 393/636 kB
2026.05.02 12:35:10 INFO  Progress (4): 4.8/12 MB | 2.0/2.6 MB | 0.4/1.1 MB | 410/636 kB
2026.05.02 12:35:10 INFO  Progress (4): 4.8/12 MB | 2.0/2.6 MB | 0.4/1.1 MB | 410/636 kB
2026.05.02 12:35:10 INFO  Progress (4): 4.8/12 MB | 2.0/2.6 MB | 0.4/1.1 MB | 410/636 kB
2026.05.02 12:35:10 INFO  Progress (4): 4.8/12 MB | 2.0/2.6 MB | 0.4/1.1 MB | 410/636 kB
2026.05.02 12:35:10 INFO  Progress (4): 4.8/12 MB | 2.1/2.6 MB | 0.4/1.1 MB | 410/636 kB
2026.05.02 12:35:10 INFO  Progress (4): 4.8/12 MB | 2.1/2.6 MB | 0.4/1.1 MB | 410/636 kB
2026.05.02 12:35:10 INFO  Progress (4): 4.8/12 MB | 2.1/2.6 MB | 0.4/1.1 MB | 410/636 kB
2026.05.02 12:35:10 INFO  Progress (4): 4.8/12 MB | 2.1/2.6 MB | 0.4/1.1 MB | 426/636 kB
2026.05.02 12:35:10 INFO  Progress (4): 4.8/12 MB | 2.1/2.6 MB | 0.4/1.1 MB | 426/636 kB
2026.05.02 12:35:10 INFO  Progress (4): 4.9/12 MB | 2.1/2.6 MB | 0.4/1.1 MB | 426/636 kB
2026.05.02 12:35:10 INFO  Progress (4): 4.9/12 MB | 2.1/2.6 MB | 0.4/1.1 MB | 426/636 kB
2026.05.02 12:35:10 INFO  Progress (4): 4.9/12 MB | 2.1/2.6 MB | 0.4/1.1 MB | 426/636 kB
2026.05.02 12:35:10 INFO  Progress (4): 4.9/12 MB | 2.1/2.6 MB | 0.4/1.1 MB | 426/636 kB
2026.05.02 12:35:10 INFO  Progress (4): 4.9/12 MB | 2.1/2.6 MB | 0.4/1.1 MB | 426/636 kB
2026.05.02 12:35:10 INFO  Progress (4): 4.9/12 MB | 2.1/2.6 MB | 0.4/1.1 MB | 426/636 kB
2026.05.02 12:35:10 INFO  Progress (4): 4.9/12 MB | 2.1/2.6 MB | 0.4/1.1 MB | 426/636 kB
2026.05.02 12:35:10 INFO  Progress (4): 4.9/12 MB | 2.1/2.6 MB | 0.4/1.1 MB | 442/636 kB
2026.05.02 12:35:10 INFO  Progress (4): 4.9/12 MB | 2.1/2.6 MB | 0.4/1.1 MB | 442/636 kB
2026.05.02 12:35:10 INFO  Progress (4): 4.9/12 MB | 2.1/2.6 MB | 0.4/1.1 MB | 442/636 kB
2026.05.02 12:35:10 INFO  Progress (4): 4.9/12 MB | 2.2/2.6 MB | 0.4/1.1 MB | 442/636 kB
2026.05.02 12:35:10 INFO  Progress (4): 4.9/12 MB | 2.2/2.6 MB | 0.5/1.1 MB | 442/636 kB
2026.05.02 12:35:10 INFO  Progress (4): 4.9/12 MB | 2.2/2.6 MB | 0.5/1.1 MB | 442/636 kB
2026.05.02 12:35:10 INFO  Progress (4): 5.0/12 MB | 2.2/2.6 MB | 0.5/1.1 MB | 442/636 kB
2026.05.02 12:35:10 INFO  Progress (4): 5.0/12 MB | 2.2/2.6 MB | 0.5/1.1 MB | 459/636 kB
2026.05.02 12:35:10 INFO  Progress (4): 5.0/12 MB | 2.2/2.6 MB | 0.5/1.1 MB | 459/636 kB
2026.05.02 12:35:10 INFO  Progress (4): 5.0/12 MB | 2.2/2.6 MB | 0.5/1.1 MB | 467/636 kB
2026.05.02 12:35:10 INFO  Progress (4): 5.0/12 MB | 2.2/2.6 MB | 0.5/1.1 MB | 467/636 kB
2026.05.02 12:35:10 INFO  Progress (4): 5.0/12 MB | 2.2/2.6 MB | 0.5/1.1 MB | 467/636 kB
2026.05.02 12:35:10 INFO  Progress (4): 5.0/12 MB | 2.2/2.6 MB | 0.5/1.1 MB | 467/636 kB
2026.05.02 12:35:10 INFO  Progress (4): 5.0/12 MB | 2.2/2.6 MB | 0.5/1.1 MB | 467/636 kB
2026.05.02 12:35:10 INFO  Progress (4): 5.0/12 MB | 2.2/2.6 MB | 0.5/1.1 MB | 475/636 kB
2026.05.02 12:35:10 INFO  Progress (4): 5.0/12 MB | 2.2/2.6 MB | 0.5/1.1 MB | 475/636 kB
2026.05.02 12:35:10 INFO  Progress (4): 5.0/12 MB | 2.2/2.6 MB | 0.5/1.1 MB | 475/636 kB
2026.05.02 12:35:10 INFO  Progress (4): 5.0/12 MB | 2.2/2.6 MB | 0.5/1.1 MB | 475/636 kB
2026.05.02 12:35:10 INFO  Progress (4): 5.1/12 MB | 2.2/2.6 MB | 0.5/1.1 MB | 475/636 kB
2026.05.02 12:35:10 INFO  Progress (4): 5.1/12 MB | 2.2/2.6 MB | 0.5/1.1 MB | 492/636 kB
2026.05.02 12:35:10 INFO  Progress (4): 5.1/12 MB | 2.2/2.6 MB | 0.5/1.1 MB | 492/636 kB
2026.05.02 12:35:10 INFO  Progress (4): 5.1/12 MB | 2.2/2.6 MB | 0.5/1.1 MB | 492/636 kB
2026.05.02 12:35:10 INFO  Progress (4): 5.1/12 MB | 2.2/2.6 MB | 0.5/1.1 MB | 492/636 kB
2026.05.02 12:35:10 INFO  Progress (4): 5.1/12 MB | 2.2/2.6 MB | 0.5/1.1 MB | 508/636 kB
2026.05.02 12:35:10 INFO  Progress (4): 5.1/12 MB | 2.2/2.6 MB | 0.5/1.1 MB | 508/636 kB
2026.05.02 12:35:10 INFO  Progress (4): 5.1/12 MB | 2.2/2.6 MB | 0.5/1.1 MB | 508/636 kB
2026.05.02 12:35:10 INFO  Progress (4): 5.1/12 MB | 2.2/2.6 MB | 0.5/1.1 MB | 508/636 kB
2026.05.02 12:35:10 INFO  Progress (4): 5.1/12 MB | 2.2/2.6 MB | 0.5/1.1 MB | 508/636 kB
2026.05.02 12:35:10 INFO  Progress (5): 5.1/12 MB | 2.2/2.6 MB | 0.5/1.1 MB | 508/636 kB | 0/1.9 MB
2026.05.02 12:35:10 INFO  Progress (5): 5.1/12 MB | 2.2/2.6 MB | 0.5/1.1 MB | 508/636 kB | 0/1.9 MB
2026.05.02 12:35:10 INFO  Progress (5): 5.1/12 MB | 2.2/2.6 MB | 0.5/1.1 MB | 508/636 kB | 0/1.9 MB
2026.05.02 12:35:10 INFO  Progress (5): 5.1/12 MB | 2.2/2.6 MB | 0.5/1.1 MB | 508/636 kB | 0/1.9 MB
2026.05.02 12:35:10 INFO  Progress (5): 5.1/12 MB | 2.2/2.6 MB | 0.5/1.1 MB | 508/636 kB | 0.1/1.9 MB
2026.05.02 12:35:10 INFO  Progress (5): 5.1/12 MB | 2.2/2.6 MB | 0.5/1.1 MB | 508/636 kB | 0.1/1.9 MB
2026.05.02 12:35:10 INFO  Progress (5): 5.2/12 MB | 2.2/2.6 MB | 0.5/1.1 MB | 508/636 kB | 0.1/1.9 MB
2026.05.02 12:35:10 INFO  Progress (5): 5.2/12 MB | 2.2/2.6 MB | 0.5/1.1 MB | 508/636 kB | 0.1/1.9 MB
2026.05.02 12:35:10 INFO  Progress (5): 5.2/12 MB | 2.2/2.6 MB | 0.5/1.1 MB | 508/636 kB | 0.1/1.9 MB
2026.05.02 12:35:10 INFO  Progress (5): 5.2/12 MB | 2.2/2.6 MB | 0.5/1.1 MB | 508/636 kB | 0.1/1.9 MB
2026.05.02 12:35:10 INFO  Progress (5): 5.2/12 MB | 2.2/2.6 MB | 0.5/1.1 MB | 508/636 kB | 0.1/1.9 MB
2026.05.02 12:35:10 INFO  Progress (5): 5.2/12 MB | 2.2/2.6 MB | 0.5/1.1 MB | 508/636 kB | 0.1/1.9 MB
2026.05.02 12:35:10 INFO  Progress (5): 5.2/12 MB | 2.2/2.6 MB | 0.5/1.1 MB | 508/636 kB | 0.1/1.9 MB
2026.05.02 12:35:10 INFO  Progress (5): 5.2/12 MB | 2.2/2.6 MB | 0.5/1.1 MB | 508/636 kB | 0.1/1.9 MB
2026.05.02 12:35:10 INFO  Progress (5): 5.2/12 MB | 2.2/2.6 MB | 0.5/1.1 MB | 508/636 kB | 0.2/1.9 MB
2026.05.02 12:35:10 INFO  Progress (5): 5.2/12 MB | 2.2/2.6 MB | 0.5/1.1 MB | 508/636 kB | 0.2/1.9 MB
2026.05.02 12:35:10 INFO  Progress (5): 5.2/12 MB | 2.2/2.6 MB | 0.5/1.1 MB | 508/636 kB | 0.2/1.9 MB
2026.05.02 12:35:10 INFO  Progress (5): 5.2/12 MB | 2.2/2.6 MB | 0.5/1.1 MB | 508/636 kB | 0.2/1.9 MB
2026.05.02 12:35:10 INFO  Progress (5): 5.2/12 MB | 2.2/2.6 MB | 0.5/1.1 MB | 508/636 kB | 0.2/1.9 MB
2026.05.02 12:35:10 INFO  Progress (5): 5.2/12 MB | 2.2/2.6 MB | 0.5/1.1 MB | 508/636 kB | 0.2/1.9 MB
2026.05.02 12:35:10 INFO  Progress (5): 5.2/12 MB | 2.2/2.6 MB | 0.5/1.1 MB | 508/636 kB | 0.2/1.9 MB
2026.05.02 12:35:10 INFO  Progress (5): 5.2/12 MB | 2.2/2.6 MB | 0.5/1.1 MB | 508/636 kB | 0.2/1.9 MB
2026.05.02 12:35:10 INFO  Progress (5): 5.2/12 MB | 2.2/2.6 MB | 0.5/1.1 MB | 508/636 kB | 0.2/1.9 MB
2026.05.02 12:35:10 INFO  Progress (5): 5.2/12 MB | 2.2/2.6 MB | 0.5/1.1 MB | 508/636 kB | 0.2/1.9 MB
2026.05.02 12:35:10 INFO  Progress (5): 5.2/12 MB | 2.2/2.6 MB | 0.5/1.1 MB | 508/636 kB | 0.2/1.9 MB
2026.05.02 12:35:10 INFO  Progress (5): 5.2/12 MB | 2.2/2.6 MB | 0.5/1.1 MB | 508/636 kB | 0.2/1.9 MB
2026.05.02 12:35:10 INFO  Progress (5): 5.2/12 MB | 2.3/2.6 MB | 0.5/1.1 MB | 508/636 kB | 0.2/1.9 MB
2026.05.02 12:35:10 INFO  Progress (5): 5.2/12 MB | 2.3/2.6 MB | 0.5/1.1 MB | 524/636 kB | 0.2/1.9 MB
2026.05.02 12:35:10 INFO  Progress (5): 5.2/12 MB | 2.3/2.6 MB | 0.5/1.1 MB | 524/636 kB | 0.2/1.9 MB
2026.05.02 12:35:10 INFO  Progress (5): 5.3/12 MB | 2.3/2.6 MB | 0.5/1.1 MB | 524/636 kB | 0.2/1.9 MB
2026.05.02 12:35:10 INFO  Progress (5): 5.3/12 MB | 2.3/2.6 MB | 0.5/1.1 MB | 524/636 kB | 0.2/1.9 MB
2026.05.02 12:35:10 INFO  Progress (5): 5.3/12 MB | 2.3/2.6 MB | 0.5/1.1 MB | 524/636 kB | 0.2/1.9 MB
2026.05.02 12:35:10 INFO  Progress (5): 5.3/12 MB | 2.3/2.6 MB | 0.5/1.1 MB | 524/636 kB | 0.2/1.9 MB
2026.05.02 12:35:10 INFO  Progress (5): 5.3/12 MB | 2.3/2.6 MB | 0.5/1.1 MB | 524/636 kB | 0.2/1.9 MB
2026.05.02 12:35:10 INFO  Progress (5): 5.3/12 MB | 2.3/2.6 MB | 0.5/1.1 MB | 524/636 kB | 0.2/1.9 MB
2026.05.02 12:35:10 INFO  Progress (5): 5.3/12 MB | 2.3/2.6 MB | 0.5/1.1 MB | 524/636 kB | 0.2/1.9 MB
2026.05.02 12:35:10 INFO  Progress (5): 5.3/12 MB | 2.3/2.6 MB | 0.5/1.1 MB | 524/636 kB | 0.2/1.9 MB
2026.05.02 12:35:10 INFO  Progress (5): 5.3/12 MB | 2.3/2.6 MB | 0.5/1.1 MB | 524/636 kB | 0.2/1.9 MB
2026.05.02 12:35:10 INFO  Progress (5): 5.3/12 MB | 2.3/2.6 MB | 0.5/1.1 MB | 524/636 kB | 0.2/1.9 MB
2026.05.02 12:35:10 INFO  Progress (5): 5.3/12 MB | 2.4/2.6 MB | 0.5/1.1 MB | 524/636 kB | 0.2/1.9 MB
2026.05.02 12:35:10 INFO  Progress (5): 5.3/12 MB | 2.4/2.6 MB | 0.5/1.1 MB | 541/636 kB | 0.2/1.9 MB
2026.05.02 12:35:10 INFO  Progress (5): 5.3/12 MB | 2.4/2.6 MB | 0.5/1.1 MB | 541/636 kB | 0.2/1.9 MB
2026.05.02 12:35:10 INFO  Progress (5): 5.3/12 MB | 2.4/2.6 MB | 0.6/1.1 MB | 541/636 kB | 0.2/1.9 MB
2026.05.02 12:35:10 INFO  Progress (5): 5.3/12 MB | 2.4/2.6 MB | 0.6/1.1 MB | 541/636 kB | 0.2/1.9 MB
2026.05.02 12:35:10 INFO  Progress (5): 5.3/12 MB | 2.4/2.6 MB | 0.6/1.1 MB | 541/636 kB | 0.2/1.9 MB
2026.05.02 12:35:10 INFO  Progress (5): 5.4/12 MB | 2.4/2.6 MB | 0.6/1.1 MB | 541/636 kB | 0.2/1.9 MB
2026.05.02 12:35:10 INFO  Progress (5): 5.4/12 MB | 2.4/2.6 MB | 0.6/1.1 MB | 541/636 kB | 0.2/1.9 MB
2026.05.02 12:35:10 INFO  Progress (5): 5.4/12 MB | 2.4/2.6 MB | 0.6/1.1 MB | 541/636 kB | 0.2/1.9 MB
2026.05.02 12:35:10 INFO  Progress (5): 5.4/12 MB | 2.4/2.6 MB | 0.6/1.1 MB | 541/636 kB | 0.2/1.9 MB
2026.05.02 12:35:10 INFO  Progress (5): 5.4/12 MB | 2.4/2.6 MB | 0.6/1.1 MB | 557/636 kB | 0.2/1.9 MB
2026.05.02 12:35:10 INFO  Progress (5): 5.4/12 MB | 2.4/2.6 MB | 0.6/1.1 MB | 557/636 kB | 0.2/1.9 MB
2026.05.02 12:35:10 INFO  Progress (5): 5.4/12 MB | 2.4/2.6 MB | 0.6/1.1 MB | 557/636 kB | 0.2/1.9 MB
2026.05.02 12:35:10 INFO  Progress (5): 5.4/12 MB | 2.4/2.6 MB | 0.6/1.1 MB | 557/636 kB | 0.2/1.9 MB
2026.05.02 12:35:10 INFO  Progress (5): 5.4/12 MB | 2.4/2.6 MB | 0.6/1.1 MB | 557/636 kB | 0.2/1.9 MB
2026.05.02 12:35:10 INFO  Progress (5): 5.4/12 MB | 2.4/2.6 MB | 0.6/1.1 MB | 557/636 kB | 0.2/1.9 MB
2026.05.02 12:35:10 INFO  Progress (5): 5.4/12 MB | 2.4/2.6 MB | 0.6/1.1 MB | 557/636 kB | 0.2/1.9 MB
2026.05.02 12:35:10 INFO  Progress (5): 5.4/12 MB | 2.4/2.6 MB | 0.6/1.1 MB | 557/636 kB | 0.2/1.9 MB
2026.05.02 12:35:10 INFO  Progress (5): 5.4/12 MB | 2.5/2.6 MB | 0.6/1.1 MB | 557/636 kB | 0.2/1.9 MB
2026.05.02 12:35:10 INFO  Progress (5): 5.4/12 MB | 2.5/2.6 MB | 0.6/1.1 MB | 557/636 kB | 0.2/1.9 MB
2026.05.02 12:35:10 INFO  Progress (5): 5.4/12 MB | 2.5/2.6 MB | 0.6/1.1 MB | 557/636 kB | 0.2/1.9 MB
2026.05.02 12:35:10 INFO  Progress (5): 5.4/12 MB | 2.5/2.6 MB | 0.6/1.1 MB | 557/636 kB | 0.2/1.9 MB
2026.05.02 12:35:10 INFO  Progress (5): 5.4/12 MB | 2.5/2.6 MB | 0.6/1.1 MB | 557/636 kB | 0.2/1.9 MB
2026.05.02 12:35:10 INFO  Progress (5): 5.4/12 MB | 2.5/2.6 MB | 0.6/1.1 MB | 557/636 kB | 0.2/1.9 MB
2026.05.02 12:35:10 INFO  Progress (5): 5.5/12 MB | 2.5/2.6 MB | 0.6/1.1 MB | 557/636 kB | 0.2/1.9 MB
2026.05.02 12:35:10 INFO  Progress (5): 5.5/12 MB | 2.5/2.6 MB | 0.6/1.1 MB | 573/636 kB | 0.2/1.9 MB
2026.05.02 12:35:10 INFO  Progress (5): 5.5/12 MB | 2.5/2.6 MB | 0.6/1.1 MB | 573/636 kB | 0.2/1.9 MB
2026.05.02 12:35:10 INFO  Progress (5): 5.5/12 MB | 2.5/2.6 MB | 0.6/1.1 MB | 573/636 kB | 0.2/1.9 MB
2026.05.02 12:35:10 INFO  Progress (5): 5.5/12 MB | 2.5/2.6 MB | 0.6/1.1 MB | 573/636 kB | 0.2/1.9 MB
2026.05.02 12:35:10 INFO  Progress (5): 5.5/12 MB | 2.5/2.6 MB | 0.6/1.1 MB | 590/636 kB | 0.2/1.9 MB
2026.05.02 12:35:10 INFO  Progress (5): 5.5/12 MB | 2.6/2.6 MB | 0.6/1.1 MB | 590/636 kB | 0.2/1.9 MB
2026.05.02 12:35:10 INFO  Progress (5): 5.5/12 MB | 2.6/2.6 MB | 0.6/1.1 MB | 590/636 kB | 0.2/1.9 MB
2026.05.02 12:35:11 INFO  Progress (5): 5.5/12 MB | 2.6/2.6 MB | 0.6/1.1 MB | 590/636 kB | 0.2/1.9 MB
2026.05.02 12:35:11 INFO  Progress (5): 5.5/12 MB | 2.6/2.6 MB | 0.6/1.1 MB | 590/636 kB | 0.2/1.9 MB
2026.05.02 12:35:11 INFO  Progress (5): 5.5/12 MB | 2.6/2.6 MB | 0.6/1.1 MB | 598/636 kB | 0.2/1.9 MB
2026.05.02 12:35:11 INFO  Progress (5): 5.5/12 MB | 2.6/2.6 MB | 0.6/1.1 MB | 598/636 kB | 0.2/1.9 MB
2026.05.02 12:35:11 INFO  Progress (5): 5.5/12 MB | 2.6/2.6 MB | 0.6/1.1 MB | 598/636 kB | 0.2/1.9 MB
2026.05.02 12:35:11 INFO  Progress (5): 5.5/12 MB | 2.6/2.6 MB | 0.6/1.1 MB | 598/636 kB | 0.2/1.9 MB
2026.05.02 12:35:11 INFO  Progress (5): 5.5/12 MB | 2.6/2.6 MB | 0.6/1.1 MB | 614/636 kB | 0.2/1.9 MB
2026.05.02 12:35:11 INFO  Progress (5): 5.5/12 MB | 2.6/2.6 MB | 0.6/1.1 MB | 614/636 kB | 0.2/1.9 MB
2026.05.02 12:35:11 INFO  Progress (5): 5.5/12 MB | 2.6/2.6 MB | 0.6/1.1 MB | 614/636 kB | 0.2/1.9 MB
2026.05.02 12:35:11 INFO  Progress (5): 5.6/12 MB | 2.6/2.6 MB | 0.6/1.1 MB | 614/636 kB | 0.2/1.9 MB
2026.05.02 12:35:11 INFO  Progress (5): 5.6/12 MB | 2.6/2.6 MB | 0.6/1.1 MB | 614/636 kB | 0.2/1.9 MB
2026.05.02 12:35:11 INFO  Progress (5): 5.6/12 MB | 2.6 MB | 0.6/1.1 MB | 614/636 kB | 0.2/1.9 MB    
2026.05.02 12:35:11 INFO  Progress (5): 5.6/12 MB | 2.6 MB | 0.6/1.1 MB | 614/636 kB | 0.2/1.9 MB
2026.05.02 12:35:11 INFO  Progress (5): 5.6/12 MB | 2.6 MB | 0.6/1.1 MB | 614/636 kB | 0.2/1.9 MB
2026.05.02 12:35:11 INFO  Progress (5): 5.6/12 MB | 2.6 MB | 0.6/1.1 MB | 631/636 kB | 0.2/1.9 MB
2026.05.02 12:35:11 INFO  Progress (5): 5.6/12 MB | 2.6 MB | 0.6/1.1 MB | 636 kB | 0.2/1.9 MB    
2026.05.02 12:35:11 INFO  Progress (5): 5.6/12 MB | 2.6 MB | 0.6/1.1 MB | 636 kB | 0.2/1.9 MB
2026.05.02 12:35:11 INFO  Progress (5): 5.6/12 MB | 2.6 MB | 0.6/1.1 MB | 636 kB | 0.2/1.9 MB
2026.05.02 12:35:11 INFO  Progress (5): 5.6/12 MB | 2.6 MB | 0.6/1.1 MB | 636 kB | 0.2/1.9 MB
2026.05.02 12:35:11 INFO  Progress (5): 5.6/12 MB | 2.6 MB | 0.6/1.1 MB | 636 kB | 0.2/1.9 MB
2026.05.02 12:35:11 INFO  Progress (5): 5.6/12 MB | 2.6 MB | 0.6/1.1 MB | 636 kB | 0.2/1.9 MB
2026.05.02 12:35:11 INFO  Progress (5): 5.7/12 MB | 2.6 MB | 0.6/1.1 MB | 636 kB | 0.2/1.9 MB
2026.05.02 12:35:11 INFO  Progress (5): 5.7/12 MB | 2.6 MB | 0.6/1.1 MB | 636 kB | 0.2/1.9 MB
2026.05.02 12:35:11 INFO  Progress (5): 5.7/12 MB | 2.6 MB | 0.6/1.1 MB | 636 kB | 0.2/1.9 MB
2026.05.02 12:35:11 INFO  Progress (5): 5.7/12 MB | 2.6 MB | 0.6/1.1 MB | 636 kB | 0.2/1.9 MB
2026.05.02 12:35:11 INFO  Progress (5): 5.7/12 MB | 2.6 MB | 0.7/1.1 MB | 636 kB | 0.2/1.9 MB
2026.05.02 12:35:11 INFO  Progress (5): 5.7/12 MB | 2.6 MB | 0.7/1.1 MB | 636 kB | 0.2/1.9 MB
2026.05.02 12:35:11 INFO  Progress (5): 5.7/12 MB | 2.6 MB | 0.7/1.1 MB | 636 kB | 0.3/1.9 MB
2026.05.02 12:35:11 INFO  Progress (5): 5.7/12 MB | 2.6 MB | 0.7/1.1 MB | 636 kB | 0.3/1.9 MB
2026.05.02 12:35:11 INFO  Progress (5): 5.7/12 MB | 2.6 MB | 0.7/1.1 MB | 636 kB | 0.3/1.9 MB
2026.05.02 12:35:11 INFO  Progress (5): 5.7/12 MB | 2.6 MB | 0.7/1.1 MB | 636 kB | 0.3/1.9 MB
2026.05.02 12:35:11 INFO  Progress (5): 5.7/12 MB | 2.6 MB | 0.7/1.1 MB | 636 kB | 0.3/1.9 MB
2026.05.02 12:35:11 INFO  Progress (5): 5.7/12 MB | 2.6 MB | 0.7/1.1 MB | 636 kB | 0.3/1.9 MB
2026.05.02 12:35:11 INFO  Progress (5): 5.7/12 MB | 2.6 MB | 0.7/1.1 MB | 636 kB | 0.3/1.9 MB
2026.05.02 12:35:11 INFO  Progress (5): 5.7/12 MB | 2.6 MB | 0.7/1.1 MB | 636 kB | 0.4/1.9 MB
2026.05.02 12:35:11 INFO  Progress (5): 5.7/12 MB | 2.6 MB | 0.7/1.1 MB | 636 kB | 0.4/1.9 MB
2026.05.02 12:35:11 INFO  Progress (5): 5.7/12 MB | 2.6 MB | 0.7/1.1 MB | 636 kB | 0.4/1.9 MB
2026.05.02 12:35:11 INFO  Progress (5): 5.7/12 MB | 2.6 MB | 0.7/1.1 MB | 636 kB | 0.4/1.9 MB
2026.05.02 12:35:11 INFO  Progress (5): 5.8/12 MB | 2.6 MB | 0.7/1.1 MB | 636 kB | 0.4/1.9 MB
2026.05.02 12:35:11 INFO  Progress (5): 5.8/12 MB | 2.6 MB | 0.7/1.1 MB | 636 kB | 0.4/1.9 MB
2026.05.02 12:35:11 INFO  Progress (5): 5.8/12 MB | 2.6 MB | 0.7/1.1 MB | 636 kB | 0.4/1.9 MB
2026.05.02 12:35:11 INFO  Progress (5): 5.8/12 MB | 2.6 MB | 0.7/1.1 MB | 636 kB | 0.4/1.9 MB
2026.05.02 12:35:11 INFO  Progress (5): 5.8/12 MB | 2.6 MB | 0.7/1.1 MB | 636 kB | 0.4/1.9 MB
2026.05.02 12:35:11 INFO  Progress (5): 5.8/12 MB | 2.6 MB | 0.7/1.1 MB | 636 kB | 0.4/1.9 MB
2026.05.02 12:35:11 INFO  Progress (5): 5.8/12 MB | 2.6 MB | 0.7/1.1 MB | 636 kB | 0.4/1.9 MB
2026.05.02 12:35:11 INFO  Progress (5): 5.8/12 MB | 2.6 MB | 0.7/1.1 MB | 636 kB | 0.4/1.9 MB
2026.05.02 12:35:11 INFO  Progress (5): 5.8/12 MB | 2.6 MB | 0.7/1.1 MB | 636 kB | 0.5/1.9 MB
2026.05.02 12:35:11 INFO  Progress (5): 5.8/12 MB | 2.6 MB | 0.7/1.1 MB | 636 kB | 0.5/1.9 MB
2026.05.02 12:35:11 INFO  Progress (5): 5.8/12 MB | 2.6 MB | 0.7/1.1 MB | 636 kB | 0.5/1.9 MB
2026.05.02 12:35:11 INFO  Progress (5): 5.8/12 MB | 2.6 MB | 0.7/1.1 MB | 636 kB | 0.5/1.9 MB
2026.05.02 12:35:11 INFO  Progress (5): 5.8/12 MB | 2.6 MB | 0.7/1.1 MB | 636 kB | 0.5/1.9 MB
2026.05.02 12:35:11 INFO  Progress (5): 5.8/12 MB | 2.6 MB | 0.7/1.1 MB | 636 kB | 0.5/1.9 MB
2026.05.02 12:35:11 INFO  Progress (5): 5.8/12 MB | 2.6 MB | 0.7/1.1 MB | 636 kB | 0.5/1.9 MB
2026.05.02 12:35:11 INFO  Progress (5): 5.8/12 MB | 2.6 MB | 0.7/1.1 MB | 636 kB | 0.5/1.9 MB
2026.05.02 12:35:11 INFO  Progress (5): 5.8/12 MB | 2.6 MB | 0.7/1.1 MB | 636 kB | 0.5/1.9 MB
2026.05.02 12:35:11 INFO  Progress (5): 5.8/12 MB | 2.6 MB | 0.7/1.1 MB | 636 kB | 0.6/1.9 MB
2026.05.02 12:35:11 INFO  Progress (5): 5.8/12 MB | 2.6 MB | 0.7/1.1 MB | 636 kB | 0.6/1.9 MB
2026.05.02 12:35:11 INFO  Progress (5): 5.9/12 MB | 2.6 MB | 0.7/1.1 MB | 636 kB | 0.6/1.9 MB
2026.05.02 12:35:11 INFO  Progress (5): 5.9/12 MB | 2.6 MB | 0.7/1.1 MB | 636 kB | 0.6/1.9 MB
2026.05.02 12:35:11 INFO  Progress (5): 5.9/12 MB | 2.6 MB | 0.7/1.1 MB | 636 kB | 0.6/1.9 MB
2026.05.02 12:35:11 INFO  Progress (5): 5.9/12 MB | 2.6 MB | 0.7/1.1 MB | 636 kB | 0.6/1.9 MB
2026.05.02 12:35:11 INFO  Progress (5): 5.9/12 MB | 2.6 MB | 0.7/1.1 MB | 636 kB | 0.6/1.9 MB
2026.05.02 12:35:11 INFO  Progress (5): 5.9/12 MB | 2.6 MB | 0.7/1.1 MB | 636 kB | 0.6/1.9 MB
2026.05.02 12:35:11 INFO  Progress (5): 5.9/12 MB | 2.6 MB | 0.7/1.1 MB | 636 kB | 0.6/1.9 MB
2026.05.02 12:35:11 INFO  Progress (5): 5.9/12 MB | 2.6 MB | 0.7/1.1 MB | 636 kB | 0.6/1.9 MB
2026.05.02 12:35:11 INFO  Progress (5): 5.9/12 MB | 2.6 MB | 0.7/1.1 MB | 636 kB | 0.6/1.9 MB
2026.05.02 12:35:11 INFO  Progress (5): 5.9/12 MB | 2.6 MB | 0.7/1.1 MB | 636 kB | 0.6/1.9 MB
2026.05.02 12:35:11 INFO  Progress (5): 5.9/12 MB | 2.6 MB | 0.7/1.1 MB | 636 kB | 0.7/1.9 MB
2026.05.02 12:35:11 INFO  Progress (5): 5.9/12 MB | 2.6 MB | 0.7/1.1 MB | 636 kB | 0.7/1.9 MB
2026.05.02 12:35:11 INFO  Progress (5): 5.9/12 MB | 2.6 MB | 0.7/1.1 MB | 636 kB | 0.7/1.9 MB
2026.05.02 12:35:11 INFO  Progress (5): 5.9/12 MB | 2.6 MB | 0.7/1.1 MB | 636 kB | 0.7/1.9 MB
2026.05.02 12:35:11 INFO  Progress (5): 5.9/12 MB | 2.6 MB | 0.7/1.1 MB | 636 kB | 0.7/1.9 MB
2026.05.02 12:35:11 INFO  Progress (5): 5.9/12 MB | 2.6 MB | 0.7/1.1 MB | 636 kB | 0.7/1.9 MB
2026.05.02 12:35:11 INFO  Progress (5): 5.9/12 MB | 2.6 MB | 0.7/1.1 MB | 636 kB | 0.7/1.9 MB
2026.05.02 12:35:11 INFO  Progress (5): 5.9/12 MB | 2.6 MB | 0.7/1.1 MB | 636 kB | 0.7/1.9 MB
2026.05.02 12:35:11 INFO  Progress (5): 6.0/12 MB | 2.6 MB | 0.7/1.1 MB | 636 kB | 0.7/1.9 MB
2026.05.02 12:35:11 INFO  Progress (5): 6.0/12 MB | 2.6 MB | 0.7/1.1 MB | 636 kB | 0.8/1.9 MB
2026.05.02 12:35:11 INFO  Progress (5): 6.0/12 MB | 2.6 MB | 0.7/1.1 MB | 636 kB | 0.8/1.9 MB
2026.05.02 12:35:11 INFO  Progress (5): 6.0/12 MB | 2.6 MB | 0.7/1.1 MB | 636 kB | 0.8/1.9 MB
2026.05.02 12:35:11 INFO  Progress (5): 6.0/12 MB | 2.6 MB | 0.7/1.1 MB | 636 kB | 0.8/1.9 MB
2026.05.02 12:35:11 INFO  Progress (5): 6.0/12 MB | 2.6 MB | 0.7/1.1 MB | 636 kB | 0.8/1.9 MB
2026.05.02 12:35:11 INFO  Progress (5): 6.0/12 MB | 2.6 MB | 0.8/1.1 MB | 636 kB | 0.8/1.9 MB
2026.05.02 12:35:11 INFO  Progress (5): 6.0/12 MB | 2.6 MB | 0.8/1.1 MB | 636 kB | 0.8/1.9 MB
2026.05.02 12:35:11 INFO  Progress (5): 6.0/12 MB | 2.6 MB | 0.8/1.1 MB | 636 kB | 0.8/1.9 MB
2026.05.02 12:35:11 INFO  Progress (5): 6.1/12 MB | 2.6 MB | 0.8/1.1 MB | 636 kB | 0.8/1.9 MB
2026.05.02 12:35:11 INFO  Progress (5): 6.1/12 MB | 2.6 MB | 0.8/1.1 MB | 636 kB | 0.8/1.9 MB
2026.05.02 12:35:11 INFO  Progress (5): 6.1/12 MB | 2.6 MB | 0.8/1.1 MB | 636 kB | 0.8/1.9 MB
2026.05.02 12:35:11 INFO  Progress (5): 6.1/12 MB | 2.6 MB | 0.8/1.1 MB | 636 kB | 0.8/1.9 MB
2026.05.02 12:35:11 INFO  Progress (5): 6.1/12 MB | 2.6 MB | 0.8/1.1 MB | 636 kB | 0.8/1.9 MB
2026.05.02 12:35:11 INFO  Progress (5): 6.1/12 MB | 2.6 MB | 0.8/1.1 MB | 636 kB | 0.8/1.9 MB
2026.05.02 12:35:11 INFO  Progress (5): 6.1/12 MB | 2.6 MB | 0.8/1.1 MB | 636 kB | 0.8/1.9 MB
2026.05.02 12:35:11 INFO  Progress (5): 6.2/12 MB | 2.6 MB | 0.8/1.1 MB | 636 kB | 0.8/1.9 MB
2026.05.02 12:35:11 INFO  Progress (5): 6.2/12 MB | 2.6 MB | 0.8/1.1 MB | 636 kB | 0.8/1.9 MB
2026.05.02 12:35:11 INFO  Progress (5): 6.2/12 MB | 2.6 MB | 0.8/1.1 MB | 636 kB | 0.8/1.9 MB
2026.05.02 12:35:11 INFO  Progress (5): 6.2/12 MB | 2.6 MB | 0.8/1.1 MB | 636 kB | 0.8/1.9 MB
2026.05.02 12:35:11 INFO  Progress (5): 6.2/12 MB | 2.6 MB | 0.8/1.1 MB | 636 kB | 0.8/1.9 MB
2026.05.02 12:35:11 INFO  Progress (5): 6.2/12 MB | 2.6 MB | 0.8/1.1 MB | 636 kB | 0.8/1.9 MB
2026.05.02 12:35:11 INFO  Progress (5): 6.2/12 MB | 2.6 MB | 0.8/1.1 MB | 636 kB | 0.8/1.9 MB
2026.05.02 12:35:11 INFO  Progress (5): 6.2/12 MB | 2.6 MB | 0.8/1.1 MB | 636 kB | 0.8/1.9 MB
2026.05.02 12:35:11 INFO  Progress (5): 6.2/12 MB | 2.6 MB | 0.8/1.1 MB | 636 kB | 0.8/1.9 MB
2026.05.02 12:35:11 INFO  Progress (5): 6.3/12 MB | 2.6 MB | 0.8/1.1 MB | 636 kB | 0.8/1.9 MB
2026.05.02 12:35:11 INFO  Progress (5): 6.3/12 MB | 2.6 MB | 0.8/1.1 MB | 636 kB | 0.8/1.9 MB
2026.05.02 12:35:11 INFO  Progress (5): 6.3/12 MB | 2.6 MB | 0.8/1.1 MB | 636 kB | 0.8/1.9 MB
2026.05.02 12:35:11 INFO  Progress (5): 6.3/12 MB | 2.6 MB | 0.8/1.1 MB | 636 kB | 0.8/1.9 MB
2026.05.02 12:35:11 INFO  Progress (5): 6.3/12 MB | 2.6 MB | 0.8/1.1 MB | 636 kB | 0.8/1.9 MB
2026.05.02 12:35:11 INFO  Progress (5): 6.3/12 MB | 2.6 MB | 0.8/1.1 MB | 636 kB | 0.8/1.9 MB
2026.05.02 12:35:11 INFO  Progress (5): 6.3/12 MB | 2.6 MB | 0.8/1.1 MB | 636 kB | 0.8/1.9 MB
2026.05.02 12:35:11 INFO  Progress (5): 6.3/12 MB | 2.6 MB | 0.8/1.1 MB | 636 kB | 0.8/1.9 MB
2026.05.02 12:35:11 INFO  Progress (5): 6.3/12 MB | 2.6 MB | 0.8/1.1 MB | 636 kB | 0.8/1.9 MB
2026.05.02 12:35:11 INFO  Progress (5): 6.3/12 MB | 2.6 MB | 0.8/1.1 MB | 636 kB | 0.8/1.9 MB
2026.05.02 12:35:11 INFO  Progress (5): 6.3/12 MB | 2.6 MB | 0.8/1.1 MB | 636 kB | 0.9/1.9 MB
2026.05.02 12:35:11 INFO  Progress (5): 6.3/12 MB | 2.6 MB | 0.9/1.1 MB | 636 kB | 0.9/1.9 MB
2026.05.02 12:35:11 INFO  Progress (5): 6.3/12 MB | 2.6 MB | 0.9/1.1 MB | 636 kB | 0.9/1.9 MB
2026.05.02 12:35:11 INFO  Progress (5): 6.3/12 MB | 2.6 MB | 0.9/1.1 MB | 636 kB | 0.9/1.9 MB
2026.05.02 12:35:11 INFO  Progress (5): 6.3/12 MB | 2.6 MB | 0.9/1.1 MB | 636 kB | 0.9/1.9 MB
2026.05.02 12:35:11 INFO  Progress (5): 6.4/12 MB | 2.6 MB | 0.9/1.1 MB | 636 kB | 0.9/1.9 MB
2026.05.02 12:35:11 INFO  Progress (5): 6.4/12 MB | 2.6 MB | 0.9/1.1 MB | 636 kB | 0.9/1.9 MB
2026.05.02 12:35:11 INFO  Progress (5): 6.4/12 MB | 2.6 MB | 0.9/1.1 MB | 636 kB | 0.9/1.9 MB
2026.05.02 12:35:11 INFO  Progress (5): 6.4/12 MB | 2.6 MB | 0.9/1.1 MB | 636 kB | 0.9/1.9 MB
2026.05.02 12:35:11 INFO  Progress (5): 6.4/12 MB | 2.6 MB | 0.9/1.1 MB | 636 kB | 0.9/1.9 MB
2026.05.02 12:35:11 INFO  Progress (5): 6.4/12 MB | 2.6 MB | 0.9/1.1 MB | 636 kB | 0.9/1.9 MB
2026.05.02 12:35:11 INFO  Progress (5): 6.4/12 MB | 2.6 MB | 0.9/1.1 MB | 636 kB | 0.9/1.9 MB
2026.05.02 12:35:11 INFO  Progress (5): 6.4/12 MB | 2.6 MB | 0.9/1.1 MB | 636 kB | 0.9/1.9 MB
2026.05.02 12:35:11 INFO  Progress (5): 6.4/12 MB | 2.6 MB | 0.9/1.1 MB | 636 kB | 0.9/1.9 MB
2026.05.02 12:35:11 INFO  Progress (5): 6.4/12 MB | 2.6 MB | 0.9/1.1 MB | 636 kB | 0.9/1.9 MB
2026.05.02 12:35:11 INFO  Progress (5): 6.4/12 MB | 2.6 MB | 0.9/1.1 MB | 636 kB | 1.0/1.9 MB
2026.05.02 12:35:11 INFO  Progress (5): 6.4/12 MB | 2.6 MB | 0.9/1.1 MB | 636 kB | 1.0/1.9 MB
2026.05.02 12:35:11 INFO  Progress (5): 6.4/12 MB | 2.6 MB | 0.9/1.1 MB | 636 kB | 1.0/1.9 MB
2026.05.02 12:35:11 INFO  Progress (5): 6.4/12 MB | 2.6 MB | 0.9/1.1 MB | 636 kB | 1.0/1.9 MB
2026.05.02 12:35:11 INFO  Progress (5): 6.4/12 MB | 2.6 MB | 0.9/1.1 MB | 636 kB | 1.0/1.9 MB
2026.05.02 12:35:11 INFO  Progress (5): 6.4/12 MB | 2.6 MB | 0.9/1.1 MB | 636 kB | 1.0/1.9 MB
2026.05.02 12:35:11 INFO  Progress (5): 6.4/12 MB | 2.6 MB | 0.9/1.1 MB | 636 kB | 1.0/1.9 MB
2026.05.02 12:35:11 INFO  Progress (5): 6.4/12 MB | 2.6 MB | 0.9/1.1 MB | 636 kB | 1.0/1.9 MB
2026.05.02 12:35:11 INFO  Progress (5): 6.4/12 MB | 2.6 MB | 0.9/1.1 MB | 636 kB | 1.0/1.9 MB
2026.05.02 12:35:11 INFO  Progress (5): 6.4/12 MB | 2.6 MB | 0.9/1.1 MB | 636 kB | 1.0/1.9 MB
2026.05.02 12:35:11 INFO  Progress (5): 6.4/12 MB | 2.6 MB | 0.9/1.1 MB | 636 kB | 1.1/1.9 MB
2026.05.02 12:35:11 INFO  Progress (5): 6.4/12 MB | 2.6 MB | 0.9/1.1 MB | 636 kB | 1.1/1.9 MB
2026.05.02 12:35:11 INFO  Progress (5): 6.5/12 MB | 2.6 MB | 0.9/1.1 MB | 636 kB | 1.1/1.9 MB
2026.05.02 12:35:11 INFO  Progress (5): 6.5/12 MB | 2.6 MB | 0.9/1.1 MB | 636 kB | 1.1/1.9 MB
2026.05.02 12:35:11 INFO  Progress (5): 6.5/12 MB | 2.6 MB | 0.9/1.1 MB | 636 kB | 1.1/1.9 MB
2026.05.02 12:35:11 INFO  Progress (5): 6.5/12 MB | 2.6 MB | 0.9/1.1 MB | 636 kB | 1.1/1.9 MB
2026.05.02 12:35:11 INFO  Progress (5): 6.5/12 MB | 2.6 MB | 0.9/1.1 MB | 636 kB | 1.1/1.9 MB
2026.05.02 12:35:11 INFO  Progress (5): 6.5/12 MB | 2.6 MB | 0.9/1.1 MB | 636 kB | 1.1/1.9 MB
2026.05.02 12:35:11 INFO  Progress (5): 6.5/12 MB | 2.6 MB | 0.9/1.1 MB | 636 kB | 1.1/1.9 MB
2026.05.02 12:35:11 INFO  Progress (5): 6.5/12 MB | 2.6 MB | 0.9/1.1 MB | 636 kB | 1.1/1.9 MB
2026.05.02 12:35:11 INFO  Progress (5): 6.5/12 MB | 2.6 MB | 0.9/1.1 MB | 636 kB | 1.2/1.9 MB
2026.05.02 12:35:11 INFO  Progress (5): 6.5/12 MB | 2.6 MB | 0.9/1.1 MB | 636 kB | 1.2/1.9 MB
2026.05.02 12:35:11 INFO  Progress (5): 6.5/12 MB | 2.6 MB | 0.9/1.1 MB | 636 kB | 1.2/1.9 MB
2026.05.02 12:35:11 INFO  Progress (5): 6.5/12 MB | 2.6 MB | 0.9/1.1 MB | 636 kB | 1.2/1.9 MB
2026.05.02 12:35:11 INFO  Progress (5): 6.5/12 MB | 2.6 MB | 0.9/1.1 MB | 636 kB | 1.2/1.9 MB
2026.05.02 12:35:11 INFO  Progress (5): 6.5/12 MB | 2.6 MB | 0.9/1.1 MB | 636 kB | 1.2/1.9 MB
2026.05.02 12:35:11 INFO                                                                     
2026.05.02 12:35:11 INFO  Downloaded from central: https://repo.maven.apache.org/maven2/org/scala-sbt/io_2.13/1.8.0/io_2.13-1.8.0.jar (636 kB at 80 kB/s)
2026.05.02 12:35:11 INFO  Downloading from central: https://repo.maven.apache.org/maven2/net/java/dev/jna/jna-platform/5.12.0/jna-platform-5.12.0.jar
2026.05.02 12:35:11 INFO  Progress (4): 6.5/12 MB | 2.6 MB | 0.9/1.1 MB | 1.2/1.9 MB
2026.05.02 12:35:11 INFO  Progress (4): 6.5/12 MB | 2.6 MB | 0.9/1.1 MB | 1.2/1.9 MB
2026.05.02 12:35:11 INFO  Progress (4): 6.5/12 MB | 2.6 MB | 0.9/1.1 MB | 1.3/1.9 MB
2026.05.02 12:35:11 INFO  Progress (4): 6.5/12 MB | 2.6 MB | 0.9/1.1 MB | 1.3/1.9 MB
2026.05.02 12:35:11 INFO  Progress (4): 6.5/12 MB | 2.6 MB | 0.9/1.1 MB | 1.3/1.9 MB
2026.05.02 12:35:11 INFO  Progress (4): 6.6/12 MB | 2.6 MB | 0.9/1.1 MB | 1.3/1.9 MB
2026.05.02 12:35:11 INFO  Progress (4): 6.6/12 MB | 2.6 MB | 0.9/1.1 MB | 1.3/1.9 MB
2026.05.02 12:35:11 INFO  Progress (4): 6.6/12 MB | 2.6 MB | 0.9/1.1 MB | 1.3/1.9 MB
2026.05.02 12:35:11 INFO  Progress (4): 6.6/12 MB | 2.6 MB | 0.9/1.1 MB | 1.3/1.9 MB
2026.05.02 12:35:11 INFO  Progress (4): 6.6/12 MB | 2.6 MB | 0.9/1.1 MB | 1.3/1.9 MB
2026.05.02 12:35:11 INFO  Progress (4): 6.6/12 MB | 2.6 MB | 0.9/1.1 MB | 1.3/1.9 MB
2026.05.02 12:35:11 INFO                                                            
2026.05.02 12:35:11 INFO  Downloaded from central: https://repo.maven.apache.org/maven2/org/scala-sbt/zinc-persist-core-assembly/1.8.0/zinc-persist-core-assembly-1.8.0.jar (2.6 MB at 329 kB/s)
2026.05.02 12:35:11 INFO  Downloading from central: https://repo.maven.apache.org/maven2/org/scala-sbt/util-logging_2.13/1.8.0/util-logging_2.13-1.8.0.jar
2026.05.02 12:35:11 INFO  Progress (3): 6.6/12 MB | 0.9/1.1 MB | 1.3/1.9 MB
2026.05.02 12:35:11 INFO  Progress (3): 6.6/12 MB | 0.9/1.1 MB | 1.4/1.9 MB
2026.05.02 12:35:11 INFO  Progress (3): 6.6/12 MB | 0.9/1.1 MB | 1.4/1.9 MB
2026.05.02 12:35:11 INFO  Progress (3): 6.6/12 MB | 0.9/1.1 MB | 1.4/1.9 MB
2026.05.02 12:35:11 INFO  Progress (3): 6.6/12 MB | 0.9/1.1 MB | 1.4/1.9 MB
2026.05.02 12:35:11 INFO  Progress (3): 6.6/12 MB | 0.9/1.1 MB | 1.4/1.9 MB
2026.05.02 12:35:11 INFO  Progress (3): 6.6/12 MB | 0.9/1.1 MB | 1.4/1.9 MB
2026.05.02 12:35:11 INFO  Progress (3): 6.6/12 MB | 0.9/1.1 MB | 1.4/1.9 MB
2026.05.02 12:35:11 INFO  Progress (3): 6.6/12 MB | 0.9/1.1 MB | 1.4/1.9 MB
2026.05.02 12:35:11 INFO  Progress (3): 6.6/12 MB | 0.9/1.1 MB | 1.4/1.9 MB
2026.05.02 12:35:11 INFO  Progress (3): 6.6/12 MB | 0.9/1.1 MB | 1.4/1.9 MB
2026.05.02 12:35:11 INFO  Progress (3): 6.7/12 MB | 0.9/1.1 MB | 1.4/1.9 MB
2026.05.02 12:35:11 INFO  Progress (3): 6.7/12 MB | 0.9/1.1 MB | 1.5/1.9 MB
2026.05.02 12:35:11 INFO  Progress (3): 6.7/12 MB | 0.9/1.1 MB | 1.5/1.9 MB
2026.05.02 12:35:11 INFO  Progress (3): 6.7/12 MB | 0.9/1.1 MB | 1.5/1.9 MB
2026.05.02 12:35:11 INFO  Progress (3): 6.7/12 MB | 0.9/1.1 MB | 1.5/1.9 MB
2026.05.02 12:35:11 INFO  Progress (3): 6.7/12 MB | 0.9/1.1 MB | 1.5/1.9 MB
2026.05.02 12:35:11 INFO  Progress (3): 6.7/12 MB | 0.9/1.1 MB | 1.5/1.9 MB
2026.05.02 12:35:11 INFO  Progress (3): 6.7/12 MB | 0.9/1.1 MB | 1.5/1.9 MB
2026.05.02 12:35:11 INFO  Progress (3): 6.7/12 MB | 1.0/1.1 MB | 1.5/1.9 MB
2026.05.02 12:35:11 INFO  Progress (3): 6.7/12 MB | 1.0/1.1 MB | 1.5/1.9 MB
2026.05.02 12:35:11 INFO  Progress (3): 6.7/12 MB | 1.0/1.1 MB | 1.5/1.9 MB
2026.05.02 12:35:11 INFO  Progress (3): 6.7/12 MB | 1.0/1.1 MB | 1.5/1.9 MB
2026.05.02 12:35:11 INFO  Progress (3): 6.7/12 MB | 1.0/1.1 MB | 1.6/1.9 MB
2026.05.02 12:35:11 INFO  Progress (3): 6.7/12 MB | 1.0/1.1 MB | 1.6/1.9 MB
2026.05.02 12:35:11 INFO  Progress (3): 6.7/12 MB | 1.0/1.1 MB | 1.6/1.9 MB
2026.05.02 12:35:11 INFO  Progress (3): 6.7/12 MB | 1.0/1.1 MB | 1.6/1.9 MB
2026.05.02 12:35:11 INFO  Progress (3): 6.7/12 MB | 1.0/1.1 MB | 1.6/1.9 MB
2026.05.02 12:35:11 INFO  Progress (3): 6.7/12 MB | 1.0/1.1 MB | 1.6/1.9 MB
2026.05.02 12:35:11 INFO  Progress (3): 6.8/12 MB | 1.0/1.1 MB | 1.6/1.9 MB
2026.05.02 12:35:11 INFO  Progress (3): 6.8/12 MB | 1.0/1.1 MB | 1.6/1.9 MB
2026.05.02 12:35:11 INFO  Progress (3): 6.8/12 MB | 1.0/1.1 MB | 1.6/1.9 MB
2026.05.02 12:35:11 INFO  Progress (3): 6.8/12 MB | 1.0/1.1 MB | 1.6/1.9 MB
2026.05.02 12:35:11 INFO  Progress (3): 6.8/12 MB | 1.0/1.1 MB | 1.6/1.9 MB
2026.05.02 12:35:11 INFO  Progress (3): 6.8/12 MB | 1.0/1.1 MB | 1.7/1.9 MB
2026.05.02 12:35:11 INFO  Progress (3): 6.8/12 MB | 1.0/1.1 MB | 1.7/1.9 MB
2026.05.02 12:35:11 INFO  Progress (3): 6.8/12 MB | 1.0/1.1 MB | 1.7/1.9 MB
2026.05.02 12:35:11 INFO  Progress (3): 6.8/12 MB | 1.0/1.1 MB | 1.7/1.9 MB
2026.05.02 12:35:11 INFO  Progress (3): 6.8/12 MB | 1.0/1.1 MB | 1.7/1.9 MB
2026.05.02 12:35:11 INFO  Progress (3): 6.8/12 MB | 1.0/1.1 MB | 1.7/1.9 MB
2026.05.02 12:35:11 INFO  Progress (3): 6.8/12 MB | 1.0/1.1 MB | 1.7/1.9 MB
2026.05.02 12:35:11 INFO  Progress (3): 6.8/12 MB | 1.0/1.1 MB | 1.7/1.9 MB
2026.05.02 12:35:11 INFO  Progress (3): 6.8/12 MB | 1.0/1.1 MB | 1.7/1.9 MB
2026.05.02 12:35:11 INFO  Progress (3): 6.8/12 MB | 1.0/1.1 MB | 1.7/1.9 MB
2026.05.02 12:35:11 INFO  Progress (3): 6.8/12 MB | 1.0/1.1 MB | 1.7/1.9 MB
2026.05.02 12:35:11 INFO  Progress (3): 6.8/12 MB | 1.0/1.1 MB | 1.7/1.9 MB
2026.05.02 12:35:11 INFO  Progress (3): 6.8/12 MB | 1.0/1.1 MB | 1.8/1.9 MB
2026.05.02 12:35:11 INFO  Progress (3): 6.8/12 MB | 1.0/1.1 MB | 1.8/1.9 MB
2026.05.02 12:35:11 INFO  Progress (3): 6.8/12 MB | 1.0/1.1 MB | 1.8/1.9 MB
2026.05.02 12:35:11 INFO  Progress (3): 6.9/12 MB | 1.0/1.1 MB | 1.8/1.9 MB
2026.05.02 12:35:11 INFO  Progress (3): 6.9/12 MB | 1.0/1.1 MB | 1.8/1.9 MB
2026.05.02 12:35:11 INFO  Progress (3): 6.9/12 MB | 1.0/1.1 MB | 1.8/1.9 MB
2026.05.02 12:35:11 INFO  Progress (3): 6.9/12 MB | 1.0/1.1 MB | 1.8/1.9 MB
2026.05.02 12:35:11 INFO  Progress (3): 6.9/12 MB | 1.0/1.1 MB | 1.8/1.9 MB
2026.05.02 12:35:11 INFO  Progress (3): 6.9/12 MB | 1.0/1.1 MB | 1.8/1.9 MB
2026.05.02 12:35:11 INFO  Progress (3): 6.9/12 MB | 1.0/1.1 MB | 1.8/1.9 MB
2026.05.02 12:35:11 INFO  Progress (3): 6.9/12 MB | 1.0/1.1 MB | 1.8/1.9 MB
2026.05.02 12:35:11 INFO  Progress (3): 6.9/12 MB | 1.0/1.1 MB | 1.8/1.9 MB
2026.05.02 12:35:11 INFO  Progress (3): 6.9/12 MB | 1.0/1.1 MB | 1.9/1.9 MB
2026.05.02 12:35:11 INFO  Progress (3): 6.9/12 MB | 1.0/1.1 MB | 1.9 MB    
2026.05.02 12:35:11 INFO  Progress (3): 6.9/12 MB | 1.0/1.1 MB | 1.9 MB
2026.05.02 12:35:11 INFO  Progress (3): 6.9/12 MB | 1.1/1.1 MB | 1.9 MB
2026.05.02 12:35:11 INFO  Progress (3): 6.9/12 MB | 1.1/1.1 MB | 1.9 MB
2026.05.02 12:35:11 INFO  Progress (3): 6.9/12 MB | 1.1/1.1 MB | 1.9 MB
2026.05.02 12:35:11 INFO  Progress (3): 7.0/12 MB | 1.1/1.1 MB | 1.9 MB
2026.05.02 12:35:11 INFO  Progress (3): 7.0/12 MB | 1.1/1.1 MB | 1.9 MB
2026.05.02 12:35:11 INFO  Progress (3): 7.0/12 MB | 1.1/1.1 MB | 1.9 MB
2026.05.02 12:35:11 INFO  Progress (3): 7.0/12 MB | 1.1/1.1 MB | 1.9 MB
2026.05.02 12:35:11 INFO  Progress (3): 7.0/12 MB | 1.1/1.1 MB | 1.9 MB
2026.05.02 12:35:11 INFO  Progress (3): 7.0/12 MB | 1.1/1.1 MB | 1.9 MB
2026.05.02 12:35:11 INFO  Progress (3): 7.0/12 MB | 1.1/1.1 MB | 1.9 MB
2026.05.02 12:35:11 INFO  Progress (3): 7.1/12 MB | 1.1/1.1 MB | 1.9 MB
2026.05.02 12:35:11 INFO  Progress (3): 7.1/12 MB | 1.1/1.1 MB | 1.9 MB
2026.05.02 12:35:11 INFO  Progress (3): 7.1/12 MB | 1.1/1.1 MB | 1.9 MB
2026.05.02 12:35:11 INFO  Progress (3): 7.1/12 MB | 1.1/1.1 MB | 1.9 MB
2026.05.02 12:35:11 INFO  Progress (3): 7.1/12 MB | 1.1/1.1 MB | 1.9 MB
2026.05.02 12:35:11 INFO  Progress (3): 7.1/12 MB | 1.1/1.1 MB | 1.9 MB
2026.05.02 12:35:11 INFO  Progress (3): 7.1/12 MB | 1.1/1.1 MB | 1.9 MB
2026.05.02 12:35:11 INFO  Progress (4): 7.1/12 MB | 1.1/1.1 MB | 1.9 MB | 7.7/463 kB
2026.05.02 12:35:11 INFO  Progress (4): 7.1/12 MB | 1.1/1.1 MB | 1.9 MB | 8.2/463 kB
2026.05.02 12:35:11 INFO  Progress (4): 7.1/12 MB | 1.1/1.1 MB | 1.9 MB | 25/463 kB 
2026.05.02 12:35:11 INFO  Progress (4): 7.1/12 MB | 1.1/1.1 MB | 1.9 MB | 41/463 kB
2026.05.02 12:35:11 INFO  Progress (4): 7.1/12 MB | 1.1/1.1 MB | 1.9 MB | 57/463 kB
2026.05.02 12:35:11 INFO  Progress (4): 7.2/12 MB | 1.1/1.1 MB | 1.9 MB | 57/463 kB
2026.05.02 12:35:11 INFO  Progress (4): 7.2/12 MB | 1.1/1.1 MB | 1.9 MB | 74/463 kB
2026.05.02 12:35:11 INFO  Progress (4): 7.2/12 MB | 1.1/1.1 MB | 1.9 MB | 74/463 kB
2026.05.02 12:35:11 INFO  Progress (4): 7.2/12 MB | 1.1/1.1 MB | 1.9 MB | 90/463 kB
2026.05.02 12:35:11 INFO  Progress (4): 7.2/12 MB | 1.1/1.1 MB | 1.9 MB | 90/463 kB
2026.05.02 12:35:11 INFO  Progress (4): 7.2/12 MB | 1.1/1.1 MB | 1.9 MB | 106/463 kB
2026.05.02 12:35:11 INFO  Progress (4): 7.2/12 MB | 1.1/1.1 MB | 1.9 MB | 106/463 kB
2026.05.02 12:35:11 INFO  Progress (4): 7.2/12 MB | 1.1/1.1 MB | 1.9 MB | 123/463 kB
2026.05.02 12:35:11 INFO  Progress (4): 7.2/12 MB | 1.1/1.1 MB | 1.9 MB | 139/463 kB
2026.05.02 12:35:11 INFO  Progress (4): 7.2/12 MB | 1.1/1.1 MB | 1.9 MB | 156/463 kB
2026.05.02 12:35:11 INFO  Progress (4): 7.2/12 MB | 1.1/1.1 MB | 1.9 MB | 172/463 kB
2026.05.02 12:35:11 INFO  Progress (4): 7.2/12 MB | 1.1/1.1 MB | 1.9 MB | 188/463 kB
2026.05.02 12:35:11 INFO  Progress (4): 7.2/12 MB | 1.1/1.1 MB | 1.9 MB | 205/463 kB
2026.05.02 12:35:11 INFO  Progress (4): 7.2/12 MB | 1.1/1.1 MB | 1.9 MB | 205/463 kB
2026.05.02 12:35:11 INFO  Progress (4): 7.2/12 MB | 1.1/1.1 MB | 1.9 MB | 205/463 kB
2026.05.02 12:35:11 INFO  Progress (4): 7.2/12 MB | 1.1 MB | 1.9 MB | 205/463 kB    
2026.05.02 12:35:11 INFO  Progress (4): 7.2/12 MB | 1.1 MB | 1.9 MB | 221/463 kB
2026.05.02 12:35:11 INFO  Progress (4): 7.2/12 MB | 1.1 MB | 1.9 MB | 238/463 kB
2026.05.02 12:35:11 INFO  Progress (4): 7.2/12 MB | 1.1 MB | 1.9 MB | 254/463 kB
2026.05.02 12:35:11 INFO  Progress (4): 7.2/12 MB | 1.1 MB | 1.9 MB | 270/463 kB
2026.05.02 12:35:11 INFO  Progress (4): 7.2/12 MB | 1.1 MB | 1.9 MB | 287/463 kB
2026.05.02 12:35:11 INFO  Progress (4): 7.2/12 MB | 1.1 MB | 1.9 MB | 303/463 kB
2026.05.02 12:35:11 INFO  Progress (4): 7.3/12 MB | 1.1 MB | 1.9 MB | 303/463 kB
2026.05.02 12:35:11 INFO  Progress (4): 7.3/12 MB | 1.1 MB | 1.9 MB | 303/463 kB
2026.05.02 12:35:11 INFO  Progress (4): 7.3/12 MB | 1.1 MB | 1.9 MB | 319/463 kB
2026.05.02 12:35:11 INFO  Progress (4): 7.3/12 MB | 1.1 MB | 1.9 MB | 319/463 kB
2026.05.02 12:35:11 INFO  Progress (4): 7.3/12 MB | 1.1 MB | 1.9 MB | 336/463 kB
2026.05.02 12:35:11 INFO  Progress (4): 7.3/12 MB | 1.1 MB | 1.9 MB | 352/463 kB
2026.05.02 12:35:11 INFO  Progress (4): 7.3/12 MB | 1.1 MB | 1.9 MB | 352/463 kB
2026.05.02 12:35:11 INFO  Progress (4): 7.3/12 MB | 1.1 MB | 1.9 MB | 369/463 kB
2026.05.02 12:35:11 INFO  Progress (4): 7.3/12 MB | 1.1 MB | 1.9 MB | 385/463 kB
2026.05.02 12:35:11 INFO  Progress (4): 7.3/12 MB | 1.1 MB | 1.9 MB | 401/463 kB
2026.05.02 12:35:11 INFO  Progress (5): 7.3/12 MB | 1.1 MB | 1.9 MB | 401/463 kB | 0/1.4 MB
2026.05.02 12:35:11 INFO  Progress (5): 7.3/12 MB | 1.1 MB | 1.9 MB | 418/463 kB | 0/1.4 MB
2026.05.02 12:35:11 INFO  Progress (5): 7.3/12 MB | 1.1 MB | 1.9 MB | 418/463 kB | 0/1.4 MB
2026.05.02 12:35:11 INFO  Progress (5): 7.3/12 MB | 1.1 MB | 1.9 MB | 418/463 kB | 0/1.4 MB
2026.05.02 12:35:11 INFO  Progress (5): 7.3/12 MB | 1.1 MB | 1.9 MB | 418/463 kB | 0/1.4 MB
2026.05.02 12:35:11 INFO  Progress (5): 7.3/12 MB | 1.1 MB | 1.9 MB | 418/463 kB | 0/1.4 MB
2026.05.02 12:35:11 INFO  Progress (5): 7.3/12 MB | 1.1 MB | 1.9 MB | 418/463 kB | 0/1.4 MB
2026.05.02 12:35:11 INFO  Progress (5): 7.4/12 MB | 1.1 MB | 1.9 MB | 418/463 kB | 0/1.4 MB
2026.05.02 12:35:11 INFO  Progress (5): 7.4/12 MB | 1.1 MB | 1.9 MB | 418/463 kB | 0/1.4 MB
2026.05.02 12:35:11 INFO  Progress (5): 7.4/12 MB | 1.1 MB | 1.9 MB | 418/463 kB | 0/1.4 MB
2026.05.02 12:35:11 INFO  Progress (5): 7.4/12 MB | 1.1 MB | 1.9 MB | 418/463 kB | 0/1.4 MB
2026.05.02 12:35:11 INFO  Progress (5): 7.4/12 MB | 1.1 MB | 1.9 MB | 418/463 kB | 0/1.4 MB
2026.05.02 12:35:11 INFO  Progress (5): 7.4/12 MB | 1.1 MB | 1.9 MB | 418/463 kB | 0/1.4 MB
2026.05.02 12:35:11 INFO  Progress (5): 7.5/12 MB | 1.1 MB | 1.9 MB | 418/463 kB | 0/1.4 MB
2026.05.02 12:35:11 INFO  Progress (5): 7.5/12 MB | 1.1 MB | 1.9 MB | 418/463 kB | 0/1.4 MB
2026.05.02 12:35:11 INFO  Progress (5): 7.5/12 MB | 1.1 MB | 1.9 MB | 418/463 kB | 0.1/1.4 MB
2026.05.02 12:35:11 INFO  Progress (5): 7.5/12 MB | 1.1 MB | 1.9 MB | 418/463 kB | 0.1/1.4 MB
2026.05.02 12:35:11 INFO  Progress (5): 7.5/12 MB | 1.1 MB | 1.9 MB | 418/463 kB | 0.1/1.4 MB
2026.05.02 12:35:11 INFO  Progress (5): 7.5/12 MB | 1.1 MB | 1.9 MB | 418/463 kB | 0.1/1.4 MB
2026.05.02 12:35:11 INFO  Progress (5): 7.5/12 MB | 1.1 MB | 1.9 MB | 418/463 kB | 0.1/1.4 MB
2026.05.02 12:35:11 INFO  Progress (5): 7.5/12 MB | 1.1 MB | 1.9 MB | 418/463 kB | 0.1/1.4 MB
2026.05.02 12:35:11 INFO  Progress (5): 7.5/12 MB | 1.1 MB | 1.9 MB | 418/463 kB | 0.1/1.4 MB
2026.05.02 12:35:11 INFO  Progress (5): 7.5/12 MB | 1.1 MB | 1.9 MB | 418/463 kB | 0.1/1.4 MB
2026.05.02 12:35:11 INFO  Progress (5): 7.5/12 MB | 1.1 MB | 1.9 MB | 418/463 kB | 0.1/1.4 MB
2026.05.02 12:35:11 INFO  Progress (5): 7.5/12 MB | 1.1 MB | 1.9 MB | 434/463 kB | 0.1/1.4 MB
2026.05.02 12:35:11 INFO  Progress (5): 7.6/12 MB | 1.1 MB | 1.9 MB | 434/463 kB | 0.1/1.4 MB
2026.05.02 12:35:11 INFO  Progress (5): 7.6/12 MB | 1.1 MB | 1.9 MB | 451/463 kB | 0.1/1.4 MB
2026.05.02 12:35:11 INFO  Progress (5): 7.6/12 MB | 1.1 MB | 1.9 MB | 451/463 kB | 0.1/1.4 MB
2026.05.02 12:35:11 INFO  Progress (5): 7.6/12 MB | 1.1 MB | 1.9 MB | 463 kB | 0.1/1.4 MB    
2026.05.02 12:35:11 INFO  Progress (5): 7.6/12 MB | 1.1 MB | 1.9 MB | 463 kB | 0.1/1.4 MB
2026.05.02 12:35:11 INFO  Progress (5): 7.6/12 MB | 1.1 MB | 1.9 MB | 463 kB | 0.1/1.4 MB
2026.05.02 12:35:11 INFO  Progress (5): 7.6/12 MB | 1.1 MB | 1.9 MB | 463 kB | 0.1/1.4 MB
2026.05.02 12:35:11 INFO  Progress (5): 7.6/12 MB | 1.1 MB | 1.9 MB | 463 kB | 0.1/1.4 MB
2026.05.02 12:35:11 INFO  Progress (5): 7.6/12 MB | 1.1 MB | 1.9 MB | 463 kB | 0.1/1.4 MB
2026.05.02 12:35:11 INFO  Progress (5): 7.6/12 MB | 1.1 MB | 1.9 MB | 463 kB | 0.1/1.4 MB
2026.05.02 12:35:11 INFO  Progress (5): 7.7/12 MB | 1.1 MB | 1.9 MB | 463 kB | 0.1/1.4 MB
2026.05.02 12:35:11 INFO  Progress (5): 7.7/12 MB | 1.1 MB | 1.9 MB | 463 kB | 0.1/1.4 MB
2026.05.02 12:35:11 INFO  Progress (5): 7.7/12 MB | 1.1 MB | 1.9 MB | 463 kB | 0.1/1.4 MB
2026.05.02 12:35:11 INFO  Progress (5): 7.7/12 MB | 1.1 MB | 1.9 MB | 463 kB | 0.1/1.4 MB
2026.05.02 12:35:11 INFO  Progress (5): 7.7/12 MB | 1.1 MB | 1.9 MB | 463 kB | 0.1/1.4 MB
2026.05.02 12:35:11 INFO  Progress (5): 7.7/12 MB | 1.1 MB | 1.9 MB | 463 kB | 0.1/1.4 MB
2026.05.02 12:35:11 INFO  Progress (5): 7.7/12 MB | 1.1 MB | 1.9 MB | 463 kB | 0.1/1.4 MB
2026.05.02 12:35:11 INFO  Progress (5): 7.8/12 MB | 1.1 MB | 1.9 MB | 463 kB | 0.1/1.4 MB
2026.05.02 12:35:11 INFO  Progress (5): 7.8/12 MB | 1.1 MB | 1.9 MB | 463 kB | 0.1/1.4 MB
2026.05.02 12:35:11 INFO  Progress (5): 7.8/12 MB | 1.1 MB | 1.9 MB | 463 kB | 0.1/1.4 MB
2026.05.02 12:35:11 INFO  Progress (5): 7.8/12 MB | 1.1 MB | 1.9 MB | 463 kB | 0.1/1.4 MB
2026.05.02 12:35:11 INFO  Progress (5): 7.8/12 MB | 1.1 MB | 1.9 MB | 463 kB | 0.1/1.4 MB
2026.05.02 12:35:11 INFO  Progress (5): 7.8/12 MB | 1.1 MB | 1.9 MB | 463 kB | 0.1/1.4 MB
2026.05.02 12:35:11 INFO  Progress (5): 7.9/12 MB | 1.1 MB | 1.9 MB | 463 kB | 0.1/1.4 MB
2026.05.02 12:35:11 INFO  Progress (5): 7.9/12 MB | 1.1 MB | 1.9 MB | 463 kB | 0.1/1.4 MB
2026.05.02 12:35:11 INFO  Progress (5): 7.9/12 MB | 1.1 MB | 1.9 MB | 463 kB | 0.1/1.4 MB
2026.05.02 12:35:11 INFO  Progress (5): 7.9/12 MB | 1.1 MB | 1.9 MB | 463 kB | 0.1/1.4 MB
2026.05.02 12:35:11 INFO  Progress (5): 7.9/12 MB | 1.1 MB | 1.9 MB | 463 kB | 0.1/1.4 MB
2026.05.02 12:35:11 INFO  Progress (5): 7.9/12 MB | 1.1 MB | 1.9 MB | 463 kB | 0.1/1.4 MB
2026.05.02 12:35:11 INFO  Progress (5): 7.9/12 MB | 1.1 MB | 1.9 MB | 463 kB | 0.1/1.4 MB
2026.05.02 12:35:11 INFO  Progress (5): 7.9/12 MB | 1.1 MB | 1.9 MB | 463 kB | 0.2/1.4 MB
2026.05.02 12:35:11 INFO                                                                 
2026.05.02 12:35:11 INFO  Downloaded from central: https://repo.maven.apache.org/maven2/org/scala-sbt/util-logging_2.13/1.8.0/util-logging_2.13-1.8.0.jar (463 kB at 55 kB/s)
2026.05.02 12:35:11 INFO  Downloading from central: https://repo.maven.apache.org/maven2/org/scala-sbt/collections_2.13/1.8.0/collections_2.13-1.8.0.jar
2026.05.02 12:35:11 INFO  Progress (4): 8.0/12 MB | 1.1 MB | 1.9 MB | 0.2/1.4 MB
2026.05.02 12:35:11 INFO  Progress (4): 8.0/12 MB | 1.1 MB | 1.9 MB | 0.2/1.4 MB
2026.05.02 12:35:11 INFO  Progress (4): 8.0/12 MB | 1.1 MB | 1.9 MB | 0.2/1.4 MB
2026.05.02 12:35:11 INFO  Progress (4): 8.0/12 MB | 1.1 MB | 1.9 MB | 0.2/1.4 MB
2026.05.02 12:35:11 INFO  Progress (4): 8.0/12 MB | 1.1 MB | 1.9 MB | 0.2/1.4 MB
2026.05.02 12:35:11 INFO  Progress (4): 8.0/12 MB | 1.1 MB | 1.9 MB | 0.2/1.4 MB
2026.05.02 12:35:11 INFO  Progress (4): 8.1/12 MB | 1.1 MB | 1.9 MB | 0.2/1.4 MB
2026.05.02 12:35:11 INFO  Progress (4): 8.1/12 MB | 1.1 MB | 1.9 MB | 0.2/1.4 MB
2026.05.02 12:35:11 INFO  Progress (4): 8.1/12 MB | 1.1 MB | 1.9 MB | 0.2/1.4 MB
2026.05.02 12:35:11 INFO  Progress (4): 8.1/12 MB | 1.1 MB | 1.9 MB | 0.2/1.4 MB
2026.05.02 12:35:11 INFO  Progress (4): 8.1/12 MB | 1.1 MB | 1.9 MB | 0.2/1.4 MB
2026.05.02 12:35:11 INFO  Progress (4): 8.1/12 MB | 1.1 MB | 1.9 MB | 0.2/1.4 MB
2026.05.02 12:35:11 INFO  Progress (4): 8.2/12 MB | 1.1 MB | 1.9 MB | 0.2/1.4 MB
2026.05.02 12:35:11 INFO  Progress (4): 8.2/12 MB | 1.1 MB | 1.9 MB | 0.2/1.4 MB
2026.05.02 12:35:11 INFO  Progress (4): 8.2/12 MB | 1.1 MB | 1.9 MB | 0.2/1.4 MB
2026.05.02 12:35:11 INFO  Progress (4): 8.2/12 MB | 1.1 MB | 1.9 MB | 0.2/1.4 MB
2026.05.02 12:35:11 INFO  Progress (4): 8.2/12 MB | 1.1 MB | 1.9 MB | 0.2/1.4 MB
2026.05.02 12:35:11 INFO  Progress (4): 8.2/12 MB | 1.1 MB | 1.9 MB | 0.2/1.4 MB
2026.05.02 12:35:11 INFO  Progress (4): 8.3/12 MB | 1.1 MB | 1.9 MB | 0.2/1.4 MB
2026.05.02 12:35:11 INFO  Progress (4): 8.3/12 MB | 1.1 MB | 1.9 MB | 0.2/1.4 MB
2026.05.02 12:35:11 INFO  Progress (4): 8.3/12 MB | 1.1 MB | 1.9 MB | 0.2/1.4 MB
2026.05.02 12:35:11 INFO  Progress (4): 8.3/12 MB | 1.1 MB | 1.9 MB | 0.2/1.4 MB
2026.05.02 12:35:11 INFO  Progress (4): 8.3/12 MB | 1.1 MB | 1.9 MB | 0.2/1.4 MB
2026.05.02 12:35:11 INFO  Progress (4): 8.3/12 MB | 1.1 MB | 1.9 MB | 0.2/1.4 MB
2026.05.02 12:35:11 INFO  Progress (4): 8.3/12 MB | 1.1 MB | 1.9 MB | 0.2/1.4 MB
2026.05.02 12:35:11 INFO  Progress (4): 8.3/12 MB | 1.1 MB | 1.9 MB | 0.2/1.4 MB
2026.05.02 12:35:11 INFO  Progress (4): 8.3/12 MB | 1.1 MB | 1.9 MB | 0.2/1.4 MB
2026.05.02 12:35:11 INFO  Progress (4): 8.3/12 MB | 1.1 MB | 1.9 MB | 0.2/1.4 MB
2026.05.02 12:35:11 INFO  Progress (4): 8.3/12 MB | 1.1 MB | 1.9 MB | 0.2/1.4 MB
2026.05.02 12:35:11 INFO  Progress (4): 8.3/12 MB | 1.1 MB | 1.9 MB | 0.2/1.4 MB
2026.05.02 12:35:11 INFO  Progress (4): 8.3/12 MB | 1.1 MB | 1.9 MB | 0.3/1.4 MB
2026.05.02 12:35:11 INFO  Progress (4): 8.3/12 MB | 1.1 MB | 1.9 MB | 0.3/1.4 MB
2026.05.02 12:35:11 INFO  Progress (5): 8.3/12 MB | 1.1 MB | 1.9 MB | 0.3/1.4 MB | 7.7/365 kB
2026.05.02 12:35:11 INFO  Progress (5): 8.3/12 MB | 1.1 MB | 1.9 MB | 0.3/1.4 MB | 16/365 kB 
2026.05.02 12:35:11 INFO  Progress (5): 8.3/12 MB | 1.1 MB | 1.9 MB | 0.3/1.4 MB | 25/365 kB
2026.05.02 12:35:11 INFO  Progress (5): 8.3/12 MB | 1.1 MB | 1.9 MB | 0.3/1.4 MB | 25/365 kB
2026.05.02 12:35:11 INFO  Progress (5): 8.4/12 MB | 1.1 MB | 1.9 MB | 0.3/1.4 MB | 25/365 kB
2026.05.02 12:35:11 INFO  Progress (5): 8.4/12 MB | 1.1 MB | 1.9 MB | 0.3/1.4 MB | 41/365 kB
2026.05.02 12:35:11 INFO  Progress (5): 8.4/12 MB | 1.1 MB | 1.9 MB | 0.3/1.4 MB | 57/365 kB
2026.05.02 12:35:11 INFO  Progress (5): 8.4/12 MB | 1.1 MB | 1.9 MB | 0.3/1.4 MB | 74/365 kB
2026.05.02 12:35:11 INFO  Progress (5): 8.4/12 MB | 1.1 MB | 1.9 MB | 0.3/1.4 MB | 90/365 kB
2026.05.02 12:35:11 INFO  Progress (5): 8.4/12 MB | 1.1 MB | 1.9 MB | 0.3/1.4 MB | 106/365 kB
2026.05.02 12:35:12 INFO  Progress (5): 8.4/12 MB | 1.1 MB | 1.9 MB | 0.3/1.4 MB | 123/365 kB
2026.05.02 12:35:12 INFO  Progress (5): 8.4/12 MB | 1.1 MB | 1.9 MB | 0.3/1.4 MB | 139/365 kB
2026.05.02 12:35:12 INFO  Progress (5): 8.4/12 MB | 1.1 MB | 1.9 MB | 0.3/1.4 MB | 156/365 kB
2026.05.02 12:35:12 INFO  Progress (5): 8.4/12 MB | 1.1 MB | 1.9 MB | 0.3/1.4 MB | 172/365 kB
2026.05.02 12:35:12 INFO  Progress (5): 8.4/12 MB | 1.1 MB | 1.9 MB | 0.3/1.4 MB | 172/365 kB
2026.05.02 12:35:12 INFO  Progress (5): 8.4/12 MB | 1.1 MB | 1.9 MB | 0.3/1.4 MB | 172/365 kB
2026.05.02 12:35:12 INFO  Progress (5): 8.4/12 MB | 1.1 MB | 1.9 MB | 0.3/1.4 MB | 188/365 kB
2026.05.02 12:35:12 INFO  Progress (5): 8.4/12 MB | 1.1 MB | 1.9 MB | 0.3/1.4 MB | 205/365 kB
2026.05.02 12:35:12 INFO  Progress (5): 8.4/12 MB | 1.1 MB | 1.9 MB | 0.3/1.4 MB | 221/365 kB
2026.05.02 12:35:12 INFO  Progress (5): 8.4/12 MB | 1.1 MB | 1.9 MB | 0.3/1.4 MB | 238/365 kB
2026.05.02 12:35:12 INFO  Progress (5): 8.4/12 MB | 1.1 MB | 1.9 MB | 0.3/1.4 MB | 254/365 kB
2026.05.02 12:35:12 INFO  Progress (5): 8.4/12 MB | 1.1 MB | 1.9 MB | 0.3/1.4 MB | 254/365 kB
2026.05.02 12:35:12 INFO  Progress (5): 8.4/12 MB | 1.1 MB | 1.9 MB | 0.3/1.4 MB | 270/365 kB
2026.05.02 12:35:12 INFO  Progress (5): 8.4/12 MB | 1.1 MB | 1.9 MB | 0.3/1.4 MB | 287/365 kB
2026.05.02 12:35:12 INFO                                                                     
2026.05.02 12:35:12 INFO  Downloaded from central: https://repo.maven.apache.org/maven2/org/scala-lang/modules/scala-parallel-collections_2.13/0.2.0/scala-parallel-collections_2.13-0.2.0.jar (1.1 MB at 130 kB/s)
2026.05.02 12:35:12 INFO  Progress (4): 8.4/12 MB | 1.9 MB | 0.3/1.4 MB | 287/365 kB
2026.05.02 12:35:12 INFO                                                            
2026.05.02 12:35:12 INFO  Downloading from central: https://repo.maven.apache.org/maven2/org/scala-sbt/util-position_2.13/1.8.0/util-position_2.13-1.8.0.jar
2026.05.02 12:35:12 INFO  Progress (4): 8.4/12 MB | 1.9 MB | 0.3/1.4 MB | 287/365 kB
2026.05.02 12:35:12 INFO  Progress (4): 8.4/12 MB | 1.9 MB | 0.3/1.4 MB | 303/365 kB
2026.05.02 12:35:12 INFO  Progress (4): 8.4/12 MB | 1.9 MB | 0.3/1.4 MB | 303/365 kB
2026.05.02 12:35:12 INFO  Progress (4): 8.4/12 MB | 1.9 MB | 0.3/1.4 MB | 319/365 kB
2026.05.02 12:35:12 INFO  Progress (4): 8.4/12 MB | 1.9 MB | 0.3/1.4 MB | 336/365 kB
2026.05.02 12:35:12 INFO  Progress (4): 8.4/12 MB | 1.9 MB | 0.3/1.4 MB | 352/365 kB
2026.05.02 12:35:12 INFO  Progress (4): 8.4/12 MB | 1.9 MB | 0.3/1.4 MB | 365 kB    
2026.05.02 12:35:12 INFO  Progress (4): 8.4/12 MB | 1.9 MB | 0.3/1.4 MB | 365 kB
2026.05.02 12:35:12 INFO  Progress (4): 8.5/12 MB | 1.9 MB | 0.3/1.4 MB | 365 kB
2026.05.02 12:35:12 INFO  Progress (4): 8.5/12 MB | 1.9 MB | 0.3/1.4 MB | 365 kB
2026.05.02 12:35:12 INFO  Progress (4): 8.5/12 MB | 1.9 MB | 0.3/1.4 MB | 365 kB
2026.05.02 12:35:12 INFO  Progress (4): 8.5/12 MB | 1.9 MB | 0.3/1.4 MB | 365 kB
2026.05.02 12:35:12 INFO  Progress (4): 8.5/12 MB | 1.9 MB | 0.3/1.4 MB | 365 kB
2026.05.02 12:35:12 INFO  Progress (4): 8.5/12 MB | 1.9 MB | 0.4/1.4 MB | 365 kB
2026.05.02 12:35:12 INFO  Progress (4): 8.5/12 MB | 1.9 MB | 0.4/1.4 MB | 365 kB
2026.05.02 12:35:12 INFO  Progress (4): 8.5/12 MB | 1.9 MB | 0.4/1.4 MB | 365 kB
2026.05.02 12:35:12 INFO  Progress (4): 8.6/12 MB | 1.9 MB | 0.4/1.4 MB | 365 kB
2026.05.02 12:35:12 INFO  Progress (4): 8.6/12 MB | 1.9 MB | 0.4/1.4 MB | 365 kB
2026.05.02 12:35:12 INFO  Progress (4): 8.6/12 MB | 1.9 MB | 0.4/1.4 MB | 365 kB
2026.05.02 12:35:12 INFO  Progress (4): 8.6/12 MB | 1.9 MB | 0.4/1.4 MB | 365 kB
2026.05.02 12:35:12 INFO  Progress (4): 8.6/12 MB | 1.9 MB | 0.4/1.4 MB | 365 kB
2026.05.02 12:35:12 INFO  Progress (4): 8.6/12 MB | 1.9 MB | 0.4/1.4 MB | 365 kB
2026.05.02 12:35:12 INFO  Progress (4): 8.6/12 MB | 1.9 MB | 0.4/1.4 MB | 365 kB
2026.05.02 12:35:12 INFO  Progress (4): 8.6/12 MB | 1.9 MB | 0.4/1.4 MB | 365 kB
2026.05.02 12:35:12 INFO  Progress (4): 8.7/12 MB | 1.9 MB | 0.4/1.4 MB | 365 kB
2026.05.02 12:35:12 INFO  Progress (4): 8.7/12 MB | 1.9 MB | 0.4/1.4 MB | 365 kB
2026.05.02 12:35:12 INFO  Progress (4): 8.7/12 MB | 1.9 MB | 0.4/1.4 MB | 365 kB
2026.05.02 12:35:12 INFO  Progress (4): 8.7/12 MB | 1.9 MB | 0.4/1.4 MB | 365 kB
2026.05.02 12:35:12 INFO  Progress (4): 8.7/12 MB | 1.9 MB | 0.4/1.4 MB | 365 kB
2026.05.02 12:35:12 INFO  Progress (5): 8.7/12 MB | 1.9 MB | 0.4/1.4 MB | 365 kB | 7.7/28 kB
2026.05.02 12:35:12 INFO  Progress (5): 8.7/12 MB | 1.9 MB | 0.4/1.4 MB | 365 kB | 7.7/28 kB
2026.05.02 12:35:12 INFO  Progress (5): 8.7/12 MB | 1.9 MB | 0.4/1.4 MB | 365 kB | 11/28 kB 
2026.05.02 12:35:12 INFO                                                                   
2026.05.02 12:35:12 INFO  Downloaded from central: https://repo.maven.apache.org/maven2/net/java/dev/jna/jna/5.12.0/jna-5.12.0.jar (1.9 MB at 214 kB/s)
2026.05.02 12:35:12 INFO  Progress (4): 8.7/12 MB | 0.4/1.4 MB | 365 kB | 11/28 kB
2026.05.02 12:35:12 INFO                                                          
2026.05.02 12:35:12 INFO  Downloading from central: https://repo.maven.apache.org/maven2/org/scala-sbt/core-macros_2.13/1.8.0/core-macros_2.13-1.8.0.jar
2026.05.02 12:35:12 INFO  Progress (4): 8.7/12 MB | 0.4/1.4 MB | 365 kB | 28/28 kB
2026.05.02 12:35:12 INFO  Progress (4): 8.7/12 MB | 0.4/1.4 MB | 365 kB | 28 kB   
2026.05.02 12:35:12 INFO  Progress (4): 8.8/12 MB | 0.4/1.4 MB | 365 kB | 28 kB
2026.05.02 12:35:12 INFO  Progress (4): 8.8/12 MB | 0.4/1.4 MB | 365 kB | 28 kB
2026.05.02 12:35:12 INFO  Progress (4): 8.8/12 MB | 0.4/1.4 MB | 365 kB | 28 kB
2026.05.02 12:35:12 INFO  Progress (4): 8.8/12 MB | 0.4/1.4 MB | 365 kB | 28 kB
2026.05.02 12:35:12 INFO  Progress (4): 8.8/12 MB | 0.4/1.4 MB | 365 kB | 28 kB
2026.05.02 12:35:12 INFO  Progress (4): 8.8/12 MB | 0.4/1.4 MB | 365 kB | 28 kB
2026.05.02 12:35:12 INFO  Progress (4): 8.8/12 MB | 0.4/1.4 MB | 365 kB | 28 kB
2026.05.02 12:35:12 INFO  Progress (4): 8.8/12 MB | 0.4/1.4 MB | 365 kB | 28 kB
2026.05.02 12:35:12 INFO  Progress (4): 8.9/12 MB | 0.4/1.4 MB | 365 kB | 28 kB
2026.05.02 12:35:12 INFO  Progress (4): 8.9/12 MB | 0.4/1.4 MB | 365 kB | 28 kB
2026.05.02 12:35:12 INFO  Progress (4): 8.9/12 MB | 0.5/1.4 MB | 365 kB | 28 kB
2026.05.02 12:35:12 INFO  Progress (4): 8.9/12 MB | 0.5/1.4 MB | 365 kB | 28 kB
2026.05.02 12:35:12 INFO  Progress (4): 8.9/12 MB | 0.5/1.4 MB | 365 kB | 28 kB
2026.05.02 12:35:12 INFO  Progress (4): 8.9/12 MB | 0.5/1.4 MB | 365 kB | 28 kB
2026.05.02 12:35:12 INFO  Progress (4): 8.9/12 MB | 0.5/1.4 MB | 365 kB | 28 kB
2026.05.02 12:35:12 INFO  Progress (4): 9.0/12 MB | 0.5/1.4 MB | 365 kB | 28 kB
2026.05.02 12:35:12 INFO  Progress (4): 9.0/12 MB | 0.5/1.4 MB | 365 kB | 28 kB
2026.05.02 12:35:12 INFO  Progress (4): 9.0/12 MB | 0.5/1.4 MB | 365 kB | 28 kB
2026.05.02 12:35:12 INFO  Progress (4): 9.0/12 MB | 0.5/1.4 MB | 365 kB | 28 kB
2026.05.02 12:35:12 INFO  Progress (4): 9.0/12 MB | 0.5/1.4 MB | 365 kB | 28 kB
2026.05.02 12:35:12 INFO  Progress (4): 9.0/12 MB | 0.5/1.4 MB | 365 kB | 28 kB
2026.05.02 12:35:12 INFO  Progress (4): 9.0/12 MB | 0.5/1.4 MB | 365 kB | 28 kB
2026.05.02 12:35:12 INFO  Progress (4): 9.0/12 MB | 0.5/1.4 MB | 365 kB | 28 kB
2026.05.02 12:35:12 INFO  Progress (4): 9.0/12 MB | 0.5/1.4 MB | 365 kB | 28 kB
2026.05.02 12:35:12 INFO  Progress (4): 9.1/12 MB | 0.5/1.4 MB | 365 kB | 28 kB
2026.05.02 12:35:12 INFO  Progress (5): 9.1/12 MB | 0.5/1.4 MB | 365 kB | 28 kB | 7.7/87 kB
2026.05.02 12:35:12 INFO  Progress (5): 9.1/12 MB | 0.5/1.4 MB | 365 kB | 28 kB | 16/87 kB 
2026.05.02 12:35:12 INFO  Progress (5): 9.1/12 MB | 0.5/1.4 MB | 365 kB | 28 kB | 25/87 kB
2026.05.02 12:35:12 INFO  Progress (5): 9.1/12 MB | 0.5/1.4 MB | 365 kB | 28 kB | 41/87 kB
2026.05.02 12:35:12 INFO  Progress (5): 9.1/12 MB | 0.5/1.4 MB | 365 kB | 28 kB | 41/87 kB
2026.05.02 12:35:12 INFO  Progress (5): 9.1/12 MB | 0.5/1.4 MB | 365 kB | 28 kB | 41/87 kB
2026.05.02 12:35:12 INFO  Progress (5): 9.1/12 MB | 0.5/1.4 MB | 365 kB | 28 kB | 41/87 kB
2026.05.02 12:35:12 INFO  Progress (5): 9.1/12 MB | 0.5/1.4 MB | 365 kB | 28 kB | 41/87 kB
2026.05.02 12:35:12 INFO  Progress (5): 9.1/12 MB | 0.5/1.4 MB | 365 kB | 28 kB | 41/87 kB
2026.05.02 12:35:12 INFO  Progress (5): 9.1/12 MB | 0.5/1.4 MB | 365 kB | 28 kB | 57/87 kB
2026.05.02 12:35:12 INFO  Progress (5): 9.1/12 MB | 0.5/1.4 MB | 365 kB | 28 kB | 74/87 kB
2026.05.02 12:35:12 INFO  Progress (5): 9.1/12 MB | 0.5/1.4 MB | 365 kB | 28 kB | 87 kB   
2026.05.02 12:35:12 INFO  Progress (5): 9.1/12 MB | 0.5/1.4 MB | 365 kB | 28 kB | 87 kB
2026.05.02 12:35:12 INFO  Progress (5): 9.1/12 MB | 0.5/1.4 MB | 365 kB | 28 kB | 87 kB
2026.05.02 12:35:12 INFO  Progress (5): 9.2/12 MB | 0.5/1.4 MB | 365 kB | 28 kB | 87 kB
2026.05.02 12:35:12 INFO  Progress (5): 9.2/12 MB | 0.5/1.4 MB | 365 kB | 28 kB | 87 kB
2026.05.02 12:35:12 INFO  Progress (5): 9.2/12 MB | 0.6/1.4 MB | 365 kB | 28 kB | 87 kB
2026.05.02 12:35:12 INFO  Progress (5): 9.2/12 MB | 0.6/1.4 MB | 365 kB | 28 kB | 87 kB
2026.05.02 12:35:12 INFO  Progress (5): 9.2/12 MB | 0.6/1.4 MB | 365 kB | 28 kB | 87 kB
2026.05.02 12:35:12 INFO  Progress (5): 9.2/12 MB | 0.6/1.4 MB | 365 kB | 28 kB | 87 kB
2026.05.02 12:35:12 INFO  Progress (5): 9.2/12 MB | 0.6/1.4 MB | 365 kB | 28 kB | 87 kB
2026.05.02 12:35:12 INFO  Progress (5): 9.2/12 MB | 0.6/1.4 MB | 365 kB | 28 kB | 87 kB
2026.05.02 12:35:12 INFO  Progress (5): 9.2/12 MB | 0.6/1.4 MB | 365 kB | 28 kB | 87 kB
2026.05.02 12:35:12 INFO  Progress (5): 9.3/12 MB | 0.6/1.4 MB | 365 kB | 28 kB | 87 kB
2026.05.02 12:35:12 INFO  Progress (5): 9.3/12 MB | 0.6/1.4 MB | 365 kB | 28 kB | 87 kB
2026.05.02 12:35:12 INFO  Progress (5): 9.3/12 MB | 0.6/1.4 MB | 365 kB | 28 kB | 87 kB
2026.05.02 12:35:12 INFO  Progress (5): 9.3/12 MB | 0.6/1.4 MB | 365 kB | 28 kB | 87 kB
2026.05.02 12:35:12 INFO  Progress (5): 9.3/12 MB | 0.6/1.4 MB | 365 kB | 28 kB | 87 kB
2026.05.02 12:35:12 INFO  Progress (5): 9.3/12 MB | 0.6/1.4 MB | 365 kB | 28 kB | 87 kB
2026.05.02 12:35:12 INFO  Progress (5): 9.3/12 MB | 0.6/1.4 MB | 365 kB | 28 kB | 87 kB
2026.05.02 12:35:12 INFO  Progress (5): 9.3/12 MB | 0.6/1.4 MB | 365 kB | 28 kB | 87 kB
2026.05.02 12:35:12 INFO  Progress (5): 9.4/12 MB | 0.6/1.4 MB | 365 kB | 28 kB | 87 kB
2026.05.02 12:35:12 INFO  Progress (5): 9.4/12 MB | 0.6/1.4 MB | 365 kB | 28 kB | 87 kB
2026.05.02 12:35:12 INFO  Progress (5): 9.4/12 MB | 0.6/1.4 MB | 365 kB | 28 kB | 87 kB
2026.05.02 12:35:12 INFO  Progress (5): 9.4/12 MB | 0.6/1.4 MB | 365 kB | 28 kB | 87 kB
2026.05.02 12:35:12 INFO  Progress (5): 9.4/12 MB | 0.6/1.4 MB | 365 kB | 28 kB | 87 kB
2026.05.02 12:35:12 INFO  Progress (5): 9.4/12 MB | 0.6/1.4 MB | 365 kB | 28 kB | 87 kB
2026.05.02 12:35:12 INFO  Progress (5): 9.4/12 MB | 0.6/1.4 MB | 365 kB | 28 kB | 87 kB
2026.05.02 12:35:12 INFO  Progress (5): 9.5/12 MB | 0.6/1.4 MB | 365 kB | 28 kB | 87 kB
2026.05.02 12:35:12 INFO  Progress (5): 9.5/12 MB | 0.6/1.4 MB | 365 kB | 28 kB | 87 kB
2026.05.02 12:35:12 INFO  Progress (5): 9.5/12 MB | 0.6/1.4 MB | 365 kB | 28 kB | 87 kB
2026.05.02 12:35:12 INFO  Progress (5): 9.5/12 MB | 0.6/1.4 MB | 365 kB | 28 kB | 87 kB
2026.05.02 12:35:12 INFO  Progress (5): 9.5/12 MB | 0.6/1.4 MB | 365 kB | 28 kB | 87 kB
2026.05.02 12:35:12 INFO  Progress (5): 9.5/12 MB | 0.6/1.4 MB | 365 kB | 28 kB | 87 kB
2026.05.02 12:35:12 INFO  Progress (5): 9.5/12 MB | 0.6/1.4 MB | 365 kB | 28 kB | 87 kB
2026.05.02 12:35:12 INFO  Progress (5): 9.5/12 MB | 0.7/1.4 MB | 365 kB | 28 kB | 87 kB
2026.05.02 12:35:12 INFO  Progress (5): 9.6/12 MB | 0.7/1.4 MB | 365 kB | 28 kB | 87 kB
2026.05.02 12:35:12 INFO  Progress (5): 9.6/12 MB | 0.7/1.4 MB | 365 kB | 28 kB | 87 kB
2026.05.02 12:35:12 INFO  Progress (5): 9.6/12 MB | 0.7/1.4 MB | 365 kB | 28 kB | 87 kB
2026.05.02 12:35:12 INFO  Progress (5): 9.6/12 MB | 0.7/1.4 MB | 365 kB | 28 kB | 87 kB
2026.05.02 12:35:12 INFO  Progress (5): 9.6/12 MB | 0.7/1.4 MB | 365 kB | 28 kB | 87 kB
2026.05.02 12:35:12 INFO  Progress (5): 9.6/12 MB | 0.7/1.4 MB | 365 kB | 28 kB | 87 kB
2026.05.02 12:35:12 INFO  Progress (5): 9.6/12 MB | 0.7/1.4 MB | 365 kB | 28 kB | 87 kB
2026.05.02 12:35:12 INFO  Progress (5): 9.6/12 MB | 0.7/1.4 MB | 365 kB | 28 kB | 87 kB
2026.05.02 12:35:12 INFO  Progress (5): 9.7/12 MB | 0.7/1.4 MB | 365 kB | 28 kB | 87 kB
2026.05.02 12:35:12 INFO  Progress (5): 9.7/12 MB | 0.7/1.4 MB | 365 kB | 28 kB | 87 kB
2026.05.02 12:35:12 INFO  Progress (5): 9.7/12 MB | 0.7/1.4 MB | 365 kB | 28 kB | 87 kB
2026.05.02 12:35:12 INFO  Progress (5): 9.7/12 MB | 0.7/1.4 MB | 365 kB | 28 kB | 87 kB
2026.05.02 12:35:12 INFO  Progress (5): 9.7/12 MB | 0.7/1.4 MB | 365 kB | 28 kB | 87 kB
2026.05.02 12:35:12 INFO  Progress (5): 9.7/12 MB | 0.7/1.4 MB | 365 kB | 28 kB | 87 kB
2026.05.02 12:35:12 INFO  Progress (5): 9.7/12 MB | 0.7/1.4 MB | 365 kB | 28 kB | 87 kB
2026.05.02 12:35:12 INFO  Progress (5): 9.7/12 MB | 0.7/1.4 MB | 365 kB | 28 kB | 87 kB
2026.05.02 12:35:12 INFO  Progress (5): 9.8/12 MB | 0.7/1.4 MB | 365 kB | 28 kB | 87 kB
2026.05.02 12:35:12 INFO  Progress (5): 9.8/12 MB | 0.7/1.4 MB | 365 kB | 28 kB | 87 kB
2026.05.02 12:35:12 INFO  Progress (5): 9.8/12 MB | 0.7/1.4 MB | 365 kB | 28 kB | 87 kB
2026.05.02 12:35:12 INFO  Progress (5): 9.8/12 MB | 0.7/1.4 MB | 365 kB | 28 kB | 87 kB
2026.05.02 12:35:12 INFO  Progress (5): 9.8/12 MB | 0.7/1.4 MB | 365 kB | 28 kB | 87 kB
2026.05.02 12:35:12 INFO  Progress (5): 9.8/12 MB | 0.7/1.4 MB | 365 kB | 28 kB | 87 kB
2026.05.02 12:35:12 INFO  Progress (5): 9.8/12 MB | 0.7/1.4 MB | 365 kB | 28 kB | 87 kB
2026.05.02 12:35:12 INFO  Progress (5): 9.8/12 MB | 0.7/1.4 MB | 365 kB | 28 kB | 87 kB
2026.05.02 12:35:12 INFO  Progress (5): 9.8/12 MB | 0.7/1.4 MB | 365 kB | 28 kB | 87 kB
2026.05.02 12:35:12 INFO  Progress (5): 9.8/12 MB | 0.8/1.4 MB | 365 kB | 28 kB | 87 kB
2026.05.02 12:35:12 INFO  Progress (5): 9.9/12 MB | 0.8/1.4 MB | 365 kB | 28 kB | 87 kB
2026.05.02 12:35:12 INFO  Progress (5): 9.9/12 MB | 0.8/1.4 MB | 365 kB | 28 kB | 87 kB
2026.05.02 12:35:12 INFO  Progress (5): 9.9/12 MB | 0.8/1.4 MB | 365 kB | 28 kB | 87 kB
2026.05.02 12:35:12 INFO  Progress (5): 9.9/12 MB | 0.8/1.4 MB | 365 kB | 28 kB | 87 kB
2026.05.02 12:35:12 INFO  Progress (5): 9.9/12 MB | 0.8/1.4 MB | 365 kB | 28 kB | 87 kB
2026.05.02 12:35:12 INFO                                                               
2026.05.02 12:35:12 INFO  Downloaded from central: https://repo.maven.apache.org/maven2/org/scala-sbt/collections_2.13/1.8.0/collections_2.13-1.8.0.jar (365 kB at 40 kB/s)
2026.05.02 12:35:12 INFO  Downloading from central: https://repo.maven.apache.org/maven2/org/jline/jline-terminal/3.19.0/jline-terminal-3.19.0.jar
2026.05.02 12:35:12 INFO  Progress (4): 9.9/12 MB | 0.8/1.4 MB | 28 kB | 87 kB
2026.05.02 12:35:12 INFO  Progress (4): 9.9/12 MB | 0.8/1.4 MB | 28 kB | 87 kB
2026.05.02 12:35:12 INFO  Progress (4): 9.9/12 MB | 0.8/1.4 MB | 28 kB | 87 kB
2026.05.02 12:35:12 INFO  Progress (4): 9.9/12 MB | 0.8/1.4 MB | 28 kB | 87 kB
2026.05.02 12:35:12 INFO  Progress (4): 10.0/12 MB | 0.8/1.4 MB | 28 kB | 87 kB
2026.05.02 12:35:12 INFO  Progress (4): 10.0/12 MB | 0.8/1.4 MB | 28 kB | 87 kB
2026.05.02 12:35:12 INFO  Progress (4): 10.0/12 MB | 0.8/1.4 MB | 28 kB | 87 kB
2026.05.02 12:35:12 INFO  Progress (4): 10/12 MB | 0.8/1.4 MB | 28 kB | 87 kB  
2026.05.02 12:35:12 INFO  Progress (4): 10/12 MB | 0.8/1.4 MB | 28 kB | 87 kB
2026.05.02 12:35:12 INFO  Progress (4): 10/12 MB | 0.8/1.4 MB | 28 kB | 87 kB
2026.05.02 12:35:12 INFO  Progress (4): 10/12 MB | 0.8/1.4 MB | 28 kB | 87 kB
2026.05.02 12:35:12 INFO  Progress (4): 10/12 MB | 0.8/1.4 MB | 28 kB | 87 kB
2026.05.02 12:35:12 INFO  Progress (4): 10/12 MB | 0.8/1.4 MB | 28 kB | 87 kB
2026.05.02 12:35:12 INFO  Progress (4): 10/12 MB | 0.8/1.4 MB | 28 kB | 87 kB
2026.05.02 12:35:12 INFO  Progress (4): 10/12 MB | 0.8/1.4 MB | 28 kB | 87 kB
2026.05.02 12:35:12 INFO  Progress (4): 10/12 MB | 0.8/1.4 MB | 28 kB | 87 kB
2026.05.02 12:35:12 INFO  Progress (4): 10/12 MB | 0.8/1.4 MB | 28 kB | 87 kB
2026.05.02 12:35:12 INFO  Progress (4): 10/12 MB | 0.8/1.4 MB | 28 kB | 87 kB
2026.05.02 12:35:12 INFO  Progress (4): 10/12 MB | 0.8/1.4 MB | 28 kB | 87 kB
2026.05.02 12:35:12 INFO  Progress (4): 10/12 MB | 0.8/1.4 MB | 28 kB | 87 kB
2026.05.02 12:35:12 INFO  Progress (4): 10/12 MB | 0.8/1.4 MB | 28 kB | 87 kB
2026.05.02 12:35:12 INFO  Progress (4): 10/12 MB | 0.8/1.4 MB | 28 kB | 87 kB
2026.05.02 12:35:12 INFO  Progress (4): 10/12 MB | 0.9/1.4 MB | 28 kB | 87 kB
2026.05.02 12:35:12 INFO  Progress (4): 10/12 MB | 0.9/1.4 MB | 28 kB | 87 kB
2026.05.02 12:35:12 INFO  Progress (4): 10/12 MB | 0.9/1.4 MB | 28 kB | 87 kB
2026.05.02 12:35:12 INFO  Progress (4): 10/12 MB | 0.9/1.4 MB | 28 kB | 87 kB
2026.05.02 12:35:12 INFO  Progress (4): 10/12 MB | 0.9/1.4 MB | 28 kB | 87 kB
2026.05.02 12:35:12 INFO                                                     
2026.05.02 12:35:12 INFO  Downloaded from central: https://repo.maven.apache.org/maven2/org/scala-sbt/core-macros_2.13/1.8.0/core-macros_2.13-1.8.0.jar (87 kB at 9.4 kB/s)
2026.05.02 12:35:12 INFO  Downloading from central: https://repo.maven.apache.org/maven2/org/scala-lang/scala-reflect/2.13.8/scala-reflect-2.13.8.jar
2026.05.02 12:35:12 INFO  Progress (3): 10/12 MB | 0.9/1.4 MB | 28 kB
2026.05.02 12:35:12 INFO  Progress (4): 10/12 MB | 0.9/1.4 MB | 28 kB | 7.7/228 kB
2026.05.02 12:35:12 INFO  Progress (4): 10/12 MB | 0.9/1.4 MB | 28 kB | 16/228 kB 
2026.05.02 12:35:12 INFO  Progress (4): 10/12 MB | 0.9/1.4 MB | 28 kB | 16/228 kB
2026.05.02 12:35:12 INFO  Progress (4): 10/12 MB | 0.9/1.4 MB | 28 kB | 32/228 kB
2026.05.02 12:35:12 INFO  Progress (4): 10/12 MB | 0.9/1.4 MB | 28 kB | 32/228 kB
2026.05.02 12:35:12 INFO  Progress (4): 10/12 MB | 0.9/1.4 MB | 28 kB | 49/228 kB
2026.05.02 12:35:12 INFO  Progress (4): 10/12 MB | 0.9/1.4 MB | 28 kB | 65/228 kB
2026.05.02 12:35:12 INFO  Progress (4): 10/12 MB | 0.9/1.4 MB | 28 kB | 65/228 kB
2026.05.02 12:35:12 INFO  Progress (4): 10/12 MB | 0.9/1.4 MB | 28 kB | 81/228 kB
2026.05.02 12:35:12 INFO  Progress (4): 10/12 MB | 0.9/1.4 MB | 28 kB | 82/228 kB
2026.05.02 12:35:12 INFO  Progress (4): 10/12 MB | 0.9/1.4 MB | 28 kB | 98/228 kB
2026.05.02 12:35:12 INFO  Progress (4): 10/12 MB | 0.9/1.4 MB | 28 kB | 98/228 kB
2026.05.02 12:35:12 INFO  Progress (4): 10/12 MB | 0.9/1.4 MB | 28 kB | 115/228 kB
2026.05.02 12:35:12 INFO  Progress (4): 10/12 MB | 0.9/1.4 MB | 28 kB | 131/228 kB
2026.05.02 12:35:12 INFO  Progress (4): 10/12 MB | 0.9/1.4 MB | 28 kB | 131/228 kB
2026.05.02 12:35:12 INFO  Progress (4): 10/12 MB | 0.9/1.4 MB | 28 kB | 147/228 kB
2026.05.02 12:35:12 INFO  Progress (4): 10/12 MB | 0.9/1.4 MB | 28 kB | 164/228 kB
2026.05.02 12:35:12 INFO  Progress (4): 10/12 MB | 0.9/1.4 MB | 28 kB | 164/228 kB
2026.05.02 12:35:12 INFO  Progress (4): 10/12 MB | 0.9/1.4 MB | 28 kB | 180/228 kB
2026.05.02 12:35:12 INFO  Progress (4): 10/12 MB | 0.9/1.4 MB | 28 kB | 180/228 kB
2026.05.02 12:35:12 INFO  Progress (4): 10/12 MB | 0.9/1.4 MB | 28 kB | 197/228 kB
2026.05.02 12:35:12 INFO  Progress (4): 10/12 MB | 0.9/1.4 MB | 28 kB | 197/228 kB
2026.05.02 12:35:12 INFO  Progress (4): 10/12 MB | 0.9/1.4 MB | 28 kB | 197/228 kB
2026.05.02 12:35:12 INFO  Progress (4): 10/12 MB | 0.9/1.4 MB | 28 kB | 213/228 kB
2026.05.02 12:35:12 INFO  Progress (4): 10/12 MB | 0.9/1.4 MB | 28 kB | 228 kB    
2026.05.02 12:35:12 INFO  Progress (4): 10/12 MB | 0.9/1.4 MB | 28 kB | 228 kB
2026.05.02 12:35:12 INFO  Progress (4): 10/12 MB | 0.9/1.4 MB | 28 kB | 228 kB
2026.05.02 12:35:12 INFO  Progress (4): 10/12 MB | 0.9/1.4 MB | 28 kB | 228 kB
2026.05.02 12:35:12 INFO  Progress (4): 10/12 MB | 0.9/1.4 MB | 28 kB | 228 kB
2026.05.02 12:35:12 INFO  Progress (4): 10/12 MB | 0.9/1.4 MB | 28 kB | 228 kB
2026.05.02 12:35:12 INFO  Progress (4): 10/12 MB | 0.9/1.4 MB | 28 kB | 228 kB
2026.05.02 12:35:12 INFO  Progress (4): 10/12 MB | 0.9/1.4 MB | 28 kB | 228 kB
2026.05.02 12:35:12 INFO  Progress (4): 10/12 MB | 0.9/1.4 MB | 28 kB | 228 kB
2026.05.02 12:35:12 INFO  Progress (4): 10/12 MB | 0.9/1.4 MB | 28 kB | 228 kB
2026.05.02 12:35:12 INFO  Progress (4): 10/12 MB | 0.9/1.4 MB | 28 kB | 228 kB
2026.05.02 12:35:12 INFO  Progress (5): 10/12 MB | 0.9/1.4 MB | 28 kB | 228 kB | 0/3.8 MB
2026.05.02 12:35:12 INFO  Progress (5): 10/12 MB | 1.0/1.4 MB | 28 kB | 228 kB | 0/3.8 MB
2026.05.02 12:35:12 INFO  Progress (5): 10/12 MB | 1.0/1.4 MB | 28 kB | 228 kB | 0/3.8 MB
2026.05.02 12:35:12 INFO  Progress (5): 10/12 MB | 1.0/1.4 MB | 28 kB | 228 kB | 0/3.8 MB
2026.05.02 12:35:12 INFO  Progress (5): 10/12 MB | 1.0/1.4 MB | 28 kB | 228 kB | 0/3.8 MB
2026.05.02 12:35:12 INFO  Progress (5): 10/12 MB | 1.0/1.4 MB | 28 kB | 228 kB | 0/3.8 MB
2026.05.02 12:35:12 INFO  Progress (5): 11/12 MB | 1.0/1.4 MB | 28 kB | 228 kB | 0/3.8 MB
2026.05.02 12:35:12 INFO  Progress (5): 11/12 MB | 1.0/1.4 MB | 28 kB | 228 kB | 0/3.8 MB
2026.05.02 12:35:12 INFO  Progress (5): 11/12 MB | 1.0/1.4 MB | 28 kB | 228 kB | 0/3.8 MB
2026.05.02 12:35:12 INFO  Progress (5): 11/12 MB | 1.0/1.4 MB | 28 kB | 228 kB | 0/3.8 MB
2026.05.02 12:35:12 INFO  Progress (5): 11/12 MB | 1.0/1.4 MB | 28 kB | 228 kB | 0/3.8 MB
2026.05.02 12:35:12 INFO  Progress (5): 11/12 MB | 1.0/1.4 MB | 28 kB | 228 kB | 0/3.8 MB
2026.05.02 12:35:12 INFO  Progress (5): 11/12 MB | 1.0/1.4 MB | 28 kB | 228 kB | 0/3.8 MB
2026.05.02 12:35:12 INFO  Progress (5): 11/12 MB | 1.0/1.4 MB | 28 kB | 228 kB | 0.1/3.8 MB
2026.05.02 12:35:12 INFO  Progress (5): 11/12 MB | 1.0/1.4 MB | 28 kB | 228 kB | 0.1/3.8 MB
2026.05.02 12:35:12 INFO  Progress (5): 11/12 MB | 1.0/1.4 MB | 28 kB | 228 kB | 0.1/3.8 MB
2026.05.02 12:35:12 INFO  Progress (5): 11/12 MB | 1.0/1.4 MB | 28 kB | 228 kB | 0.1/3.8 MB
2026.05.02 12:35:12 INFO  Progress (5): 11/12 MB | 1.0/1.4 MB | 28 kB | 228 kB | 0.1/3.8 MB
2026.05.02 12:35:12 INFO  Progress (5): 11/12 MB | 1.0/1.4 MB | 28 kB | 228 kB | 0.1/3.8 MB
2026.05.02 12:35:12 INFO  Progress (5): 11/12 MB | 1.0/1.4 MB | 28 kB | 228 kB | 0.1/3.8 MB
2026.05.02 12:35:12 INFO  Progress (5): 11/12 MB | 1.0/1.4 MB | 28 kB | 228 kB | 0.1/3.8 MB
2026.05.02 12:35:12 INFO  Progress (5): 11/12 MB | 1.0/1.4 MB | 28 kB | 228 kB | 0.1/3.8 MB
2026.05.02 12:35:12 INFO  Progress (5): 11/12 MB | 1.0/1.4 MB | 28 kB | 228 kB | 0.1/3.8 MB
2026.05.02 12:35:12 INFO  Progress (5): 11/12 MB | 1.0/1.4 MB | 28 kB | 228 kB | 0.1/3.8 MB
2026.05.02 12:35:12 INFO  Progress (5): 11/12 MB | 1.0/1.4 MB | 28 kB | 228 kB | 0.1/3.8 MB
2026.05.02 12:35:12 INFO  Progress (5): 11/12 MB | 1.0/1.4 MB | 28 kB | 228 kB | 0.1/3.8 MB
2026.05.02 12:35:12 INFO  Progress (5): 11/12 MB | 1.0/1.4 MB | 28 kB | 228 kB | 0.1/3.8 MB
2026.05.02 12:35:12 INFO                                                                   
2026.05.02 12:35:12 INFO  Downloaded from central: https://repo.maven.apache.org/maven2/org/jline/jline-terminal/3.19.0/jline-terminal-3.19.0.jar (228 kB at 24 kB/s)
2026.05.02 12:35:12 INFO  Downloading from central: https://repo.maven.apache.org/maven2/org/scala-sbt/util-relation_2.13/1.8.0/util-relation_2.13-1.8.0.jar
2026.05.02 12:35:12 INFO  Progress (4): 11/12 MB | 1.0/1.4 MB | 28 kB | 0.1/3.8 MB
2026.05.02 12:35:12 INFO  Progress (4): 11/12 MB | 1.0/1.4 MB | 28 kB | 0.1/3.8 MB
2026.05.02 12:35:12 INFO  Progress (4): 11/12 MB | 1.0/1.4 MB | 28 kB | 0.1/3.8 MB
2026.05.02 12:35:12 INFO  Progress (4): 11/12 MB | 1.0/1.4 MB | 28 kB | 0.1/3.8 MB
2026.05.02 12:35:12 INFO  Progress (4): 11/12 MB | 1.0/1.4 MB | 28 kB | 0.1/3.8 MB
2026.05.02 12:35:12 INFO  Progress (4): 11/12 MB | 1.0/1.4 MB | 28 kB | 0.1/3.8 MB
2026.05.02 12:35:12 INFO  Progress (4): 11/12 MB | 1.0/1.4 MB | 28 kB | 0.1/3.8 MB
2026.05.02 12:35:12 INFO  Progress (4): 11/12 MB | 1.0/1.4 MB | 28 kB | 0.1/3.8 MB
2026.05.02 12:35:12 INFO  Progress (4): 11/12 MB | 1.0/1.4 MB | 28 kB | 0.1/3.8 MB
2026.05.02 12:35:12 INFO  Progress (4): 11/12 MB | 1.0/1.4 MB | 28 kB | 0.1/3.8 MB
2026.05.02 12:35:12 INFO  Progress (4): 11/12 MB | 1.0/1.4 MB | 28 kB | 0.1/3.8 MB
2026.05.02 12:35:12 INFO  Progress (4): 11/12 MB | 1.0/1.4 MB | 28 kB | 0.1/3.8 MB
2026.05.02 12:35:12 INFO  Progress (4): 11/12 MB | 1.0/1.4 MB | 28 kB | 0.1/3.8 MB
2026.05.02 12:35:12 INFO  Progress (4): 11/12 MB | 1.0/1.4 MB | 28 kB | 0.1/3.8 MB
2026.05.02 12:35:12 INFO  Progress (4): 11/12 MB | 1.0/1.4 MB | 28 kB | 0.1/3.8 MB
2026.05.02 12:35:12 INFO  Progress (4): 11/12 MB | 1.1/1.4 MB | 28 kB | 0.1/3.8 MB
2026.05.02 12:35:12 INFO  Progress (4): 11/12 MB | 1.1/1.4 MB | 28 kB | 0.1/3.8 MB
2026.05.02 12:35:12 INFO  Progress (4): 11/12 MB | 1.1/1.4 MB | 28 kB | 0.1/3.8 MB
2026.05.02 12:35:12 INFO  Progress (4): 11/12 MB | 1.1/1.4 MB | 28 kB | 0.1/3.8 MB
2026.05.02 12:35:12 INFO  Progress (4): 11/12 MB | 1.1/1.4 MB | 28 kB | 0.1/3.8 MB
2026.05.02 12:35:12 INFO  Progress (4): 11/12 MB | 1.1/1.4 MB | 28 kB | 0.1/3.8 MB
2026.05.02 12:35:12 INFO  Progress (4): 11/12 MB | 1.1/1.4 MB | 28 kB | 0.1/3.8 MB
2026.05.02 12:35:12 INFO  Progress (4): 11/12 MB | 1.1/1.4 MB | 28 kB | 0.1/3.8 MB
2026.05.02 12:35:12 INFO  Progress (4): 11/12 MB | 1.1/1.4 MB | 28 kB | 0.1/3.8 MB
2026.05.02 12:35:12 INFO  Progress (4): 11/12 MB | 1.1/1.4 MB | 28 kB | 0.1/3.8 MB
2026.05.02 12:35:12 INFO  Progress (4): 11/12 MB | 1.1/1.4 MB | 28 kB | 0.1/3.8 MB
2026.05.02 12:35:12 INFO  Progress (4): 11/12 MB | 1.1/1.4 MB | 28 kB | 0.1/3.8 MB
2026.05.02 12:35:12 INFO  Progress (4): 11/12 MB | 1.1/1.4 MB | 28 kB | 0.1/3.8 MB
2026.05.02 12:35:12 INFO  Progress (4): 11/12 MB | 1.1/1.4 MB | 28 kB | 0.1/3.8 MB
2026.05.02 12:35:12 INFO  Progress (4): 11/12 MB | 1.1/1.4 MB | 28 kB | 0.1/3.8 MB
2026.05.02 12:35:12 INFO  Progress (4): 11/12 MB | 1.1/1.4 MB | 28 kB | 0.2/3.8 MB
2026.05.02 12:35:12 INFO  Progress (4): 11/12 MB | 1.1/1.4 MB | 28 kB | 0.2/3.8 MB
2026.05.02 12:35:12 INFO  Progress (4): 11/12 MB | 1.1/1.4 MB | 28 kB | 0.2/3.8 MB
2026.05.02 12:35:12 INFO  Progress (4): 11/12 MB | 1.1/1.4 MB | 28 kB | 0.2/3.8 MB
2026.05.02 12:35:12 INFO  Progress (4): 11/12 MB | 1.1/1.4 MB | 28 kB | 0.2/3.8 MB
2026.05.02 12:35:12 INFO  Progress (4): 11/12 MB | 1.1/1.4 MB | 28 kB | 0.2/3.8 MB
2026.05.02 12:35:12 INFO  Progress (4): 11/12 MB | 1.1/1.4 MB | 28 kB | 0.2/3.8 MB
2026.05.02 12:35:12 INFO  Progress (4): 11/12 MB | 1.1/1.4 MB | 28 kB | 0.2/3.8 MB
2026.05.02 12:35:12 INFO  Progress (4): 11/12 MB | 1.1/1.4 MB | 28 kB | 0.2/3.8 MB
2026.05.02 12:35:12 INFO  Progress (5): 11/12 MB | 1.1/1.4 MB | 28 kB | 0.2/3.8 MB | 7.7/15 kB
2026.05.02 12:35:12 INFO  Progress (5): 11/12 MB | 1.1/1.4 MB | 28 kB | 0.2/3.8 MB | 11/15 kB 
2026.05.02 12:35:12 INFO  Progress (5): 11/12 MB | 1.1/1.4 MB | 28 kB | 0.2/3.8 MB | 15 kB   
2026.05.02 12:35:12 INFO  Progress (5): 11/12 MB | 1.1/1.4 MB | 28 kB | 0.2/3.8 MB | 15 kB
2026.05.02 12:35:12 INFO  Progress (5): 11/12 MB | 1.1/1.4 MB | 28 kB | 0.2/3.8 MB | 15 kB
2026.05.02 12:35:12 INFO  Progress (5): 11/12 MB | 1.1/1.4 MB | 28 kB | 0.2/3.8 MB | 15 kB
2026.05.02 12:35:12 INFO  Progress (5): 11/12 MB | 1.1/1.4 MB | 28 kB | 0.2/3.8 MB | 15 kB
2026.05.02 12:35:12 INFO  Progress (5): 11/12 MB | 1.1/1.4 MB | 28 kB | 0.2/3.8 MB | 15 kB
2026.05.02 12:35:12 INFO  Progress (5): 11/12 MB | 1.2/1.4 MB | 28 kB | 0.2/3.8 MB | 15 kB
2026.05.02 12:35:12 INFO  Progress (5): 11/12 MB | 1.2/1.4 MB | 28 kB | 0.2/3.8 MB | 15 kB
2026.05.02 12:35:12 INFO  Progress (5): 11/12 MB | 1.2/1.4 MB | 28 kB | 0.2/3.8 MB | 15 kB
2026.05.02 12:35:12 INFO  Progress (5): 11/12 MB | 1.2/1.4 MB | 28 kB | 0.2/3.8 MB | 15 kB
2026.05.02 12:35:12 INFO  Progress (5): 11/12 MB | 1.2/1.4 MB | 28 kB | 0.2/3.8 MB | 15 kB
2026.05.02 12:35:12 INFO  Progress (5): 11/12 MB | 1.2/1.4 MB | 28 kB | 0.2/3.8 MB | 15 kB
2026.05.02 12:35:12 INFO  Progress (5): 11/12 MB | 1.2/1.4 MB | 28 kB | 0.2/3.8 MB | 15 kB
2026.05.02 12:35:12 INFO  Progress (5): 11/12 MB | 1.2/1.4 MB | 28 kB | 0.2/3.8 MB | 15 kB
2026.05.02 12:35:12 INFO  Progress (5): 11/12 MB | 1.2/1.4 MB | 28 kB | 0.2/3.8 MB | 15 kB
2026.05.02 12:35:12 INFO  Progress (5): 11/12 MB | 1.2/1.4 MB | 28 kB | 0.2/3.8 MB | 15 kB
2026.05.02 12:35:12 INFO  Progress (5): 11/12 MB | 1.2/1.4 MB | 28 kB | 0.2/3.8 MB | 15 kB
2026.05.02 12:35:12 INFO  Progress (5): 11/12 MB | 1.2/1.4 MB | 28 kB | 0.2/3.8 MB | 15 kB
2026.05.02 12:35:12 INFO  Progress (5): 11/12 MB | 1.2/1.4 MB | 28 kB | 0.2/3.8 MB | 15 kB
2026.05.02 12:35:12 INFO  Progress (5): 11/12 MB | 1.2/1.4 MB | 28 kB | 0.2/3.8 MB | 15 kB
2026.05.02 12:35:12 INFO  Progress (5): 11/12 MB | 1.2/1.4 MB | 28 kB | 0.2/3.8 MB | 15 kB
2026.05.02 12:35:12 INFO  Progress (5): 11/12 MB | 1.2/1.4 MB | 28 kB | 0.2/3.8 MB | 15 kB
2026.05.02 12:35:12 INFO  Progress (5): 11/12 MB | 1.2/1.4 MB | 28 kB | 0.2/3.8 MB | 15 kB
2026.05.02 12:35:12 INFO  Progress (5): 11/12 MB | 1.2/1.4 MB | 28 kB | 0.3/3.8 MB | 15 kB
2026.05.02 12:35:12 INFO  Progress (5): 11/12 MB | 1.2/1.4 MB | 28 kB | 0.3/3.8 MB | 15 kB
2026.05.02 12:35:12 INFO  Progress (5): 11/12 MB | 1.2/1.4 MB | 28 kB | 0.3/3.8 MB | 15 kB
2026.05.02 12:35:12 INFO  Progress (5): 11/12 MB | 1.2/1.4 MB | 28 kB | 0.3/3.8 MB | 15 kB
2026.05.02 12:35:12 INFO  Progress (5): 11/12 MB | 1.2/1.4 MB | 28 kB | 0.3/3.8 MB | 15 kB
2026.05.02 12:35:12 INFO  Progress (5): 11/12 MB | 1.2/1.4 MB | 28 kB | 0.3/3.8 MB | 15 kB
2026.05.02 12:35:12 INFO  Progress (5): 11/12 MB | 1.2/1.4 MB | 28 kB | 0.3/3.8 MB | 15 kB
2026.05.02 12:35:12 INFO  Progress (5): 11/12 MB | 1.2/1.4 MB | 28 kB | 0.3/3.8 MB | 15 kB
2026.05.02 12:35:12 INFO  Progress (5): 11/12 MB | 1.2/1.4 MB | 28 kB | 0.3/3.8 MB | 15 kB
2026.05.02 12:35:12 INFO  Progress (5): 11/12 MB | 1.2/1.4 MB | 28 kB | 0.3/3.8 MB | 15 kB
2026.05.02 12:35:12 INFO  Progress (5): 11/12 MB | 1.2/1.4 MB | 28 kB | 0.3/3.8 MB | 15 kB
2026.05.02 12:35:12 INFO  Progress (5): 11/12 MB | 1.2/1.4 MB | 28 kB | 0.3/3.8 MB | 15 kB
2026.05.02 12:35:12 INFO  Progress (5): 11/12 MB | 1.2/1.4 MB | 28 kB | 0.3/3.8 MB | 15 kB
2026.05.02 12:35:12 INFO  Progress (5): 11/12 MB | 1.2/1.4 MB | 28 kB | 0.3/3.8 MB | 15 kB
2026.05.02 12:35:12 INFO  Progress (5): 11/12 MB | 1.2/1.4 MB | 28 kB | 0.3/3.8 MB | 15 kB
2026.05.02 12:35:12 INFO  Progress (5): 11/12 MB | 1.3/1.4 MB | 28 kB | 0.3/3.8 MB | 15 kB
2026.05.02 12:35:12 INFO  Progress (5): 11/12 MB | 1.3/1.4 MB | 28 kB | 0.3/3.8 MB | 15 kB
2026.05.02 12:35:12 INFO  Progress (5): 11/12 MB | 1.3/1.4 MB | 28 kB | 0.3/3.8 MB | 15 kB
2026.05.02 12:35:12 INFO                                                                  
2026.05.02 12:35:12 INFO  Downloaded from central: https://repo.maven.apache.org/maven2/org/scala-sbt/util-position_2.13/1.8.0/util-position_2.13-1.8.0.jar (28 kB at 2.9 kB/s)
2026.05.02 12:35:12 INFO  Downloading from central: https://repo.maven.apache.org/maven2/org/scala-sbt/zinc-persist_2.13/1.8.0/zinc-persist_2.13-1.8.0.jar
2026.05.02 12:35:13 INFO  Progress (4): 11/12 MB | 1.3/1.4 MB | 0.3/3.8 MB | 15 kB
2026.05.02 12:35:13 INFO  Progress (4): 12/12 MB | 1.3/1.4 MB | 0.3/3.8 MB | 15 kB
2026.05.02 12:35:13 INFO  Progress (4): 12/12 MB | 1.3/1.4 MB | 0.3/3.8 MB | 15 kB
2026.05.02 12:35:13 INFO  Progress (4): 12/12 MB | 1.3/1.4 MB | 0.3/3.8 MB | 15 kB
2026.05.02 12:35:13 INFO  Progress (4): 12/12 MB | 1.3/1.4 MB | 0.3/3.8 MB | 15 kB
2026.05.02 12:35:13 INFO  Progress (4): 12/12 MB | 1.3/1.4 MB | 0.3/3.8 MB | 15 kB
2026.05.02 12:35:13 INFO  Progress (4): 12/12 MB | 1.3/1.4 MB | 0.3/3.8 MB | 15 kB
2026.05.02 12:35:13 INFO  Progress (4): 12/12 MB | 1.3/1.4 MB | 0.3/3.8 MB | 15 kB
2026.05.02 12:35:13 INFO                                                          
2026.05.02 12:35:13 INFO  Downloaded from central: https://repo.maven.apache.org/maven2/org/scala-sbt/util-relation_2.13/1.8.0/util-relation_2.13-1.8.0.jar (15 kB at 1.6 kB/s)
2026.05.02 12:35:13 INFO  Downloading from central: https://repo.maven.apache.org/maven2/org/scala-sbt/zinc-compile-core_2.13/1.8.0/zinc-compile-core_2.13-1.8.0.jar
2026.05.02 12:35:13 INFO  Progress (3): 12/12 MB | 1.3/1.4 MB | 0.3/3.8 MB
2026.05.02 12:35:13 INFO  Progress (3): 12/12 MB | 1.3/1.4 MB | 0.3/3.8 MB
2026.05.02 12:35:13 INFO  Progress (3): 12/12 MB | 1.3/1.4 MB | 0.3/3.8 MB
2026.05.02 12:35:13 INFO  Progress (3): 12/12 MB | 1.3/1.4 MB | 0.3/3.8 MB
2026.05.02 12:35:13 INFO  Progress (3): 12/12 MB | 1.3/1.4 MB | 0.3/3.8 MB
2026.05.02 12:35:13 INFO  Progress (3): 12/12 MB | 1.3/1.4 MB | 0.3/3.8 MB
2026.05.02 12:35:13 INFO  Progress (3): 12/12 MB | 1.3/1.4 MB | 0.3/3.8 MB
2026.05.02 12:35:13 INFO  Progress (3): 12/12 MB | 1.3/1.4 MB | 0.3/3.8 MB
2026.05.02 12:35:13 INFO  Progress (3): 12/12 MB | 1.3/1.4 MB | 0.3/3.8 MB
2026.05.02 12:35:13 INFO  Progress (3): 12/12 MB | 1.3/1.4 MB | 0.3/3.8 MB
2026.05.02 12:35:13 INFO  Progress (3): 12/12 MB | 1.3/1.4 MB | 0.4/3.8 MB
2026.05.02 12:35:13 INFO  Progress (3): 12/12 MB | 1.3/1.4 MB | 0.4/3.8 MB
2026.05.02 12:35:13 INFO  Progress (3): 12/12 MB | 1.3/1.4 MB | 0.4/3.8 MB
2026.05.02 12:35:13 INFO  Progress (3): 12/12 MB | 1.3/1.4 MB | 0.4/3.8 MB
2026.05.02 12:35:13 INFO  Progress (3): 12/12 MB | 1.3/1.4 MB | 0.4/3.8 MB
2026.05.02 12:35:13 INFO  Progress (3): 12/12 MB | 1.3/1.4 MB | 0.4/3.8 MB
2026.05.02 12:35:13 INFO  Progress (3): 12/12 MB | 1.3/1.4 MB | 0.4/3.8 MB
2026.05.02 12:35:13 INFO  Progress (3): 12/12 MB | 1.4 MB | 0.4/3.8 MB    
2026.05.02 12:35:13 INFO  Progress (3): 12/12 MB | 1.4 MB | 0.4/3.8 MB
2026.05.02 12:35:13 INFO  Progress (3): 12/12 MB | 1.4 MB | 0.4/3.8 MB
2026.05.02 12:35:13 INFO  Progress (3): 12/12 MB | 1.4 MB | 0.4/3.8 MB
2026.05.02 12:35:13 INFO  Progress (3): 12/12 MB | 1.4 MB | 0.4/3.8 MB
2026.05.02 12:35:13 INFO  Progress (3): 12/12 MB | 1.4 MB | 0.4/3.8 MB
2026.05.02 12:35:13 INFO  Progress (3): 12/12 MB | 1.4 MB | 0.4/3.8 MB
2026.05.02 12:35:13 INFO  Progress (3): 12/12 MB | 1.4 MB | 0.4/3.8 MB
2026.05.02 12:35:13 INFO  Progress (3): 12/12 MB | 1.4 MB | 0.4/3.8 MB
2026.05.02 12:35:13 INFO  Progress (3): 12/12 MB | 1.4 MB | 0.4/3.8 MB
2026.05.02 12:35:13 INFO  Progress (3): 12/12 MB | 1.4 MB | 0.4/3.8 MB
2026.05.02 12:35:13 INFO  Progress (3): 12/12 MB | 1.4 MB | 0.4/3.8 MB
2026.05.02 12:35:13 INFO  Progress (3): 12/12 MB | 1.4 MB | 0.4/3.8 MB
2026.05.02 12:35:13 INFO  Progress (3): 12/12 MB | 1.4 MB | 0.4/3.8 MB
2026.05.02 12:35:13 INFO  Progress (3): 12/12 MB | 1.4 MB | 0.4/3.8 MB
2026.05.02 12:35:13 INFO  Progress (3): 12/12 MB | 1.4 MB | 0.4/3.8 MB
2026.05.02 12:35:13 INFO  Progress (3): 12/12 MB | 1.4 MB | 0.4/3.8 MB
2026.05.02 12:35:13 INFO  Progress (3): 12/12 MB | 1.4 MB | 0.4/3.8 MB
2026.05.02 12:35:13 INFO  Progress (3): 12/12 MB | 1.4 MB | 0.4/3.8 MB
2026.05.02 12:35:13 INFO  Progress (3): 12/12 MB | 1.4 MB | 0.4/3.8 MB
2026.05.02 12:35:13 INFO  Progress (3): 12/12 MB | 1.4 MB | 0.4/3.8 MB
2026.05.02 12:35:13 INFO                                              
2026.05.02 12:35:13 INFO  Downloaded from central: https://repo.maven.apache.org/maven2/net/java/dev/jna/jna-platform/5.12.0/jna-platform-5.12.0.jar (1.4 MB at 136 kB/s)
2026.05.02 12:35:13 INFO  Downloading from central: https://repo.maven.apache.org/maven2/org/scala-lang/modules/scala-parser-combinators_2.13/1.1.2/scala-parser-combinators_2.13-1.1.2.jar
2026.05.02 12:35:13 INFO  Progress (3): 12/12 MB | 0.4/3.8 MB | 7.7/270 kB
2026.05.02 12:35:13 INFO  Progress (3): 12/12 MB | 0.4/3.8 MB | 16/270 kB 
2026.05.02 12:35:13 INFO  Progress (3): 12/12 MB | 0.4/3.8 MB | 32/270 kB
2026.05.02 12:35:13 INFO  Progress (3): 12/12 MB | 0.4/3.8 MB | 49/270 kB
2026.05.02 12:35:13 INFO  Progress (3): 12/12 MB | 0.4/3.8 MB | 49/270 kB
2026.05.02 12:35:13 INFO  Progress (3): 12/12 MB | 0.4/3.8 MB | 49/270 kB
2026.05.02 12:35:13 INFO  Progress (3): 12/12 MB | 0.4/3.8 MB | 66/270 kB
2026.05.02 12:35:13 INFO  Progress (3): 12/12 MB | 0.4/3.8 MB | 82/270 kB
2026.05.02 12:35:13 INFO  Progress (3): 12/12 MB | 0.4/3.8 MB | 82/270 kB
2026.05.02 12:35:13 INFO  Progress (3): 12/12 MB | 0.4/3.8 MB | 98/270 kB
2026.05.02 12:35:13 INFO  Progress (3): 12/12 MB | 0.4/3.8 MB | 115/270 kB
2026.05.02 12:35:13 INFO  Progress (3): 12/12 MB | 0.4/3.8 MB | 115/270 kB
2026.05.02 12:35:13 INFO  Progress (3): 12/12 MB | 0.4/3.8 MB | 131/270 kB
2026.05.02 12:35:13 INFO  Progress (3): 12/12 MB | 0.4/3.8 MB | 131/270 kB
2026.05.02 12:35:13 INFO  Progress (3): 12/12 MB | 0.4/3.8 MB | 147/270 kB
2026.05.02 12:35:13 INFO  Progress (3): 12/12 MB | 0.4/3.8 MB | 147/270 kB
2026.05.02 12:35:13 INFO  Progress (3): 12/12 MB | 0.4/3.8 MB | 164/270 kB
2026.05.02 12:35:13 INFO  Progress (3): 12 MB | 0.4/3.8 MB | 164/270 kB   
2026.05.02 12:35:13 INFO  Progress (3): 12 MB | 0.4/3.8 MB | 180/270 kB
2026.05.02 12:35:13 INFO  Progress (3): 12 MB | 0.4/3.8 MB | 188/270 kB
2026.05.02 12:35:13 INFO  Progress (3): 12 MB | 0.4/3.8 MB | 197/270 kB
2026.05.02 12:35:13 INFO  Progress (3): 12 MB | 0.4/3.8 MB | 213/270 kB
2026.05.02 12:35:13 INFO  Progress (3): 12 MB | 0.4/3.8 MB | 229/270 kB
2026.05.02 12:35:13 INFO  Progress (3): 12 MB | 0.4/3.8 MB | 246/270 kB
2026.05.02 12:35:13 INFO  Progress (3): 12 MB | 0.5/3.8 MB | 246/270 kB
2026.05.02 12:35:13 INFO  Progress (3): 12 MB | 0.5/3.8 MB | 262/270 kB
2026.05.02 12:35:13 INFO  Progress (3): 12 MB | 0.5/3.8 MB | 270 kB    
2026.05.02 12:35:13 INFO  Progress (4): 12 MB | 0.5/3.8 MB | 270 kB | 7.7/254 kB
2026.05.02 12:35:13 INFO  Progress (4): 12 MB | 0.5/3.8 MB | 270 kB | 12/254 kB 
2026.05.02 12:35:13 INFO  Progress (4): 12 MB | 0.5/3.8 MB | 270 kB | 29/254 kB
2026.05.02 12:35:13 INFO  Progress (4): 12 MB | 0.5/3.8 MB | 270 kB | 45/254 kB
2026.05.02 12:35:13 INFO  Progress (4): 12 MB | 0.5/3.8 MB | 270 kB | 61/254 kB
2026.05.02 12:35:13 INFO  Progress (4): 12 MB | 0.5/3.8 MB | 270 kB | 61/254 kB
2026.05.02 12:35:13 INFO  Progress (4): 12 MB | 0.5/3.8 MB | 270 kB | 61/254 kB
2026.05.02 12:35:13 INFO  Progress (4): 12 MB | 0.5/3.8 MB | 270 kB | 61/254 kB
2026.05.02 12:35:13 INFO  Progress (5): 12 MB | 0.5/3.8 MB | 270 kB | 61/254 kB | 7.7/225 kB
2026.05.02 12:35:13 INFO  Progress (5): 12 MB | 0.5/3.8 MB | 270 kB | 61/254 kB | 8.2/225 kB
2026.05.02 12:35:13 INFO  Progress (5): 12 MB | 0.5/3.8 MB | 270 kB | 78/254 kB | 8.2/225 kB
2026.05.02 12:35:13 INFO  Progress (5): 12 MB | 0.5/3.8 MB | 270 kB | 78/254 kB | 25/225 kB 
2026.05.02 12:35:13 INFO  Progress (5): 12 MB | 0.5/3.8 MB | 270 kB | 94/254 kB | 25/225 kB
2026.05.02 12:35:13 INFO  Progress (5): 12 MB | 0.5/3.8 MB | 270 kB | 94/254 kB | 41/225 kB
2026.05.02 12:35:13 INFO  Progress (5): 12 MB | 0.5/3.8 MB | 270 kB | 111/254 kB | 41/225 kB
2026.05.02 12:35:13 INFO  Progress (5): 12 MB | 0.5/3.8 MB | 270 kB | 127/254 kB | 41/225 kB
2026.05.02 12:35:13 INFO                                                                    
2026.05.02 12:35:13 INFO  Downloaded from central: https://repo.maven.apache.org/maven2/org/scala-sbt/zinc-persist_2.13/1.8.0/zinc-persist_2.13-1.8.0.jar (270 kB at 26 kB/s)
2026.05.02 12:35:13 INFO  Downloading from central: https://repo.maven.apache.org/maven2/net/openhft/zero-allocation-hashing/0.10.1/zero-allocation-hashing-0.10.1.jar
2026.05.02 12:35:13 INFO  Progress (4): 12 MB | 0.5/3.8 MB | 127/254 kB | 57/225 kB
2026.05.02 12:35:13 INFO  Progress (4): 12 MB | 0.5/3.8 MB | 143/254 kB | 57/225 kB
2026.05.02 12:35:13 INFO  Progress (4): 12 MB | 0.5/3.8 MB | 143/254 kB | 74/225 kB
2026.05.02 12:35:13 INFO  Progress (4): 12 MB | 0.5/3.8 MB | 160/254 kB | 74/225 kB
2026.05.02 12:35:13 INFO  Progress (4): 12 MB | 0.5/3.8 MB | 160/254 kB | 90/225 kB
2026.05.02 12:35:13 INFO  Progress (4): 12 MB | 0.5/3.8 MB | 176/254 kB | 90/225 kB
2026.05.02 12:35:13 INFO  Progress (4): 12 MB | 0.5/3.8 MB | 193/254 kB | 90/225 kB
2026.05.02 12:35:13 INFO  Progress (4): 12 MB | 0.5/3.8 MB | 193/254 kB | 90/225 kB
2026.05.02 12:35:13 INFO  Progress (4): 12 MB | 0.5/3.8 MB | 209/254 kB | 90/225 kB
2026.05.02 12:35:13 INFO  Progress (4): 12 MB | 0.5/3.8 MB | 225/254 kB | 90/225 kB
2026.05.02 12:35:13 INFO  Progress (4): 12 MB | 0.5/3.8 MB | 242/254 kB | 90/225 kB
2026.05.02 12:35:13 INFO  Progress (4): 12 MB | 0.5/3.8 MB | 242/254 kB | 90/225 kB
2026.05.02 12:35:13 INFO  Progress (4): 12 MB | 0.5/3.8 MB | 242/254 kB | 106/225 kB
2026.05.02 12:35:13 INFO  Progress (4): 12 MB | 0.5/3.8 MB | 254 kB | 106/225 kB    
2026.05.02 12:35:13 INFO  Progress (4): 12 MB | 0.6/3.8 MB | 254 kB | 106/225 kB
2026.05.02 12:35:13 INFO  Progress (4): 12 MB | 0.6/3.8 MB | 254 kB | 123/225 kB
2026.05.02 12:35:13 INFO  Progress (4): 12 MB | 0.6/3.8 MB | 254 kB | 123/225 kB
2026.05.02 12:35:13 INFO  Progress (4): 12 MB | 0.6/3.8 MB | 254 kB | 139/225 kB
2026.05.02 12:35:13 INFO  Progress (4): 12 MB | 0.6/3.8 MB | 254 kB | 156/225 kB
2026.05.02 12:35:13 INFO  Progress (4): 12 MB | 0.6/3.8 MB | 254 kB | 172/225 kB
2026.05.02 12:35:13 INFO  Progress (4): 12 MB | 0.6/3.8 MB | 254 kB | 172/225 kB
2026.05.02 12:35:13 INFO  Progress (4): 12 MB | 0.6/3.8 MB | 254 kB | 188/225 kB
2026.05.02 12:35:13 INFO  Progress (4): 12 MB | 0.6/3.8 MB | 254 kB | 188/225 kB
2026.05.02 12:35:13 INFO  Progress (4): 12 MB | 0.6/3.8 MB | 254 kB | 205/225 kB
2026.05.02 12:35:13 INFO  Progress (4): 12 MB | 0.6/3.8 MB | 254 kB | 221/225 kB
2026.05.02 12:35:13 INFO  Progress (4): 12 MB | 0.6/3.8 MB | 254 kB | 225 kB    
2026.05.02 12:35:13 INFO  Progress (4): 12 MB | 0.6/3.8 MB | 254 kB | 225 kB
2026.05.02 12:35:13 INFO  Progress (5): 12 MB | 0.6/3.8 MB | 254 kB | 225 kB | 7.7/60 kB
2026.05.02 12:35:13 INFO  Progress (5): 12 MB | 0.6/3.8 MB | 254 kB | 225 kB | 16/60 kB 
2026.05.02 12:35:13 INFO  Progress (5): 12 MB | 0.6/3.8 MB | 254 kB | 225 kB | 25/60 kB
2026.05.02 12:35:13 INFO  Progress (5): 12 MB | 0.6/3.8 MB | 254 kB | 225 kB | 41/60 kB
2026.05.02 12:35:13 INFO  Progress (5): 12 MB | 0.6/3.8 MB | 254 kB | 225 kB | 57/60 kB
2026.05.02 12:35:13 INFO  Progress (5): 12 MB | 0.6/3.8 MB | 254 kB | 225 kB | 60 kB   
2026.05.02 12:35:13 INFO  Progress (5): 12 MB | 0.6/3.8 MB | 254 kB | 225 kB | 60 kB
2026.05.02 12:35:13 INFO  Progress (5): 12 MB | 0.7/3.8 MB | 254 kB | 225 kB | 60 kB
2026.05.02 12:35:13 INFO  Progress (5): 12 MB | 0.7/3.8 MB | 254 kB | 225 kB | 60 kB
2026.05.02 12:35:13 INFO  Progress (5): 12 MB | 0.7/3.8 MB | 254 kB | 225 kB | 60 kB
2026.05.02 12:35:13 INFO  Progress (5): 12 MB | 0.7/3.8 MB | 254 kB | 225 kB | 60 kB
2026.05.02 12:35:13 INFO  Progress (5): 12 MB | 0.7/3.8 MB | 254 kB | 225 kB | 60 kB
2026.05.02 12:35:13 INFO  Progress (5): 12 MB | 0.7/3.8 MB | 254 kB | 225 kB | 60 kB
2026.05.02 12:35:13 INFO  Progress (5): 12 MB | 0.8/3.8 MB | 254 kB | 225 kB | 60 kB
2026.05.02 12:35:13 INFO                                                            
2026.05.02 12:35:13 INFO  Downloaded from central: https://repo.maven.apache.org/maven2/org/scala-lang/modules/scala-parser-combinators_2.13/1.1.2/scala-parser-combinators_2.13-1.1.2.jar (225 kB at 22 kB/s)
2026.05.02 12:35:13 INFO  Downloading from central: https://repo.maven.apache.org/maven2/org/scala-sbt/util-control_2.13/1.8.0/util-control_2.13-1.8.0.jar
2026.05.02 12:35:13 INFO  Progress (4): 12 MB | 0.8/3.8 MB | 254 kB | 60 kB
2026.05.02 12:35:13 INFO                                                   
2026.05.02 12:35:13 INFO  Downloaded from central: https://repo.maven.apache.org/maven2/org/scala-sbt/zinc-compile-core_2.13/1.8.0/zinc-compile-core_2.13-1.8.0.jar (254 kB at 24 kB/s)
2026.05.02 12:35:13 INFO  Downloading from central: https://repo.maven.apache.org/maven2/org/scala-sbt/zinc-classfile_2.13/1.8.0/zinc-classfile_2.13-1.8.0.jar
2026.05.02 12:35:13 INFO  Progress (3): 12 MB | 0.8/3.8 MB | 60 kB
2026.05.02 12:35:13 INFO  Progress (3): 12 MB | 0.8/3.8 MB | 60 kB
2026.05.02 12:35:13 INFO                                          
2026.05.02 12:35:13 INFO  Downloaded from central: https://repo.maven.apache.org/maven2/org/scala-lang/scala-compiler/2.13.8/scala-compiler-2.13.8.jar (12 MB at 1.2 MB/s)
2026.05.02 12:35:13 INFO  Progress (2): 0.8/3.8 MB | 60 kB
2026.05.02 12:35:13 INFO  Progress (2): 0.8/3.8 MB | 60 kB
2026.05.02 12:35:13 INFO  Progress (3): 0.8/3.8 MB | 60 kB | 7.7/19 kB
2026.05.02 12:35:13 INFO  Progress (3): 0.8/3.8 MB | 60 kB | 11/19 kB 
2026.05.02 12:35:13 INFO  Progress (3): 0.9/3.8 MB | 60 kB | 11/19 kB
2026.05.02 12:35:13 INFO  Progress (3): 0.9/3.8 MB | 60 kB | 19 kB   
2026.05.02 12:35:13 INFO  Progress (4): 0.9/3.8 MB | 60 kB | 19 kB | 7.7/108 kB
2026.05.02 12:35:13 INFO  Progress (4): 0.9/3.8 MB | 60 kB | 19 kB | 16/108 kB 
2026.05.02 12:35:13 INFO  Progress (4): 0.9/3.8 MB | 60 kB | 19 kB | 16/108 kB
2026.05.02 12:35:13 INFO  Progress (4): 0.9/3.8 MB | 60 kB | 19 kB | 25/108 kB
2026.05.02 12:35:13 INFO                                                      
2026.05.02 12:35:13 INFO  Downloaded from central: https://repo.maven.apache.org/maven2/net/openhft/zero-allocation-hashing/0.10.1/zero-allocation-hashing-0.10.1.jar (60 kB at 5.7 kB/s)
2026.05.02 12:35:13 INFO  Progress (3): 0.9/3.8 MB | 19 kB | 25/108 kB
2026.05.02 12:35:13 INFO  Progress (3): 0.9/3.8 MB | 19 kB | 41/108 kB
2026.05.02 12:35:13 INFO  Progress (3): 0.9/3.8 MB | 19 kB | 41/108 kB
2026.05.02 12:35:13 INFO  Progress (3): 0.9/3.8 MB | 19 kB | 57/108 kB
2026.05.02 12:35:13 INFO  Progress (3): 0.9/3.8 MB | 19 kB | 74/108 kB
2026.05.02 12:35:13 INFO  Progress (3): 0.9/3.8 MB | 19 kB | 74/108 kB
2026.05.02 12:35:13 INFO  Progress (3): 0.9/3.8 MB | 19 kB | 90/108 kB
2026.05.02 12:35:13 INFO  Progress (3): 0.9/3.8 MB | 19 kB | 90/108 kB
2026.05.02 12:35:13 INFO  Progress (3): 0.9/3.8 MB | 19 kB | 106/108 kB
2026.05.02 12:35:13 INFO  Progress (3): 0.9/3.8 MB | 19 kB | 108 kB    
2026.05.02 12:35:13 INFO  Progress (3): 1.0/3.8 MB | 19 kB | 108 kB
2026.05.02 12:35:13 INFO  Progress (3): 1.0/3.8 MB | 19 kB | 108 kB
2026.05.02 12:35:13 INFO  Progress (3): 1.0/3.8 MB | 19 kB | 108 kB
2026.05.02 12:35:13 INFO  Progress (3): 1.0/3.8 MB | 19 kB | 108 kB
2026.05.02 12:35:13 INFO  Progress (3): 1.0/3.8 MB | 19 kB | 108 kB
2026.05.02 12:35:13 INFO  Progress (3): 1.0/3.8 MB | 19 kB | 108 kB
2026.05.02 12:35:13 INFO  Progress (3): 1.0/3.8 MB | 19 kB | 108 kB
2026.05.02 12:35:13 INFO  Progress (3): 1.1/3.8 MB | 19 kB | 108 kB
2026.05.02 12:35:13 INFO  Progress (3): 1.1/3.8 MB | 19 kB | 108 kB
2026.05.02 12:35:14 INFO  Progress (3): 1.1/3.8 MB | 19 kB | 108 kB
2026.05.02 12:35:14 INFO                                           
2026.05.02 12:35:14 INFO  Downloaded from central: https://repo.maven.apache.org/maven2/org/scala-sbt/zinc-classfile_2.13/1.8.0/zinc-classfile_2.13-1.8.0.jar (108 kB at 10 kB/s)
2026.05.02 12:35:14 INFO  Progress (2): 1.1/3.8 MB | 19 kB
2026.05.02 12:35:14 INFO  Progress (2): 1.1/3.8 MB | 19 kB
2026.05.02 12:35:14 INFO  Progress (2): 1.1/3.8 MB | 19 kB
2026.05.02 12:35:14 INFO  Progress (2): 1.2/3.8 MB | 19 kB
2026.05.02 12:35:14 INFO  Progress (2): 1.2/3.8 MB | 19 kB
2026.05.02 12:35:14 INFO  Progress (2): 1.2/3.8 MB | 19 kB
2026.05.02 12:35:14 INFO  Progress (2): 1.2/3.8 MB | 19 kB
2026.05.02 12:35:14 INFO  Progress (2): 1.2/3.8 MB | 19 kB
2026.05.02 12:35:14 INFO  Progress (2): 1.2/3.8 MB | 19 kB
2026.05.02 12:35:14 INFO  Progress (2): 1.2/3.8 MB | 19 kB
2026.05.02 12:35:14 INFO  Progress (2): 1.3/3.8 MB | 19 kB
2026.05.02 12:35:14 INFO  Progress (2): 1.3/3.8 MB | 19 kB
2026.05.02 12:35:14 INFO  Progress (2): 1.3/3.8 MB | 19 kB
2026.05.02 12:35:14 INFO  Progress (2): 1.3/3.8 MB | 19 kB
2026.05.02 12:35:14 INFO  Progress (2): 1.3/3.8 MB | 19 kB
2026.05.02 12:35:14 INFO  Progress (2): 1.3/3.8 MB | 19 kB
2026.05.02 12:35:14 INFO  Progress (2): 1.4/3.8 MB | 19 kB
2026.05.02 12:35:14 INFO  Progress (2): 1.4/3.8 MB | 19 kB
2026.05.02 12:35:14 INFO  Progress (2): 1.4/3.8 MB | 19 kB
2026.05.02 12:35:14 INFO  Progress (2): 1.4/3.8 MB | 19 kB
2026.05.02 12:35:14 INFO  Progress (2): 1.4/3.8 MB | 19 kB
2026.05.02 12:35:14 INFO  Progress (2): 1.4/3.8 MB | 19 kB
2026.05.02 12:35:14 INFO  Progress (2): 1.5/3.8 MB | 19 kB
2026.05.02 12:35:14 INFO  Progress (2): 1.5/3.8 MB | 19 kB
2026.05.02 12:35:14 INFO  Progress (2): 1.5/3.8 MB | 19 kB
2026.05.02 12:35:14 INFO  Progress (2): 1.5/3.8 MB | 19 kB
2026.05.02 12:35:14 INFO  Progress (2): 1.5/3.8 MB | 19 kB
2026.05.02 12:35:14 INFO  Progress (2): 1.5/3.8 MB | 19 kB
2026.05.02 12:35:14 INFO  Progress (2): 1.6/3.8 MB | 19 kB
2026.05.02 12:35:14 INFO  Progress (2): 1.6/3.8 MB | 19 kB
2026.05.02 12:35:14 INFO  Progress (2): 1.6/3.8 MB | 19 kB
2026.05.02 12:35:14 INFO  Progress (2): 1.6/3.8 MB | 19 kB
2026.05.02 12:35:14 INFO  Progress (2): 1.6/3.8 MB | 19 kB
2026.05.02 12:35:14 INFO  Progress (2): 1.6/3.8 MB | 19 kB
2026.05.02 12:35:14 INFO  Progress (2): 1.7/3.8 MB | 19 kB
2026.05.02 12:35:14 INFO  Progress (2): 1.7/3.8 MB | 19 kB
2026.05.02 12:35:14 INFO  Progress (2): 1.7/3.8 MB | 19 kB
2026.05.02 12:35:14 INFO  Progress (2): 1.7/3.8 MB | 19 kB
2026.05.02 12:35:14 INFO  Progress (2): 1.7/3.8 MB | 19 kB
2026.05.02 12:35:14 INFO  Progress (2): 1.7/3.8 MB | 19 kB
2026.05.02 12:35:14 INFO  Progress (2): 1.8/3.8 MB | 19 kB
2026.05.02 12:35:14 INFO  Progress (2): 1.8/3.8 MB | 19 kB
2026.05.02 12:35:14 INFO  Progress (2): 1.8/3.8 MB | 19 kB
2026.05.02 12:35:14 INFO  Progress (2): 1.8/3.8 MB | 19 kB
2026.05.02 12:35:14 INFO  Progress (2): 1.8/3.8 MB | 19 kB
2026.05.02 12:35:14 INFO  Progress (2): 1.8/3.8 MB | 19 kB
2026.05.02 12:35:14 INFO  Progress (2): 1.9/3.8 MB | 19 kB
2026.05.02 12:35:14 INFO  Progress (2): 1.9/3.8 MB | 19 kB
2026.05.02 12:35:14 INFO  Progress (2): 1.9/3.8 MB | 19 kB
2026.05.02 12:35:14 INFO  Progress (2): 1.9/3.8 MB | 19 kB
2026.05.02 12:35:14 INFO  Progress (2): 1.9/3.8 MB | 19 kB
2026.05.02 12:35:14 INFO  Progress (2): 1.9/3.8 MB | 19 kB
2026.05.02 12:35:14 INFO  Progress (2): 2.0/3.8 MB | 19 kB
2026.05.02 12:35:14 INFO  Progress (2): 2.0/3.8 MB | 19 kB
2026.05.02 12:35:14 INFO  Progress (2): 2.0/3.8 MB | 19 kB
2026.05.02 12:35:14 INFO  Progress (2): 2.0/3.8 MB | 19 kB
2026.05.02 12:35:14 INFO  Progress (2): 2.0/3.8 MB | 19 kB
2026.05.02 12:35:14 INFO  Progress (2): 2.0/3.8 MB | 19 kB
2026.05.02 12:35:14 INFO  Progress (2): 2.1/3.8 MB | 19 kB
2026.05.02 12:35:14 INFO  Progress (2): 2.1/3.8 MB | 19 kB
2026.05.02 12:35:14 INFO  Progress (2): 2.1/3.8 MB | 19 kB
2026.05.02 12:35:14 INFO  Progress (2): 2.1/3.8 MB | 19 kB
2026.05.02 12:35:14 INFO  Progress (2): 2.1/3.8 MB | 19 kB
2026.05.02 12:35:14 INFO  Progress (2): 2.1/3.8 MB | 19 kB
2026.05.02 12:35:14 INFO  Progress (2): 2.2/3.8 MB | 19 kB
2026.05.02 12:35:14 INFO  Progress (2): 2.2/3.8 MB | 19 kB
2026.05.02 12:35:14 INFO  Progress (2): 2.2/3.8 MB | 19 kB
2026.05.02 12:35:14 INFO  Progress (2): 2.2/3.8 MB | 19 kB
2026.05.02 12:35:14 INFO  Progress (2): 2.2/3.8 MB | 19 kB
2026.05.02 12:35:14 INFO  Progress (2): 2.2/3.8 MB | 19 kB
2026.05.02 12:35:14 INFO  Progress (2): 2.2/3.8 MB | 19 kB
2026.05.02 12:35:14 INFO                                  
2026.05.02 12:35:14 INFO  Downloaded from central: https://repo.maven.apache.org/maven2/org/scala-sbt/util-control_2.13/1.8.0/util-control_2.13-1.8.0.jar (19 kB at 1.7 kB/s)
2026.05.02 12:35:14 INFO  Progress (1): 2.3/3.8 MB
2026.05.02 12:35:14 INFO  Progress (1): 2.3/3.8 MB
2026.05.02 12:35:14 INFO  Progress (1): 2.3/3.8 MB
2026.05.02 12:35:14 INFO  Progress (1): 2.3/3.8 MB
2026.05.02 12:35:14 INFO  Progress (1): 2.3/3.8 MB
2026.05.02 12:35:14 INFO  Progress (1): 2.3/3.8 MB
2026.05.02 12:35:14 INFO  Progress (1): 2.4/3.8 MB
2026.05.02 12:35:14 INFO  Progress (1): 2.4/3.8 MB
2026.05.02 12:35:14 INFO  Progress (1): 2.4/3.8 MB
2026.05.02 12:35:14 INFO  Progress (1): 2.4/3.8 MB
2026.05.02 12:35:14 INFO  Progress (1): 2.4/3.8 MB
2026.05.02 12:35:14 INFO  Progress (1): 2.4/3.8 MB
2026.05.02 12:35:14 INFO  Progress (1): 2.5/3.8 MB
2026.05.02 12:35:14 INFO  Progress (1): 2.5/3.8 MB
2026.05.02 12:35:14 INFO  Progress (1): 2.5/3.8 MB
2026.05.02 12:35:14 INFO  Progress (1): 2.5/3.8 MB
2026.05.02 12:35:14 INFO  Progress (1): 2.5/3.8 MB
2026.05.02 12:35:14 INFO  Progress (1): 2.5/3.8 MB
2026.05.02 12:35:14 INFO  Progress (1): 2.6/3.8 MB
2026.05.02 12:35:14 INFO  Progress (1): 2.6/3.8 MB
2026.05.02 12:35:14 INFO  Progress (1): 2.6/3.8 MB
2026.05.02 12:35:14 INFO  Progress (1): 2.6/3.8 MB
2026.05.02 12:35:15 INFO  Progress (1): 2.6/3.8 MB
2026.05.02 12:35:15 INFO  Progress (1): 2.6/3.8 MB
2026.05.02 12:35:15 INFO  Progress (1): 2.7/3.8 MB
2026.05.02 12:35:15 INFO  Progress (1): 2.7/3.8 MB
2026.05.02 12:35:15 INFO  Progress (1): 2.7/3.8 MB
2026.05.02 12:35:15 INFO  Progress (1): 2.7/3.8 MB
2026.05.02 12:35:15 INFO  Progress (1): 2.7/3.8 MB
2026.05.02 12:35:15 INFO  Progress (1): 2.7/3.8 MB
2026.05.02 12:35:15 INFO  Progress (1): 2.8/3.8 MB
2026.05.02 12:35:15 INFO  Progress (1): 2.8/3.8 MB
2026.05.02 12:35:15 INFO  Progress (1): 2.8/3.8 MB
2026.05.02 12:35:15 INFO  Progress (1): 2.8/3.8 MB
2026.05.02 12:35:15 INFO  Progress (1): 2.8/3.8 MB
2026.05.02 12:35:15 INFO  Progress (1): 2.8/3.8 MB
2026.05.02 12:35:15 INFO  Progress (1): 2.9/3.8 MB
2026.05.02 12:35:15 INFO  Progress (1): 2.9/3.8 MB
2026.05.02 12:35:15 INFO  Progress (1): 2.9/3.8 MB
2026.05.02 12:35:15 INFO  Progress (1): 2.9/3.8 MB
2026.05.02 12:35:15 INFO  Progress (1): 2.9/3.8 MB
2026.05.02 12:35:15 INFO  Progress (1): 2.9/3.8 MB
2026.05.02 12:35:15 INFO  Progress (1): 3.0/3.8 MB
2026.05.02 12:35:15 INFO  Progress (1): 3.0/3.8 MB
2026.05.02 12:35:15 INFO  Progress (1): 3.0/3.8 MB
2026.05.02 12:35:15 INFO  Progress (1): 3.0/3.8 MB
2026.05.02 12:35:15 INFO  Progress (1): 3.0/3.8 MB
2026.05.02 12:35:15 INFO  Progress (1): 3.0/3.8 MB
2026.05.02 12:35:15 INFO  Progress (1): 3.1/3.8 MB
2026.05.02 12:35:15 INFO  Progress (1): 3.1/3.8 MB
2026.05.02 12:35:15 INFO  Progress (1): 3.1/3.8 MB
2026.05.02 12:35:15 INFO  Progress (1): 3.1/3.8 MB
2026.05.02 12:35:15 INFO  Progress (1): 3.1/3.8 MB
2026.05.02 12:35:15 INFO  Progress (1): 3.1/3.8 MB
2026.05.02 12:35:15 INFO  Progress (1): 3.1/3.8 MB
2026.05.02 12:35:15 INFO  Progress (1): 3.2/3.8 MB
2026.05.02 12:35:15 INFO  Progress (1): 3.2/3.8 MB
2026.05.02 12:35:15 INFO  Progress (1): 3.2/3.8 MB
2026.05.02 12:35:15 INFO  Progress (1): 3.2/3.8 MB
2026.05.02 12:35:15 INFO  Progress (1): 3.2/3.8 MB
2026.05.02 12:35:15 INFO  Progress (1): 3.2/3.8 MB
2026.05.02 12:35:15 INFO  Progress (1): 3.3/3.8 MB
2026.05.02 12:35:15 INFO  Progress (1): 3.3/3.8 MB
2026.05.02 12:35:15 INFO  Progress (1): 3.3/3.8 MB
2026.05.02 12:35:15 INFO  Progress (1): 3.3/3.8 MB
2026.05.02 12:35:15 INFO  Progress (1): 3.3/3.8 MB
2026.05.02 12:35:15 INFO  Progress (1): 3.3/3.8 MB
2026.05.02 12:35:15 INFO  Progress (1): 3.4/3.8 MB
2026.05.02 12:35:15 INFO  Progress (1): 3.4/3.8 MB
2026.05.02 12:35:15 INFO  Progress (1): 3.4/3.8 MB
2026.05.02 12:35:15 INFO  Progress (1): 3.4/3.8 MB
2026.05.02 12:35:15 INFO  Progress (1): 3.4/3.8 MB
2026.05.02 12:35:15 INFO  Progress (1): 3.4/3.8 MB
2026.05.02 12:35:15 INFO  Progress (1): 3.5/3.8 MB
2026.05.02 12:35:15 INFO  Progress (1): 3.5/3.8 MB
2026.05.02 12:35:15 INFO  Progress (1): 3.5/3.8 MB
2026.05.02 12:35:15 INFO  Progress (1): 3.5/3.8 MB
2026.05.02 12:35:15 INFO  Progress (1): 3.5/3.8 MB
2026.05.02 12:35:15 INFO  Progress (1): 3.5/3.8 MB
2026.05.02 12:35:15 INFO  Progress (1): 3.6/3.8 MB
2026.05.02 12:35:15 INFO  Progress (1): 3.6/3.8 MB
2026.05.02 12:35:15 INFO  Progress (1): 3.6/3.8 MB
2026.05.02 12:35:15 INFO  Progress (1): 3.6/3.8 MB
2026.05.02 12:35:15 INFO  Progress (1): 3.6/3.8 MB
2026.05.02 12:35:15 INFO  Progress (1): 3.6/3.8 MB
2026.05.02 12:35:15 INFO  Progress (1): 3.6/3.8 MB
2026.05.02 12:35:15 INFO  Progress (1): 3.7/3.8 MB
2026.05.02 12:35:15 INFO  Progress (1): 3.7/3.8 MB
2026.05.02 12:35:15 INFO  Progress (1): 3.7/3.8 MB
2026.05.02 12:35:15 INFO  Progress (1): 3.7/3.8 MB
2026.05.02 12:35:15 INFO  Progress (1): 3.7/3.8 MB
2026.05.02 12:35:15 INFO  Progress (1): 3.7/3.8 MB
2026.05.02 12:35:15 INFO  Progress (1): 3.8/3.8 MB
2026.05.02 12:35:15 INFO  Progress (1): 3.8 MB    
2026.05.02 12:35:15 INFO                      
2026.05.02 12:35:15 INFO  Downloaded from central: https://repo.maven.apache.org/maven2/org/scala-lang/scala-reflect/2.13.8/scala-reflect-2.13.8.jar (3.8 MB at 305 kB/s)
2026.05.02 12:35:25 INFO  [ERROR] org.scala-lang:scala([0-9]?)-library is missing from project dependencies
2026.05.02 12:35:25 INFO  [ERROR] org.scala-lang:scala([0-9]?)-library is missing from project dependencies
2026.05.02 12:35:25 INFO  [INFO] Resolving artifact: org.springframework.boot:spring-boot-starter-data-jpa:jar:3.2.4:compile (sources = false)
2026.05.02 12:35:25 INFO  [INFO] SUCCESS: org.springframework.boot:spring-boot-starter-data-jpa:jar:3.2.4:compile (sources = false)
2026.05.02 12:35:25 INFO  [INFO] Resolving artifact: org.springframework.boot:spring-boot-starter-data-jpa:jar:3.2.4:compile (sources = true)
2026.05.02 12:35:25 INFO  Downloading from central: https://repo.maven.apache.org/maven2/org/springframework/boot/spring-boot-starter-data-jpa/3.2.4/spring-boot-starter-data-jpa-3.2.4-sources.jar
2026.05.02 12:35:25 INFO  Progress (1): 4.7 kB
2026.05.02 12:35:25 INFO                      
2026.05.02 12:35:25 INFO  Downloaded from central: https://repo.maven.apache.org/maven2/org/springframework/boot/spring-boot-starter-data-jpa/3.2.4/spring-boot-starter-data-jpa-3.2.4-sources.jar (4.7 kB at 11 kB/s)
2026.05.02 12:35:25 INFO  [INFO] SUCCESS: org.springframework.boot:spring-boot-starter-data-jpa:jar:3.2.4:compile (sources = true)
2026.05.02 12:35:25 INFO  [INFO] Resolving artifact: org.springframework.boot:spring-boot-starter:jar:3.2.4:compile (sources = false)
2026.05.02 12:35:25 INFO  [INFO] SUCCESS: org.springframework.boot:spring-boot-starter:jar:3.2.4:compile (sources = false)
2026.05.02 12:35:25 INFO  [INFO] Resolving artifact: org.springframework.boot:spring-boot-starter:jar:3.2.4:compile (sources = true)
2026.05.02 12:35:25 INFO  Downloading from central: https://repo.maven.apache.org/maven2/org/springframework/boot/spring-boot-starter/3.2.4/spring-boot-starter-3.2.4-sources.jar
2026.05.02 12:35:25 INFO  Progress (1): 4.7 kB
2026.05.02 12:35:25 INFO                      
2026.05.02 12:35:25 INFO  Downloaded from central: https://repo.maven.apache.org/maven2/org/springframework/boot/spring-boot-starter/3.2.4/spring-boot-starter-3.2.4-sources.jar (4.7 kB at 22 kB/s)
2026.05.02 12:35:25 INFO  [INFO] SUCCESS: org.springframework.boot:spring-boot-starter:jar:3.2.4:compile (sources = true)
2026.05.02 12:35:25 INFO  [INFO] Resolving artifact: org.apache.tomcat.embed:tomcat-embed-websocket:jar:10.1.19:compile (sources = false)
2026.05.02 12:35:25 INFO  [INFO] SUCCESS: org.apache.tomcat.embed:tomcat-embed-websocket:jar:10.1.19:compile (sources = false)
2026.05.02 12:35:25 INFO  [INFO] Resolving artifact: org.apache.tomcat.embed:tomcat-embed-websocket:jar:10.1.19:compile (sources = true)
2026.05.02 12:35:25 INFO  Downloading from central: https://repo.maven.apache.org/maven2/org/apache/tomcat/embed/tomcat-embed-websocket/10.1.19/tomcat-embed-websocket-10.1.19-sources.jar
2026.05.02 12:35:25 INFO  Progress (1): 7.7/246 kB
2026.05.02 12:35:25 INFO  Progress (1): 8.2/246 kB
2026.05.02 12:35:25 INFO  Progress (1): 25/246 kB 
2026.05.02 12:35:25 INFO  Progress (1): 33/246 kB
2026.05.02 12:35:25 INFO  Progress (1): 49/246 kB
2026.05.02 12:35:25 INFO  Progress (1): 66/246 kB
2026.05.02 12:35:25 INFO  Progress (1): 82/246 kB
2026.05.02 12:35:25 INFO  Progress (1): 98/246 kB
2026.05.02 12:35:25 INFO  Progress (1): 115/246 kB
2026.05.02 12:35:25 INFO  Progress (1): 131/246 kB
2026.05.02 12:35:25 INFO  Progress (1): 147/246 kB
2026.05.02 12:35:25 INFO  Progress (1): 164/246 kB
2026.05.02 12:35:25 INFO  Progress (1): 172/246 kB
2026.05.02 12:35:25 INFO  Progress (1): 188/246 kB
2026.05.02 12:35:25 INFO  Progress (1): 197/246 kB
2026.05.02 12:35:25 INFO  Progress (1): 205/246 kB
2026.05.02 12:35:25 INFO  Progress (1): 221/246 kB
2026.05.02 12:35:25 INFO  Progress (1): 238/246 kB
2026.05.02 12:35:25 INFO  Progress (1): 246 kB    
2026.05.02 12:35:26 INFO                      
2026.05.02 12:35:26 INFO  Downloaded from central: https://repo.maven.apache.org/maven2/org/apache/tomcat/embed/tomcat-embed-websocket/10.1.19/tomcat-embed-websocket-10.1.19-sources.jar (246 kB at 931 kB/s)
2026.05.02 12:35:26 INFO  [INFO] SUCCESS: org.apache.tomcat.embed:tomcat-embed-websocket:jar:10.1.19:compile (sources = true)
2026.05.02 12:35:26 INFO  [INFO] Resolving artifact: org.springframework.boot:spring-boot-starter-aop:jar:3.2.4:compile (sources = false)
2026.05.02 12:35:26 INFO  [INFO] SUCCESS: org.springframework.boot:spring-boot-starter-aop:jar:3.2.4:compile (sources = false)
2026.05.02 12:35:26 INFO  [INFO] Resolving artifact: org.springframework.boot:spring-boot-starter-aop:jar:3.2.4:compile (sources = true)
2026.05.02 12:35:26 INFO  Downloading from central: https://repo.maven.apache.org/maven2/org/springframework/boot/spring-boot-starter-aop/3.2.4/spring-boot-starter-aop-3.2.4-sources.jar
2026.05.02 12:35:26 INFO  Progress (1): 4.7 kB
2026.05.02 12:35:26 INFO                      
2026.05.02 12:35:26 INFO  Downloaded from central: https://repo.maven.apache.org/maven2/org/springframework/boot/spring-boot-starter-aop/3.2.4/spring-boot-starter-aop-3.2.4-sources.jar (4.7 kB at 23 kB/s)
2026.05.02 12:35:26 INFO  [INFO] SUCCESS: org.springframework.boot:spring-boot-starter-aop:jar:3.2.4:compile (sources = true)
2026.05.02 12:35:26 INFO  [INFO] Resolving artifact: com.fasterxml.jackson.core:jackson-core:jar:2.15.4:compile (sources = false)
2026.05.02 12:35:26 INFO  [INFO] SUCCESS: com.fasterxml.jackson.core:jackson-core:jar:2.15.4:compile (sources = false)
2026.05.02 12:35:26 INFO  [INFO] Resolving artifact: com.fasterxml.jackson.core:jackson-core:jar:2.15.4:compile (sources = true)
2026.05.02 12:35:26 INFO  Downloading from central: https://repo.maven.apache.org/maven2/com/fasterxml/jackson/core/jackson-core/2.15.4/jackson-core-2.15.4-sources.jar
2026.05.02 12:35:26 INFO  Progress (1): 8.2/466 kB
2026.05.02 12:35:26 INFO  Progress (1): 25/466 kB 
2026.05.02 12:35:26 INFO  Progress (1): 41/466 kB
2026.05.02 12:35:26 INFO  Progress (1): 57/466 kB
2026.05.02 12:35:26 INFO  Progress (1): 74/466 kB
2026.05.02 12:35:26 INFO  Progress (1): 90/466 kB
2026.05.02 12:35:26 INFO  Progress (1): 106/466 kB
2026.05.02 12:35:26 INFO  Progress (1): 123/466 kB
2026.05.02 12:35:26 INFO  Progress (1): 139/466 kB
2026.05.02 12:35:26 INFO  Progress (1): 156/466 kB
2026.05.02 12:35:26 INFO  Progress (1): 172/466 kB
2026.05.02 12:35:26 INFO  Progress (1): 188/466 kB
2026.05.02 12:35:26 INFO  Progress (1): 205/466 kB
2026.05.02 12:35:26 INFO  Progress (1): 221/466 kB
2026.05.02 12:35:26 INFO  Progress (1): 238/466 kB
2026.05.02 12:35:26 INFO  Progress (1): 254/466 kB
2026.05.02 12:35:26 INFO  Progress (1): 270/466 kB
2026.05.02 12:35:26 INFO  Progress (1): 287/466 kB
2026.05.02 12:35:26 INFO  Progress (1): 303/466 kB
2026.05.02 12:35:26 INFO  Progress (1): 319/466 kB
2026.05.02 12:35:26 INFO  Progress (1): 336/466 kB
2026.05.02 12:35:26 INFO  Progress (1): 352/466 kB
2026.05.02 12:35:26 INFO  Progress (1): 369/466 kB
2026.05.02 12:35:26 INFO  Progress (1): 385/466 kB
2026.05.02 12:35:26 INFO  Progress (1): 401/466 kB
2026.05.02 12:35:26 INFO  Progress (1): 418/466 kB
2026.05.02 12:35:26 INFO  Progress (1): 434/466 kB
2026.05.02 12:35:26 INFO  Progress (1): 451/466 kB
2026.05.02 12:35:26 INFO  Progress (1): 466 kB    
2026.05.02 12:35:26 INFO                      
2026.05.02 12:35:26 INFO  Downloaded from central: https://repo.maven.apache.org/maven2/com/fasterxml/jackson/core/jackson-core/2.15.4/jackson-core-2.15.4-sources.jar (466 kB at 1.3 MB/s)
2026.05.02 12:35:26 INFO  [INFO] SUCCESS: com.fasterxml.jackson.core:jackson-core:jar:2.15.4:compile (sources = true)
2026.05.02 12:35:26 INFO  [INFO] Resolving artifact: io.jsonwebtoken:jjwt-api:jar:0.11.5:compile (sources = false)
2026.05.02 12:35:26 INFO  [INFO] SUCCESS: io.jsonwebtoken:jjwt-api:jar:0.11.5:compile (sources = false)
2026.05.02 12:35:26 INFO  [INFO] Resolving artifact: io.jsonwebtoken:jjwt-api:jar:0.11.5:compile (sources = true)
2026.05.02 12:35:26 INFO  Downloading from central: https://repo.maven.apache.org/maven2/io/jsonwebtoken/jjwt-api/0.11.5/jjwt-api-0.11.5-sources.jar
2026.05.02 12:35:26 INFO  Progress (1): 3.2/102 kB
2026.05.02 12:35:26 INFO  Progress (1): 20/102 kB 
2026.05.02 12:35:26 INFO  Progress (1): 36/102 kB
2026.05.02 12:35:26 INFO  Progress (1): 52/102 kB
2026.05.02 12:35:26 INFO  Progress (1): 61/102 kB
2026.05.02 12:35:26 INFO  Progress (1): 77/102 kB
2026.05.02 12:35:26 INFO  Progress (1): 93/102 kB
2026.05.02 12:35:26 INFO  Progress (1): 102 kB   
2026.05.02 12:35:26 INFO                      
2026.05.02 12:35:26 INFO  Downloaded from central: https://repo.maven.apache.org/maven2/io/jsonwebtoken/jjwt-api/0.11.5/jjwt-api-0.11.5-sources.jar (102 kB at 563 kB/s)
2026.05.02 12:35:26 INFO  [INFO] SUCCESS: io.jsonwebtoken:jjwt-api:jar:0.11.5:compile (sources = true)
2026.05.02 12:35:26 INFO  [INFO] Resolving artifact: com.sun.istack:istack-commons-runtime:jar:4.1.2:runtime (sources = false)
2026.05.02 12:35:26 INFO  [INFO] SUCCESS: com.sun.istack:istack-commons-runtime:jar:4.1.2:runtime (sources = false)
2026.05.02 12:35:26 INFO  [INFO] Resolving artifact: com.sun.istack:istack-commons-runtime:jar:4.1.2:runtime (sources = true)
2026.05.02 12:35:26 INFO  Downloading from central: https://repo.maven.apache.org/maven2/com/sun/istack/istack-commons-runtime/4.1.2/istack-commons-runtime-4.1.2-sources.jar
2026.05.02 12:35:26 INFO  Progress (1): 7.7/23 kB
2026.05.02 12:35:26 INFO  Progress (1): 8.2/23 kB
2026.05.02 12:35:26 INFO  Progress (1): 23 kB    
2026.05.02 12:35:28 INFO                     
2026.05.02 12:35:28 INFO  Downloaded from central: https://repo.maven.apache.org/maven2/com/sun/istack/istack-commons-runtime/4.1.2/istack-commons-runtime-4.1.2-sources.jar (23 kB at 23 kB/s)
2026.05.02 12:35:28 INFO  [INFO] SUCCESS: com.sun.istack:istack-commons-runtime:jar:4.1.2:runtime (sources = true)
2026.05.02 12:35:28 INFO  [INFO] Resolving artifact: com.fasterxml.jackson.datatype:jackson-datatype-jdk8:jar:2.15.4:compile (sources = false)
2026.05.02 12:35:28 INFO  [INFO] SUCCESS: com.fasterxml.jackson.datatype:jackson-datatype-jdk8:jar:2.15.4:compile (sources = false)
2026.05.02 12:35:28 INFO  [INFO] Resolving artifact: com.fasterxml.jackson.datatype:jackson-datatype-jdk8:jar:2.15.4:compile (sources = true)
2026.05.02 12:35:28 INFO  Downloading from central: https://repo.maven.apache.org/maven2/com/fasterxml/jackson/datatype/jackson-datatype-jdk8/2.15.4/jackson-datatype-jdk8-2.15.4-sources.jar
2026.05.02 12:35:30 INFO  Progress (1): 7.7/24 kB
2026.05.02 12:35:30 INFO  Progress (1): 8.2/24 kB
2026.05.02 12:35:30 INFO  Progress (1): 24 kB    
2026.05.02 12:35:30 INFO                     
2026.05.02 12:35:30 INFO  Downloaded from central: https://repo.maven.apache.org/maven2/com/fasterxml/jackson/datatype/jackson-datatype-jdk8/2.15.4/jackson-datatype-jdk8-2.15.4-sources.jar (24 kB at 7.7 kB/s)
2026.05.02 12:35:30 INFO  [INFO] SUCCESS: com.fasterxml.jackson.datatype:jackson-datatype-jdk8:jar:2.15.4:compile (sources = true)
2026.05.02 12:35:30 INFO  [INFO] Resolving artifact: org.apache.logging.log4j:log4j-to-slf4j:jar:2.21.1:compile (sources = false)
2026.05.02 12:35:30 INFO  [INFO] SUCCESS: org.apache.logging.log4j:log4j-to-slf4j:jar:2.21.1:compile (sources = false)
2026.05.02 12:35:30 INFO  [INFO] Resolving artifact: org.apache.logging.log4j:log4j-to-slf4j:jar:2.21.1:compile (sources = true)
2026.05.02 12:35:30 INFO  Downloading from central: https://repo.maven.apache.org/maven2/org/apache/logging/log4j/log4j-to-slf4j/2.21.1/log4j-to-slf4j-2.21.1-sources.jar
2026.05.02 12:35:30 INFO  Progress (1): 7.7/18 kB
2026.05.02 12:35:30 INFO  Progress (1): 7.7/18 kB
2026.05.02 12:35:30 INFO  Progress (1): 18 kB    
2026.05.02 12:35:32 INFO                     
2026.05.02 12:35:32 INFO  Downloaded from central: https://repo.maven.apache.org/maven2/org/apache/logging/log4j/log4j-to-slf4j/2.21.1/log4j-to-slf4j-2.21.1-sources.jar (18 kB at 18 kB/s)
2026.05.02 12:35:32 INFO  [INFO] SUCCESS: org.apache.logging.log4j:log4j-to-slf4j:jar:2.21.1:compile (sources = true)
2026.05.02 12:35:32 INFO  [INFO] Resolving artifact: com.fasterxml.jackson.core:jackson-annotations:jar:2.15.4:compile (sources = false)
2026.05.02 12:35:32 INFO  [INFO] SUCCESS: com.fasterxml.jackson.core:jackson-annotations:jar:2.15.4:compile (sources = false)
2026.05.02 12:35:32 INFO  [INFO] Resolving artifact: com.fasterxml.jackson.core:jackson-annotations:jar:2.15.4:compile (sources = true)
2026.05.02 12:35:32 INFO  Downloading from central: https://repo.maven.apache.org/maven2/com/fasterxml/jackson/core/jackson-annotations/2.15.4/jackson-annotations-2.15.4-sources.jar
2026.05.02 12:35:32 INFO  Progress (1): 7.7/82 kB
2026.05.02 12:35:32 INFO  Progress (1): 11/82 kB 
2026.05.02 12:35:32 INFO  Progress (1): 28/82 kB
2026.05.02 12:35:32 INFO  Progress (1): 44/82 kB
2026.05.02 12:35:32 INFO  Progress (1): 61/82 kB
2026.05.02 12:35:32 INFO  Progress (1): 77/82 kB
2026.05.02 12:35:32 INFO  Progress (1): 82 kB   
2026.05.02 12:35:32 INFO                     
2026.05.02 12:35:32 INFO  Downloaded from central: https://repo.maven.apache.org/maven2/com/fasterxml/jackson/core/jackson-annotations/2.15.4/jackson-annotations-2.15.4-sources.jar (82 kB at 450 kB/s)
2026.05.02 12:35:32 INFO  [INFO] SUCCESS: com.fasterxml.jackson.core:jackson-annotations:jar:2.15.4:compile (sources = true)
2026.05.02 12:35:32 INFO  [INFO] Resolving artifact: org.springframework:spring-webmvc:jar:6.1.5:compile (sources = false)
2026.05.02 12:35:32 INFO  [INFO] SUCCESS: org.springframework:spring-webmvc:jar:6.1.5:compile (sources = false)
2026.05.02 12:35:32 INFO  [INFO] Resolving artifact: org.springframework:spring-webmvc:jar:6.1.5:compile (sources = true)
2026.05.02 12:35:32 INFO  Downloading from central: https://repo.maven.apache.org/maven2/org/springframework/spring-webmvc/6.1.5/spring-webmvc-6.1.5-sources.jar
2026.05.02 12:35:32 INFO  Progress (1): 7.7/832 kB
2026.05.02 12:35:32 INFO  Progress (1): 16/832 kB 
2026.05.02 12:35:32 INFO  Progress (1): 32/832 kB
2026.05.02 12:35:32 INFO  Progress (1): 33/832 kB
2026.05.02 12:35:32 INFO  Progress (1): 49/832 kB
2026.05.02 12:35:32 INFO  Progress (1): 66/832 kB
2026.05.02 12:35:32 INFO  Progress (1): 82/832 kB
2026.05.02 12:35:32 INFO  Progress (1): 98/832 kB
2026.05.02 12:35:32 INFO  Progress (1): 115/832 kB
2026.05.02 12:35:32 INFO  Progress (1): 131/832 kB
2026.05.02 12:35:32 INFO  Progress (1): 139/832 kB
2026.05.02 12:35:32 INFO  Progress (1): 156/832 kB
2026.05.02 12:35:32 INFO  Progress (1): 172/832 kB
2026.05.02 12:35:32 INFO  Progress (1): 188/832 kB
2026.05.02 12:35:32 INFO  Progress (1): 197/832 kB
2026.05.02 12:35:32 INFO  Progress (1): 213/832 kB
2026.05.02 12:35:32 INFO  Progress (1): 229/832 kB
2026.05.02 12:35:32 INFO  Progress (1): 246/832 kB
2026.05.02 12:35:32 INFO  Progress (1): 262/832 kB
2026.05.02 12:35:32 INFO  Progress (1): 279/832 kB
2026.05.02 12:35:32 INFO  Progress (1): 295/832 kB
2026.05.02 12:35:32 INFO  Progress (1): 311/832 kB
2026.05.02 12:35:32 INFO  Progress (1): 328/832 kB
2026.05.02 12:35:32 INFO  Progress (1): 344/832 kB
2026.05.02 12:35:32 INFO  Progress (1): 360/832 kB
2026.05.02 12:35:32 INFO  Progress (1): 377/832 kB
2026.05.02 12:35:32 INFO  Progress (1): 393/832 kB
2026.05.02 12:35:32 INFO  Progress (1): 410/832 kB
2026.05.02 12:35:32 INFO  Progress (1): 426/832 kB
2026.05.02 12:35:32 INFO  Progress (1): 442/832 kB
2026.05.02 12:35:32 INFO  Progress (1): 459/832 kB
2026.05.02 12:35:32 INFO  Progress (1): 475/832 kB
2026.05.02 12:35:32 INFO  Progress (1): 492/832 kB
2026.05.02 12:35:32 INFO  Progress (1): 508/832 kB
2026.05.02 12:35:32 INFO  Progress (1): 524/832 kB
2026.05.02 12:35:32 INFO  Progress (1): 541/832 kB
2026.05.02 12:35:32 INFO  Progress (1): 557/832 kB
2026.05.02 12:35:32 INFO  Progress (1): 573/832 kB
2026.05.02 12:35:32 INFO  Progress (1): 590/832 kB
2026.05.02 12:35:32 INFO  Progress (1): 606/832 kB
2026.05.02 12:35:32 INFO  Progress (1): 623/832 kB
2026.05.02 12:35:32 INFO  Progress (1): 639/832 kB
2026.05.02 12:35:32 INFO  Progress (1): 655/832 kB
2026.05.02 12:35:32 INFO  Progress (1): 672/832 kB
2026.05.02 12:35:32 INFO  Progress (1): 688/832 kB
2026.05.02 12:35:32 INFO  Progress (1): 705/832 kB
2026.05.02 12:35:32 INFO  Progress (1): 721/832 kB
2026.05.02 12:35:32 INFO  Progress (1): 737/832 kB
2026.05.02 12:35:32 INFO  Progress (1): 754/832 kB
2026.05.02 12:35:32 INFO  Progress (1): 770/832 kB
2026.05.02 12:35:32 INFO  Progress (1): 786/832 kB
2026.05.02 12:35:32 INFO  Progress (1): 803/832 kB
2026.05.02 12:35:32 INFO  Progress (1): 819/832 kB
2026.05.02 12:35:32 INFO  Progress (1): 832 kB    
2026.05.02 12:35:32 INFO                      
2026.05.02 12:35:32 INFO  Downloaded from central: https://repo.maven.apache.org/maven2/org/springframework/spring-webmvc/6.1.5/spring-webmvc-6.1.5-sources.jar (832 kB at 1.6 MB/s)
2026.05.02 12:35:32 INFO  [INFO] SUCCESS: org.springframework:spring-webmvc:jar:6.1.5:compile (sources = true)
2026.05.02 12:35:32 INFO  [INFO] Resolving artifact: org.springframework:spring-context:jar:6.1.5:compile (sources = false)
2026.05.02 12:35:32 INFO  [INFO] SUCCESS: org.springframework:spring-context:jar:6.1.5:compile (sources = false)
2026.05.02 12:35:32 INFO  [INFO] Resolving artifact: org.springframework:spring-context:jar:6.1.5:compile (sources = true)
2026.05.02 12:35:32 INFO  Downloading from central: https://repo.maven.apache.org/maven2/org/springframework/spring-context/6.1.5/spring-context-6.1.5-sources.jar
2026.05.02 12:35:32 INFO  Progress (1): 0/1.1 MB
2026.05.02 12:35:32 INFO  Progress (1): 0/1.1 MB
2026.05.02 12:35:32 INFO  Progress (1): 0/1.1 MB
2026.05.02 12:35:32 INFO  Progress (1): 0/1.1 MB
2026.05.02 12:35:32 INFO  Progress (1): 0.1/1.1 MB
2026.05.02 12:35:32 INFO  Progress (1): 0.1/1.1 MB
2026.05.02 12:35:32 INFO  Progress (1): 0.1/1.1 MB
2026.05.02 12:35:32 INFO  Progress (1): 0.1/1.1 MB
2026.05.02 12:35:32 INFO  Progress (1): 0.1/1.1 MB
2026.05.02 12:35:32 INFO  Progress (1): 0.1/1.1 MB
2026.05.02 12:35:33 INFO  Progress (1): 0.1/1.1 MB
2026.05.02 12:35:33 INFO  Progress (1): 0.1/1.1 MB
2026.05.02 12:35:33 INFO  Progress (1): 0.2/1.1 MB
2026.05.02 12:35:33 INFO  Progress (1): 0.2/1.1 MB
2026.05.02 12:35:33 INFO  Progress (1): 0.2/1.1 MB
2026.05.02 12:35:33 INFO  Progress (1): 0.2/1.1 MB
2026.05.02 12:35:33 INFO  Progress (1): 0.2/1.1 MB
2026.05.02 12:35:33 INFO  Progress (1): 0.2/1.1 MB
2026.05.02 12:35:33 INFO  Progress (1): 0.3/1.1 MB
2026.05.02 12:35:33 INFO  Progress (1): 0.3/1.1 MB
2026.05.02 12:35:33 INFO  Progress (1): 0.3/1.1 MB
2026.05.02 12:35:33 INFO  Progress (1): 0.3/1.1 MB
2026.05.02 12:35:33 INFO  Progress (1): 0.3/1.1 MB
2026.05.02 12:35:33 INFO  Progress (1): 0.3/1.1 MB
2026.05.02 12:35:33 INFO  Progress (1): 0.4/1.1 MB
2026.05.02 12:35:33 INFO  Progress (1): 0.4/1.1 MB
2026.05.02 12:35:33 INFO  Progress (1): 0.4/1.1 MB
2026.05.02 12:35:33 INFO  Progress (1): 0.4/1.1 MB
2026.05.02 12:35:33 INFO  Progress (1): 0.4/1.1 MB
2026.05.02 12:35:33 INFO  Progress (1): 0.4/1.1 MB
2026.05.02 12:35:33 INFO  Progress (1): 0.5/1.1 MB
2026.05.02 12:35:33 INFO  Progress (1): 0.5/1.1 MB
2026.05.02 12:35:33 INFO  Progress (1): 0.5/1.1 MB
2026.05.02 12:35:33 INFO  Progress (1): 0.5/1.1 MB
2026.05.02 12:35:33 INFO  Progress (1): 0.5/1.1 MB
2026.05.02 12:35:33 INFO  Progress (1): 0.5/1.1 MB
2026.05.02 12:35:33 INFO  Progress (1): 0.5/1.1 MB
2026.05.02 12:35:33 INFO  Progress (1): 0.6/1.1 MB
2026.05.02 12:35:33 INFO  Progress (1): 0.6/1.1 MB
2026.05.02 12:35:33 INFO  Progress (1): 0.6/1.1 MB
2026.05.02 12:35:33 INFO  Progress (1): 0.6/1.1 MB
2026.05.02 12:35:33 INFO  Progress (1): 0.6/1.1 MB
2026.05.02 12:35:33 INFO  Progress (1): 0.6/1.1 MB
2026.05.02 12:35:33 INFO  Progress (1): 0.7/1.1 MB
2026.05.02 12:35:33 INFO  Progress (1): 0.7/1.1 MB
2026.05.02 12:35:33 INFO  Progress (1): 0.7/1.1 MB
2026.05.02 12:35:33 INFO  Progress (1): 0.7/1.1 MB
2026.05.02 12:35:33 INFO  Progress (1): 0.7/1.1 MB
2026.05.02 12:35:33 INFO  Progress (1): 0.7/1.1 MB
2026.05.02 12:35:33 INFO  Progress (1): 0.8/1.1 MB
2026.05.02 12:35:33 INFO  Progress (1): 0.8/1.1 MB
2026.05.02 12:35:33 INFO  Progress (1): 0.8/1.1 MB
2026.05.02 12:35:33 INFO  Progress (1): 0.8/1.1 MB
2026.05.02 12:35:33 INFO  Progress (1): 0.8/1.1 MB
2026.05.02 12:35:33 INFO  Progress (1): 0.8/1.1 MB
2026.05.02 12:35:33 INFO  Progress (1): 0.9/1.1 MB
2026.05.02 12:35:33 INFO  Progress (1): 0.9/1.1 MB
2026.05.02 12:35:33 INFO  Progress (1): 0.9/1.1 MB
2026.05.02 12:35:33 INFO  Progress (1): 0.9/1.1 MB
2026.05.02 12:35:33 INFO  Progress (1): 0.9/1.1 MB
2026.05.02 12:35:33 INFO  Progress (1): 0.9/1.1 MB
2026.05.02 12:35:33 INFO  Progress (1): 1.0/1.1 MB
2026.05.02 12:35:33 INFO  Progress (1): 1.0/1.1 MB
2026.05.02 12:35:33 INFO  Progress (1): 1.0/1.1 MB
2026.05.02 12:35:33 INFO  Progress (1): 1.0/1.1 MB
2026.05.02 12:35:33 INFO  Progress (1): 1.0/1.1 MB
2026.05.02 12:35:33 INFO  Progress (1): 1.0/1.1 MB
2026.05.02 12:35:33 INFO  Progress (1): 1.1/1.1 MB
2026.05.02 12:35:33 INFO  Progress (1): 1.1/1.1 MB
2026.05.02 12:35:33 INFO  Progress (1): 1.1 MB    
2026.05.02 12:35:33 INFO                      
2026.05.02 12:35:33 INFO  Downloaded from central: https://repo.maven.apache.org/maven2/org/springframework/spring-context/6.1.5/spring-context-6.1.5-sources.jar (1.1 MB at 2.0 MB/s)
2026.05.02 12:35:33 INFO  [INFO] SUCCESS: org.springframework:spring-context:jar:6.1.5:compile (sources = true)
2026.05.02 12:35:33 INFO  [INFO] Resolving artifact: org.springframework:spring-test:jar:6.1.5:test (sources = false)
2026.05.02 12:35:33 INFO  [INFO] SUCCESS: org.springframework:spring-test:jar:6.1.5:test (sources = false)
2026.05.02 12:35:33 INFO  [INFO] Resolving artifact: org.springframework:spring-test:jar:6.1.5:test (sources = true)
2026.05.02 12:35:33 INFO  Downloading from central: https://repo.maven.apache.org/maven2/org/springframework/spring-test/6.1.5/spring-test-6.1.5-sources.jar
2026.05.02 12:35:33 INFO  Progress (1): 7.7/680 kB
2026.05.02 12:35:33 INFO  Progress (1): 11/680 kB 
2026.05.02 12:35:33 INFO  Progress (1): 28/680 kB
2026.05.02 12:35:33 INFO  Progress (1): 44/680 kB
2026.05.02 12:35:33 INFO  Progress (1): 61/680 kB
2026.05.02 12:35:33 INFO  Progress (1): 77/680 kB
2026.05.02 12:35:33 INFO  Progress (1): 93/680 kB
2026.05.02 12:35:33 INFO  Progress (1): 110/680 kB
2026.05.02 12:35:33 INFO  Progress (1): 126/680 kB
2026.05.02 12:35:33 INFO  Progress (1): 142/680 kB
2026.05.02 12:35:33 INFO  Progress (1): 159/680 kB
2026.05.02 12:35:33 INFO  Progress (1): 172/680 kB
2026.05.02 12:35:33 INFO  Progress (1): 188/680 kB
2026.05.02 12:35:33 INFO  Progress (1): 205/680 kB
2026.05.02 12:35:33 INFO  Progress (1): 221/680 kB
2026.05.02 12:35:33 INFO  Progress (1): 238/680 kB
2026.05.02 12:35:33 INFO  Progress (1): 254/680 kB
2026.05.02 12:35:33 INFO  Progress (1): 270/680 kB
2026.05.02 12:35:33 INFO  Progress (1): 287/680 kB
2026.05.02 12:35:33 INFO  Progress (1): 303/680 kB
2026.05.02 12:35:33 INFO  Progress (1): 319/680 kB
2026.05.02 12:35:33 INFO  Progress (1): 336/680 kB
2026.05.02 12:35:33 INFO  Progress (1): 352/680 kB
2026.05.02 12:35:33 INFO  Progress (1): 369/680 kB
2026.05.02 12:35:33 INFO  Progress (1): 385/680 kB
2026.05.02 12:35:33 INFO  Progress (1): 401/680 kB
2026.05.02 12:35:33 INFO  Progress (1): 418/680 kB
2026.05.02 12:35:33 INFO  Progress (1): 434/680 kB
2026.05.02 12:35:33 INFO  Progress (1): 451/680 kB
2026.05.02 12:35:33 INFO  Progress (1): 467/680 kB
2026.05.02 12:35:33 INFO  Progress (1): 483/680 kB
2026.05.02 12:35:33 INFO  Progress (1): 500/680 kB
2026.05.02 12:35:33 INFO  Progress (1): 516/680 kB
2026.05.02 12:35:33 INFO  Progress (1): 532/680 kB
2026.05.02 12:35:33 INFO  Progress (1): 549/680 kB
2026.05.02 12:35:33 INFO  Progress (1): 565/680 kB
2026.05.02 12:35:33 INFO  Progress (1): 582/680 kB
2026.05.02 12:35:33 INFO  Progress (1): 598/680 kB
2026.05.02 12:35:33 INFO  Progress (1): 614/680 kB
2026.05.02 12:35:33 INFO  Progress (1): 631/680 kB
2026.05.02 12:35:33 INFO  Progress (1): 647/680 kB
2026.05.02 12:35:33 INFO  Progress (1): 664/680 kB
2026.05.02 12:35:33 INFO  Progress (1): 680 kB    
2026.05.02 12:35:33 INFO                      
2026.05.02 12:35:33 INFO  Downloaded from central: https://repo.maven.apache.org/maven2/org/springframework/spring-test/6.1.5/spring-test-6.1.5-sources.jar (680 kB at 1.5 MB/s)
2026.05.02 12:35:33 INFO  [INFO] SUCCESS: org.springframework:spring-test:jar:6.1.5:test (sources = true)
2026.05.02 12:35:33 INFO  [INFO] Resolving artifact: com.mysql:mysql-connector-j:jar:8.3.0:runtime (sources = false)
2026.05.02 12:35:33 INFO  [INFO] SUCCESS: com.mysql:mysql-connector-j:jar:8.3.0:runtime (sources = false)
2026.05.02 12:35:33 INFO  [INFO] Resolving artifact: com.mysql:mysql-connector-j:jar:8.3.0:runtime (sources = true)
2026.05.02 12:35:33 INFO  Downloading from central: https://repo.maven.apache.org/maven2/com/mysql/mysql-connector-j/8.3.0/mysql-connector-j-8.3.0-sources.jar
2026.05.02 12:35:33 INFO  Progress (1): 0/1.6 MB
2026.05.02 12:35:33 INFO  Progress (1): 0/1.6 MB
2026.05.02 12:35:33 INFO  Progress (1): 0/1.6 MB
2026.05.02 12:35:33 INFO  Progress (1): 0/1.6 MB
2026.05.02 12:35:33 INFO  Progress (1): 0.1/1.6 MB
2026.05.02 12:35:34 INFO  Progress (1): 0.1/1.6 MB
2026.05.02 12:35:34 INFO  Progress (1): 0.1/1.6 MB
2026.05.02 12:35:34 INFO  Progress (1): 0.1/1.6 MB
2026.05.02 12:35:34 INFO  Progress (1): 0.1/1.6 MB
2026.05.02 12:35:34 INFO  Progress (1): 0.1/1.6 MB
2026.05.02 12:35:34 INFO  Progress (1): 0.2/1.6 MB
2026.05.02 12:35:34 INFO  Progress (1): 0.2/1.6 MB
2026.05.02 12:35:34 INFO  Progress (1): 0.2/1.6 MB
2026.05.02 12:35:34 INFO  Progress (1): 0.2/1.6 MB
2026.05.02 12:35:34 INFO  Progress (1): 0.2/1.6 MB
2026.05.02 12:35:34 INFO  Progress (1): 0.2/1.6 MB
2026.05.02 12:35:34 INFO  Progress (1): 0.3/1.6 MB
2026.05.02 12:35:34 INFO  Progress (1): 0.3/1.6 MB
2026.05.02 12:35:34 INFO  Progress (1): 0.3/1.6 MB
2026.05.02 12:35:34 INFO  Progress (1): 0.3/1.6 MB
2026.05.02 12:35:34 INFO  Progress (1): 0.3/1.6 MB
2026.05.02 12:35:34 INFO  Progress (1): 0.3/1.6 MB
2026.05.02 12:35:34 INFO  Progress (1): 0.4/1.6 MB
2026.05.02 12:35:34 INFO  Progress (1): 0.4/1.6 MB
2026.05.02 12:35:34 INFO  Progress (1): 0.4/1.6 MB
2026.05.02 12:35:34 INFO  Progress (1): 0.4/1.6 MB
2026.05.02 12:35:34 INFO  Progress (1): 0.4/1.6 MB
2026.05.02 12:35:34 INFO  Progress (1): 0.4/1.6 MB
2026.05.02 12:35:34 INFO  Progress (1): 0.5/1.6 MB
2026.05.02 12:35:34 INFO  Progress (1): 0.5/1.6 MB
2026.05.02 12:35:34 INFO  Progress (1): 0.5/1.6 MB
2026.05.02 12:35:34 INFO  Progress (1): 0.5/1.6 MB
2026.05.02 12:35:34 INFO  Progress (1): 0.5/1.6 MB
2026.05.02 12:35:34 INFO  Progress (1): 0.5/1.6 MB
2026.05.02 12:35:34 INFO  Progress (1): 0.5/1.6 MB
2026.05.02 12:35:34 INFO  Progress (1): 0.6/1.6 MB
2026.05.02 12:35:34 INFO  Progress (1): 0.6/1.6 MB
2026.05.02 12:35:34 INFO  Progress (1): 0.6/1.6 MB
2026.05.02 12:35:34 INFO  Progress (1): 0.6/1.6 MB
2026.05.02 12:35:34 INFO  Progress (1): 0.6/1.6 MB
2026.05.02 12:35:34 INFO  Progress (1): 0.6/1.6 MB
2026.05.02 12:35:34 INFO  Progress (1): 0.7/1.6 MB
2026.05.02 12:35:34 INFO  Progress (1): 0.7/1.6 MB
2026.05.02 12:35:34 INFO  Progress (1): 0.7/1.6 MB
2026.05.02 12:35:34 INFO  Progress (1): 0.7/1.6 MB
2026.05.02 12:35:34 INFO  Progress (1): 0.7/1.6 MB
2026.05.02 12:35:34 INFO  Progress (1): 0.7/1.6 MB
2026.05.02 12:35:34 INFO  Progress (1): 0.8/1.6 MB
2026.05.02 12:35:34 INFO  Progress (1): 0.8/1.6 MB
2026.05.02 12:35:34 INFO  Progress (1): 0.8/1.6 MB
2026.05.02 12:35:34 INFO  Progress (1): 0.8/1.6 MB
2026.05.02 12:35:34 INFO  Progress (1): 0.8/1.6 MB
2026.05.02 12:35:34 INFO  Progress (1): 0.8/1.6 MB
2026.05.02 12:35:34 INFO  Progress (1): 0.9/1.6 MB
2026.05.02 12:35:34 INFO  Progress (1): 0.9/1.6 MB
2026.05.02 12:35:34 INFO  Progress (1): 0.9/1.6 MB
2026.05.02 12:35:34 INFO  Progress (1): 0.9/1.6 MB
2026.05.02 12:35:34 INFO  Progress (1): 0.9/1.6 MB
2026.05.02 12:35:34 INFO  Progress (1): 0.9/1.6 MB
2026.05.02 12:35:34 INFO  Progress (1): 1.0/1.6 MB
2026.05.02 12:35:34 INFO  Progress (1): 1.0/1.6 MB
2026.05.02 12:35:34 INFO  Progress (1): 1.0/1.6 MB
2026.05.02 12:35:34 INFO  Progress (1): 1.0/1.6 MB
2026.05.02 12:35:34 INFO  Progress (1): 1.0/1.6 MB
2026.05.02 12:35:34 INFO  Progress (1): 1.0/1.6 MB
2026.05.02 12:35:34 INFO  Progress (1): 1.1/1.6 MB
2026.05.02 12:35:34 INFO  Progress (1): 1.1/1.6 MB
2026.05.02 12:35:34 INFO  Progress (1): 1.1/1.6 MB
2026.05.02 12:35:34 INFO  Progress (1): 1.1/1.6 MB
2026.05.02 12:35:34 INFO  Progress (1): 1.1/1.6 MB
2026.05.02 12:35:34 INFO  Progress (1): 1.1/1.6 MB
2026.05.02 12:35:34 INFO  Progress (1): 1.2/1.6 MB
2026.05.02 12:35:34 INFO  Progress (1): 1.2/1.6 MB
2026.05.02 12:35:34 INFO  Progress (1): 1.2/1.6 MB
2026.05.02 12:35:34 INFO  Progress (1): 1.2/1.6 MB
2026.05.02 12:35:34 INFO  Progress (1): 1.2/1.6 MB
2026.05.02 12:35:34 INFO  Progress (1): 1.2/1.6 MB
2026.05.02 12:35:34 INFO  Progress (1): 1.3/1.6 MB
2026.05.02 12:35:34 INFO  Progress (1): 1.3/1.6 MB
2026.05.02 12:35:34 INFO  Progress (1): 1.3/1.6 MB
2026.05.02 12:35:34 INFO  Progress (1): 1.3/1.6 MB
2026.05.02 12:35:34 INFO  Progress (1): 1.3/1.6 MB
2026.05.02 12:35:34 INFO  Progress (1): 1.3/1.6 MB
2026.05.02 12:35:34 INFO  Progress (1): 1.4/1.6 MB
2026.05.02 12:35:34 INFO  Progress (1): 1.4/1.6 MB
2026.05.02 12:35:34 INFO  Progress (1): 1.4/1.6 MB
2026.05.02 12:35:34 INFO  Progress (1): 1.4/1.6 MB
2026.05.02 12:35:34 INFO  Progress (1): 1.4/1.6 MB
2026.05.02 12:35:34 INFO  Progress (1): 1.4/1.6 MB
2026.05.02 12:35:34 INFO  Progress (1): 1.4/1.6 MB
2026.05.02 12:35:34 INFO  Progress (1): 1.5/1.6 MB
2026.05.02 12:35:34 INFO  Progress (1): 1.5/1.6 MB
2026.05.02 12:35:34 INFO  Progress (1): 1.5/1.6 MB
2026.05.02 12:35:34 INFO  Progress (1): 1.5/1.6 MB
2026.05.02 12:35:34 INFO  Progress (1): 1.5/1.6 MB
2026.05.02 12:35:34 INFO  Progress (1): 1.5/1.6 MB
2026.05.02 12:35:34 INFO  Progress (1): 1.6/1.6 MB
2026.05.02 12:35:34 INFO  Progress (1): 1.6/1.6 MB
2026.05.02 12:35:34 INFO  Progress (1): 1.6/1.6 MB
2026.05.02 12:35:34 INFO  Progress (1): 1.6/1.6 MB
2026.05.02 12:35:34 INFO  Progress (1): 1.6 MB    
2026.05.02 12:35:35 INFO                      
2026.05.02 12:35:35 INFO  Downloaded from central: https://repo.maven.apache.org/maven2/com/mysql/mysql-connector-j/8.3.0/mysql-connector-j-8.3.0-sources.jar (1.6 MB at 1.4 MB/s)
2026.05.02 12:35:35 INFO  [INFO] SUCCESS: com.mysql:mysql-connector-j:jar:8.3.0:runtime (sources = true)
2026.05.02 12:35:35 INFO  [INFO] Resolving artifact: org.springframework.security:spring-security-crypto:jar:6.2.3:compile (sources = false)
2026.05.02 12:35:35 INFO  [INFO] SUCCESS: org.springframework.security:spring-security-crypto:jar:6.2.3:compile (sources = false)
2026.05.02 12:35:35 INFO  [INFO] Resolving artifact: org.springframework.security:spring-security-crypto:jar:6.2.3:compile (sources = true)
2026.05.02 12:35:35 INFO  Downloading from central: https://repo.maven.apache.org/maven2/org/springframework/security/spring-security-crypto/6.2.3/spring-security-crypto-6.2.3-sources.jar
2026.05.02 12:35:35 INFO  Progress (1): 7.7/77 kB
2026.05.02 12:35:35 INFO  Progress (1): 16/77 kB 
2026.05.02 12:35:35 INFO  Progress (1): 32/77 kB
2026.05.02 12:35:35 INFO  Progress (1): 49/77 kB
2026.05.02 12:35:35 INFO  Progress (1): 65/77 kB
2026.05.02 12:35:35 INFO  Progress (1): 77 kB   
2026.05.02 12:35:35 INFO                     
2026.05.02 12:35:35 INFO  Downloaded from central: https://repo.maven.apache.org/maven2/org/springframework/security/spring-security-crypto/6.2.3/spring-security-crypto-6.2.3-sources.jar (77 kB at 154 kB/s)
2026.05.02 12:35:35 INFO  [INFO] SUCCESS: org.springframework.security:spring-security-crypto:jar:6.2.3:compile (sources = true)
2026.05.02 12:35:35 INFO  [INFO] Resolving artifact: org.springframework.boot:spring-boot-starter-test:jar:3.2.4:test (sources = false)
2026.05.02 12:35:35 INFO  [INFO] SUCCESS: org.springframework.boot:spring-boot-starter-test:jar:3.2.4:test (sources = false)
2026.05.02 12:35:35 INFO  [INFO] Resolving artifact: org.springframework.boot:spring-boot-starter-test:jar:3.2.4:test (sources = true)
2026.05.02 12:35:35 INFO  Downloading from central: https://repo.maven.apache.org/maven2/org/springframework/boot/spring-boot-starter-test/3.2.4/spring-boot-starter-test-3.2.4-sources.jar
2026.05.02 12:35:38 INFO  Progress (1): 4.7 kB
2026.05.02 12:35:38 INFO                      
2026.05.02 12:35:38 INFO  Downloaded from central: https://repo.maven.apache.org/maven2/org/springframework/boot/spring-boot-starter-test/3.2.4/spring-boot-starter-test-3.2.4-sources.jar (4.7 kB at 1.9 kB/s)
2026.05.02 12:35:38 INFO  [INFO] SUCCESS: org.springframework.boot:spring-boot-starter-test:jar:3.2.4:test (sources = true)
2026.05.02 12:35:38 INFO  [INFO] Resolving artifact: org.opentest4j:opentest4j:jar:1.3.0:test (sources = false)
2026.05.02 12:35:38 INFO  [INFO] SUCCESS: org.opentest4j:opentest4j:jar:1.3.0:test (sources = false)
2026.05.02 12:35:38 INFO  [INFO] Resolving artifact: org.opentest4j:opentest4j:jar:1.3.0:test (sources = true)
2026.05.02 12:35:38 INFO  [INFO] SUCCESS: org.opentest4j:opentest4j:jar:1.3.0:test (sources = true)
2026.05.02 12:35:38 INFO  [INFO] Resolving artifact: org.xmlunit:xmlunit-core:jar:2.9.1:test (sources = false)
2026.05.02 12:35:38 INFO  [INFO] SUCCESS: org.xmlunit:xmlunit-core:jar:2.9.1:test (sources = false)
2026.05.02 12:35:38 INFO  [INFO] Resolving artifact: org.xmlunit:xmlunit-core:jar:2.9.1:test (sources = true)
2026.05.02 12:35:38 INFO  Downloading from central: https://repo.maven.apache.org/maven2/org/xmlunit/xmlunit-core/2.9.1/xmlunit-core-2.9.1-sources.jar
2026.05.02 12:35:38 INFO  Progress (1): 3.2/109 kB
2026.05.02 12:35:38 INFO  Progress (1): 20/109 kB 
2026.05.02 12:35:38 INFO  Progress (1): 28/109 kB
2026.05.02 12:35:38 INFO  Progress (1): 44/109 kB
2026.05.02 12:35:38 INFO  Progress (1): 61/109 kB
2026.05.02 12:35:38 INFO  Progress (1): 77/109 kB
2026.05.02 12:35:38 INFO  Progress (1): 93/109 kB
2026.05.02 12:35:38 INFO  Progress (1): 109 kB   
2026.05.02 12:35:38 INFO                      
2026.05.02 12:35:38 INFO  Downloaded from central: https://repo.maven.apache.org/maven2/org/xmlunit/xmlunit-core/2.9.1/xmlunit-core-2.9.1-sources.jar (109 kB at 684 kB/s)
2026.05.02 12:35:38 INFO  [INFO] SUCCESS: org.xmlunit:xmlunit-core:jar:2.9.1:test (sources = true)
2026.05.02 12:35:38 INFO  [INFO] Resolving artifact: org.springframework:spring-orm:jar:6.1.5:compile (sources = false)
2026.05.02 12:35:38 INFO  [INFO] SUCCESS: org.springframework:spring-orm:jar:6.1.5:compile (sources = false)
2026.05.02 12:35:38 INFO  [INFO] Resolving artifact: org.springframework:spring-orm:jar:6.1.5:compile (sources = true)
2026.05.02 12:35:38 INFO  Downloading from central: https://repo.maven.apache.org/maven2/org/springframework/spring-orm/6.1.5/spring-orm-6.1.5-sources.jar
2026.05.02 12:35:38 INFO  Progress (1): 7.7/193 kB
2026.05.02 12:35:38 INFO  Progress (1): 8.2/193 kB
2026.05.02 12:35:38 INFO  Progress (1): 25/193 kB 
2026.05.02 12:35:38 INFO  Progress (1): 41/193 kB
2026.05.02 12:35:38 INFO  Progress (1): 57/193 kB
2026.05.02 12:35:38 INFO  Progress (1): 74/193 kB
2026.05.02 12:35:38 INFO  Progress (1): 90/193 kB
2026.05.02 12:35:38 INFO  Progress (1): 106/193 kB
2026.05.02 12:35:38 INFO  Progress (1): 123/193 kB
2026.05.02 12:35:38 INFO  Progress (1): 139/193 kB
2026.05.02 12:35:38 INFO  Progress (1): 156/193 kB
2026.05.02 12:35:38 INFO  Progress (1): 172/193 kB
2026.05.02 12:35:38 INFO  Progress (1): 188/193 kB
2026.05.02 12:35:38 INFO  Progress (1): 193 kB    
2026.05.02 12:35:38 INFO                      
2026.05.02 12:35:38 INFO  Downloaded from central: https://repo.maven.apache.org/maven2/org/springframework/spring-orm/6.1.5/spring-orm-6.1.5-sources.jar (193 kB at 889 kB/s)
2026.05.02 12:35:38 INFO  [INFO] SUCCESS: org.springframework:spring-orm:jar:6.1.5:compile (sources = true)
2026.05.02 12:35:38 INFO  [INFO] Resolving artifact: org.junit.platform:junit-platform-commons:jar:1.10.2:test (sources = false)
2026.05.02 12:35:38 INFO  [INFO] SUCCESS: org.junit.platform:junit-platform-commons:jar:1.10.2:test (sources = false)
2026.05.02 12:35:38 INFO  [INFO] Resolving artifact: org.junit.platform:junit-platform-commons:jar:1.10.2:test (sources = true)
2026.05.02 12:35:38 INFO  Downloading from central: https://repo.maven.apache.org/maven2/org/junit/platform/junit-platform-commons/1.10.2/junit-platform-commons-1.10.2-sources.jar
2026.05.02 12:35:38 INFO  Progress (1): 7.7/78 kB
2026.05.02 12:35:38 INFO  Progress (1): 8.2/78 kB
2026.05.02 12:35:38 INFO  Progress (1): 25/78 kB 
2026.05.02 12:35:38 INFO  Progress (1): 41/78 kB
2026.05.02 12:35:38 INFO  Progress (1): 57/78 kB
2026.05.02 12:35:38 INFO  Progress (1): 74/78 kB
2026.05.02 12:35:38 INFO  Progress (1): 78 kB   
2026.05.02 12:35:38 INFO                     
2026.05.02 12:35:38 INFO  Downloaded from central: https://repo.maven.apache.org/maven2/org/junit/platform/junit-platform-commons/1.10.2/junit-platform-commons-1.10.2-sources.jar (78 kB at 420 kB/s)
2026.05.02 12:35:38 INFO  [INFO] SUCCESS: org.junit.platform:junit-platform-commons:jar:1.10.2:test (sources = true)
2026.05.02 12:35:38 INFO  [INFO] Resolving artifact: jakarta.transaction:jakarta.transaction-api:jar:2.0.1:compile (sources = false)
2026.05.02 12:35:38 INFO  [INFO] SUCCESS: jakarta.transaction:jakarta.transaction-api:jar:2.0.1:compile (sources = false)
2026.05.02 12:35:38 INFO  [INFO] Resolving artifact: jakarta.transaction:jakarta.transaction-api:jar:2.0.1:compile (sources = true)
2026.05.02 12:35:38 INFO  Downloading from central: https://repo.maven.apache.org/maven2/jakarta/transaction/jakarta.transaction-api/2.0.1/jakarta.transaction-api-2.0.1-sources.jar
2026.05.02 12:35:38 INFO  Progress (1): 7.7/40 kB
2026.05.02 12:35:38 INFO  Progress (1): 16/40 kB 
2026.05.02 12:35:38 INFO  Progress (1): 32/40 kB
2026.05.02 12:35:38 INFO  Progress (1): 40 kB   
2026.05.02 12:35:40 INFO                     
2026.05.02 12:35:40 INFO  Downloaded from central: https://repo.maven.apache.org/maven2/jakarta/transaction/jakarta.transaction-api/2.0.1/jakarta.transaction-api-2.0.1-sources.jar (40 kB at 41 kB/s)
2026.05.02 12:35:40 INFO  [INFO] SUCCESS: jakarta.transaction:jakarta.transaction-api:jar:2.0.1:compile (sources = true)
2026.05.02 12:35:40 INFO  [INFO] Resolving artifact: com.fasterxml:classmate:jar:1.6.0:runtime (sources = false)
2026.05.02 12:35:40 INFO  [INFO] SUCCESS: com.fasterxml:classmate:jar:1.6.0:runtime (sources = false)
2026.05.02 12:35:40 INFO  [INFO] Resolving artifact: com.fasterxml:classmate:jar:1.6.0:runtime (sources = true)
2026.05.02 12:35:40 INFO  Downloading from central: https://repo.maven.apache.org/maven2/com/fasterxml/classmate/1.6.0/classmate-1.6.0-sources.jar
2026.05.02 12:35:40 INFO  Progress (1): 3.2/53 kB
2026.05.02 12:35:40 INFO  Progress (1): 20/53 kB 
2026.05.02 12:35:40 INFO  Progress (1): 28/53 kB
2026.05.02 12:35:40 INFO  Progress (1): 44/53 kB
2026.05.02 12:35:40 INFO  Progress (1): 53 kB   
2026.05.02 12:35:40 INFO                     
2026.05.02 12:35:40 INFO  Downloaded from central: https://repo.maven.apache.org/maven2/com/fasterxml/classmate/1.6.0/classmate-1.6.0-sources.jar (53 kB at 389 kB/s)
2026.05.02 12:35:40 INFO  [INFO] SUCCESS: com.fasterxml:classmate:jar:1.6.0:runtime (sources = true)
2026.05.02 12:35:40 INFO  [INFO] Resolving artifact: org.springframework.boot:spring-boot-test:jar:3.2.4:test (sources = false)
2026.05.02 12:35:40 INFO  [INFO] SUCCESS: org.springframework.boot:spring-boot-test:jar:3.2.4:test (sources = false)
2026.05.02 12:35:40 INFO  [INFO] Resolving artifact: org.springframework.boot:spring-boot-test:jar:3.2.4:test (sources = true)
2026.05.02 12:35:40 INFO  Downloading from central: https://repo.maven.apache.org/maven2/org/springframework/boot/spring-boot-test/3.2.4/spring-boot-test-3.2.4-sources.jar
2026.05.02 12:35:40 INFO  Progress (1): 7.7/169 kB
2026.05.02 12:35:40 INFO  Progress (1): 8.2/169 kB
2026.05.02 12:35:40 INFO  Progress (1): 25/169 kB 
2026.05.02 12:35:40 INFO  Progress (1): 41/169 kB
2026.05.02 12:35:40 INFO  Progress (1): 57/169 kB
2026.05.02 12:35:40 INFO  Progress (1): 74/169 kB
2026.05.02 12:35:40 INFO  Progress (1): 90/169 kB
2026.05.02 12:35:40 INFO  Progress (1): 106/169 kB
2026.05.02 12:35:40 INFO  Progress (1): 123/169 kB
2026.05.02 12:35:40 INFO  Progress (1): 139/169 kB
2026.05.02 12:35:40 INFO  Progress (1): 156/169 kB
2026.05.02 12:35:40 INFO  Progress (1): 169 kB    
2026.05.02 12:35:40 INFO                      
2026.05.02 12:35:40 INFO  Downloaded from central: https://repo.maven.apache.org/maven2/org/springframework/boot/spring-boot-test/3.2.4/spring-boot-test-3.2.4-sources.jar (169 kB at 1.1 MB/s)
2026.05.02 12:35:40 INFO  [INFO] SUCCESS: org.springframework.boot:spring-boot-test:jar:3.2.4:test (sources = true)
2026.05.02 12:35:40 INFO  [INFO] Resolving artifact: org.springframework.boot:spring-boot-starter-tomcat:jar:3.2.4:compile (sources = false)
2026.05.02 12:35:40 INFO  [INFO] SUCCESS: org.springframework.boot:spring-boot-starter-tomcat:jar:3.2.4:compile (sources = false)
2026.05.02 12:35:40 INFO  [INFO] Resolving artifact: org.springframework.boot:spring-boot-starter-tomcat:jar:3.2.4:compile (sources = true)
2026.05.02 12:35:40 INFO  Downloading from central: https://repo.maven.apache.org/maven2/org/springframework/boot/spring-boot-starter-tomcat/3.2.4/spring-boot-starter-tomcat-3.2.4-sources.jar
2026.05.02 12:35:40 INFO  Progress (1): 4.7 kB
2026.05.02 12:35:40 INFO                      
2026.05.02 12:35:40 INFO  Downloaded from central: https://repo.maven.apache.org/maven2/org/springframework/boot/spring-boot-starter-tomcat/3.2.4/spring-boot-starter-tomcat-3.2.4-sources.jar (4.7 kB at 24 kB/s)
2026.05.02 12:35:40 INFO  [INFO] SUCCESS: org.springframework.boot:spring-boot-starter-tomcat:jar:3.2.4:compile (sources = true)
2026.05.02 12:35:40 INFO  [INFO] Resolving artifact: org.springframework:spring-jdbc:jar:6.1.5:compile (sources = false)
2026.05.02 12:35:40 INFO  [INFO] SUCCESS: org.springframework:spring-jdbc:jar:6.1.5:compile (sources = false)
2026.05.02 12:35:40 INFO  [INFO] Resolving artifact: org.springframework:spring-jdbc:jar:6.1.5:compile (sources = true)
2026.05.02 12:35:40 INFO  Downloading from central: https://repo.maven.apache.org/maven2/org/springframework/spring-jdbc/6.1.5/spring-jdbc-6.1.5-sources.jar
2026.05.02 12:35:40 INFO  Progress (1): 3.2/452 kB
2026.05.02 12:35:40 INFO  Progress (1): 20/452 kB 
2026.05.02 12:35:40 INFO  Progress (1): 36/452 kB
2026.05.02 12:35:40 INFO  Progress (1): 52/452 kB
2026.05.02 12:35:40 INFO  Progress (1): 61/452 kB
2026.05.02 12:35:40 INFO  Progress (1): 77/452 kB
2026.05.02 12:35:40 INFO  Progress (1): 93/452 kB
2026.05.02 12:35:40 INFO  Progress (1): 110/452 kB
2026.05.02 12:35:40 INFO  Progress (1): 126/452 kB
2026.05.02 12:35:40 INFO  Progress (1): 142/452 kB
2026.05.02 12:35:40 INFO  Progress (1): 159/452 kB
2026.05.02 12:35:40 INFO  Progress (1): 175/452 kB
2026.05.02 12:35:40 INFO  Progress (1): 192/452 kB
2026.05.02 12:35:40 INFO  Progress (1): 208/452 kB
2026.05.02 12:35:40 INFO  Progress (1): 224/452 kB
2026.05.02 12:35:40 INFO  Progress (1): 241/452 kB
2026.05.02 12:35:40 INFO  Progress (1): 257/452 kB
2026.05.02 12:35:40 INFO  Progress (1): 274/452 kB
2026.05.02 12:35:40 INFO  Progress (1): 290/452 kB
2026.05.02 12:35:40 INFO  Progress (1): 306/452 kB
2026.05.02 12:35:40 INFO  Progress (1): 323/452 kB
2026.05.02 12:35:40 INFO  Progress (1): 339/452 kB
2026.05.02 12:35:40 INFO  Progress (1): 355/452 kB
2026.05.02 12:35:40 INFO  Progress (1): 372/452 kB
2026.05.02 12:35:40 INFO  Progress (1): 388/452 kB
2026.05.02 12:35:40 INFO  Progress (1): 405/452 kB
2026.05.02 12:35:40 INFO  Progress (1): 421/452 kB
2026.05.02 12:35:40 INFO  Progress (1): 437/452 kB
2026.05.02 12:35:40 INFO  Progress (1): 452 kB    
2026.05.02 12:35:40 INFO                      
2026.05.02 12:35:40 INFO  Downloaded from central: https://repo.maven.apache.org/maven2/org/springframework/spring-jdbc/6.1.5/spring-jdbc-6.1.5-sources.jar (452 kB at 1.7 MB/s)
2026.05.02 12:35:40 INFO  [INFO] SUCCESS: org.springframework:spring-jdbc:jar:6.1.5:compile (sources = true)
2026.05.02 12:35:40 INFO  [INFO] Resolving artifact: org.glassfish.jaxb:jaxb-runtime:jar:4.0.5:runtime (sources = false)
2026.05.02 12:35:40 INFO  [INFO] SUCCESS: org.glassfish.jaxb:jaxb-runtime:jar:4.0.5:runtime (sources = false)
2026.05.02 12:35:40 INFO  [INFO] Resolving artifact: org.glassfish.jaxb:jaxb-runtime:jar:4.0.5:runtime (sources = true)
2026.05.02 12:35:40 INFO  Downloading from central: https://repo.maven.apache.org/maven2/org/glassfish/jaxb/jaxb-runtime/4.0.5/jaxb-runtime-4.0.5-sources.jar
2026.05.02 12:35:40 INFO  Progress (1): 7.7/651 kB
2026.05.02 12:35:40 INFO  Progress (1): 11/651 kB 
2026.05.02 12:35:40 INFO  Progress (1): 28/651 kB
2026.05.02 12:35:40 INFO  Progress (1): 44/651 kB
2026.05.02 12:35:40 INFO  Progress (1): 61/651 kB
2026.05.02 12:35:40 INFO  Progress (1): 77/651 kB
2026.05.02 12:35:40 INFO  Progress (1): 93/651 kB
2026.05.02 12:35:40 INFO  Progress (1): 110/651 kB
2026.05.02 12:35:40 INFO  Progress (1): 126/651 kB
2026.05.02 12:35:40 INFO  Progress (1): 142/651 kB
2026.05.02 12:35:40 INFO  Progress (1): 159/651 kB
2026.05.02 12:35:40 INFO  Progress (1): 175/651 kB
2026.05.02 12:35:40 INFO  Progress (1): 192/651 kB
2026.05.02 12:35:40 INFO  Progress (1): 208/651 kB
2026.05.02 12:35:40 INFO  Progress (1): 224/651 kB
2026.05.02 12:35:40 INFO  Progress (1): 241/651 kB
2026.05.02 12:35:40 INFO  Progress (1): 257/651 kB
2026.05.02 12:35:40 INFO  Progress (1): 274/651 kB
2026.05.02 12:35:40 INFO  Progress (1): 290/651 kB
2026.05.02 12:35:40 INFO  Progress (1): 306/651 kB
2026.05.02 12:35:40 INFO  Progress (1): 323/651 kB
2026.05.02 12:35:40 INFO  Progress (1): 339/651 kB
2026.05.02 12:35:40 INFO  Progress (1): 355/651 kB
2026.05.02 12:35:40 INFO  Progress (1): 372/651 kB
2026.05.02 12:35:40 INFO  Progress (1): 388/651 kB
2026.05.02 12:35:40 INFO  Progress (1): 405/651 kB
2026.05.02 12:35:41 INFO  Progress (1): 421/651 kB
2026.05.02 12:35:41 INFO  Progress (1): 437/651 kB
2026.05.02 12:35:41 INFO  Progress (1): 454/651 kB
2026.05.02 12:35:41 INFO  Progress (1): 467/651 kB
2026.05.02 12:35:41 INFO  Progress (1): 470/651 kB
2026.05.02 12:35:41 INFO  Progress (1): 487/651 kB
2026.05.02 12:35:41 INFO  Progress (1): 503/651 kB
2026.05.02 12:35:41 INFO  Progress (1): 519/651 kB
2026.05.02 12:35:41 INFO  Progress (1): 536/651 kB
2026.05.02 12:35:41 INFO  Progress (1): 552/651 kB
2026.05.02 12:35:41 INFO  Progress (1): 568/651 kB
2026.05.02 12:35:41 INFO  Progress (1): 585/651 kB
2026.05.02 12:35:41 INFO  Progress (1): 598/651 kB
2026.05.02 12:35:41 INFO  Progress (1): 601/651 kB
2026.05.02 12:35:41 INFO  Progress (1): 618/651 kB
2026.05.02 12:35:41 INFO  Progress (1): 634/651 kB
2026.05.02 12:35:41 INFO  Progress (1): 650/651 kB
2026.05.02 12:35:41 INFO  Progress (1): 651 kB    
2026.05.02 12:35:41 INFO                      
2026.05.02 12:35:41 INFO  Downloaded from central: https://repo.maven.apache.org/maven2/org/glassfish/jaxb/jaxb-runtime/4.0.5/jaxb-runtime-4.0.5-sources.jar (651 kB at 2.0 MB/s)
2026.05.02 12:35:41 INFO  [INFO] SUCCESS: org.glassfish.jaxb:jaxb-runtime:jar:4.0.5:runtime (sources = true)
2026.05.02 12:35:41 INFO  [INFO] Resolving artifact: com.zaxxer:HikariCP:jar:5.0.1:compile (sources = false)
2026.05.02 12:35:41 INFO  [INFO] SUCCESS: com.zaxxer:HikariCP:jar:5.0.1:compile (sources = false)
2026.05.02 12:35:41 INFO  [INFO] Resolving artifact: com.zaxxer:HikariCP:jar:5.0.1:compile (sources = true)
2026.05.02 12:35:41 INFO  Downloading from central: https://repo.maven.apache.org/maven2/com/zaxxer/HikariCP/5.0.1/HikariCP-5.0.1-sources.jar
2026.05.02 12:35:41 INFO  Progress (1): 3.2/240 kB
2026.05.02 12:35:41 INFO  Progress (1): 20/240 kB 
2026.05.02 12:35:41 INFO  Progress (1): 28/240 kB
2026.05.02 12:35:41 INFO  Progress (1): 36/240 kB
2026.05.02 12:35:41 INFO  Progress (1): 52/240 kB
2026.05.02 12:35:41 INFO  Progress (1): 61/240 kB
2026.05.02 12:35:41 INFO  Progress (1): 69/240 kB
2026.05.02 12:35:41 INFO  Progress (1): 77/240 kB
2026.05.02 12:35:41 INFO  Progress (1): 93/240 kB
2026.05.02 12:35:41 INFO  Progress (1): 110/240 kB
2026.05.02 12:35:41 INFO  Progress (1): 126/240 kB
2026.05.02 12:35:41 INFO  Progress (1): 134/240 kB
2026.05.02 12:35:41 INFO  Progress (1): 151/240 kB
2026.05.02 12:35:41 INFO  Progress (1): 159/240 kB
2026.05.02 12:35:41 INFO  Progress (1): 167/240 kB
2026.05.02 12:35:41 INFO  Progress (1): 183/240 kB
2026.05.02 12:35:41 INFO  Progress (1): 200/240 kB
2026.05.02 12:35:41 INFO  Progress (1): 208/240 kB
2026.05.02 12:35:41 INFO  Progress (1): 216/240 kB
2026.05.02 12:35:41 INFO  Progress (1): 233/240 kB
2026.05.02 12:35:41 INFO  Progress (1): 240 kB    
2026.05.02 12:35:41 INFO                      
2026.05.02 12:35:41 INFO  Downloaded from central: https://repo.maven.apache.org/maven2/com/zaxxer/HikariCP/5.0.1/HikariCP-5.0.1-sources.jar (240 kB at 1.3 MB/s)
2026.05.02 12:35:41 INFO  [INFO] SUCCESS: com.zaxxer:HikariCP:jar:5.0.1:compile (sources = true)
2026.05.02 12:35:41 INFO  [INFO] Resolving artifact: org.yaml:snakeyaml:jar:2.2:compile (sources = false)
2026.05.02 12:35:41 INFO  [INFO] SUCCESS: org.yaml:snakeyaml:jar:2.2:compile (sources = false)
2026.05.02 12:35:41 INFO  [INFO] Resolving artifact: org.yaml:snakeyaml:jar:2.2:compile (sources = true)
2026.05.02 12:35:41 INFO  Downloading from central: https://repo.maven.apache.org/maven2/org/yaml/snakeyaml/2.2/snakeyaml-2.2-sources.jar
2026.05.02 12:35:41 INFO  Progress (1): 7.7/207 kB
2026.05.02 12:35:41 INFO  Progress (1): 16/207 kB 
2026.05.02 12:35:41 INFO  Progress (1): 32/207 kB
2026.05.02 12:35:41 INFO  Progress (1): 49/207 kB
2026.05.02 12:35:41 INFO  Progress (1): 65/207 kB
2026.05.02 12:35:41 INFO  Progress (1): 81/207 kB
2026.05.02 12:35:41 INFO  Progress (1): 98/207 kB
2026.05.02 12:35:41 INFO  Progress (1): 114/207 kB
2026.05.02 12:35:41 INFO  Progress (1): 131/207 kB
2026.05.02 12:35:41 INFO  Progress (1): 147/207 kB
2026.05.02 12:35:41 INFO  Progress (1): 163/207 kB
2026.05.02 12:35:41 INFO  Progress (1): 180/207 kB
2026.05.02 12:35:41 INFO  Progress (1): 196/207 kB
2026.05.02 12:35:41 INFO  Progress (1): 207 kB    
2026.05.02 12:35:41 INFO                      
2026.05.02 12:35:41 INFO  Downloaded from central: https://repo.maven.apache.org/maven2/org/yaml/snakeyaml/2.2/snakeyaml-2.2-sources.jar (207 kB at 1.0 MB/s)
2026.05.02 12:35:41 INFO  [INFO] SUCCESS: org.yaml:snakeyaml:jar:2.2:compile (sources = true)
2026.05.02 12:35:41 INFO  [INFO] Resolving artifact: org.mockito:mockito-core:jar:5.7.0:test (sources = false)
2026.05.02 12:35:41 INFO  [INFO] SUCCESS: org.mockito:mockito-core:jar:5.7.0:test (sources = false)
2026.05.02 12:35:41 INFO  [INFO] Resolving artifact: org.mockito:mockito-core:jar:5.7.0:test (sources = true)
2026.05.02 12:35:41 INFO  Downloading from central: https://repo.maven.apache.org/maven2/org/mockito/mockito-core/5.7.0/mockito-core-5.7.0-sources.jar
2026.05.02 12:35:41 INFO  Progress (1): 7.7/536 kB
2026.05.02 12:35:41 INFO  Progress (1): 8.2/536 kB
2026.05.02 12:35:41 INFO  Progress (1): 16/536 kB 
2026.05.02 12:35:41 INFO  Progress (1): 33/536 kB
2026.05.02 12:35:41 INFO  Progress (1): 49/536 kB
2026.05.02 12:35:41 INFO  Progress (1): 66/536 kB
2026.05.02 12:35:41 INFO  Progress (1): 82/536 kB
2026.05.02 12:35:41 INFO  Progress (1): 98/536 kB
2026.05.02 12:35:41 INFO  Progress (1): 115/536 kB
2026.05.02 12:35:41 INFO  Progress (1): 123/536 kB
2026.05.02 12:35:41 INFO  Progress (1): 131/536 kB
2026.05.02 12:35:41 INFO  Progress (1): 147/536 kB
2026.05.02 12:35:41 INFO  Progress (1): 156/536 kB
2026.05.02 12:35:41 INFO  Progress (1): 172/536 kB
2026.05.02 12:35:41 INFO  Progress (1): 188/536 kB
2026.05.02 12:35:41 INFO  Progress (1): 197/536 kB
2026.05.02 12:35:41 INFO  Progress (1): 205/536 kB
2026.05.02 12:35:41 INFO  Progress (1): 213/536 kB
2026.05.02 12:35:41 INFO  Progress (1): 229/536 kB
2026.05.02 12:35:41 INFO  Progress (1): 246/536 kB
2026.05.02 12:35:41 INFO  Progress (1): 262/536 kB
2026.05.02 12:35:41 INFO  Progress (1): 279/536 kB
2026.05.02 12:35:41 INFO  Progress (1): 295/536 kB
2026.05.02 12:35:41 INFO  Progress (1): 311/536 kB
2026.05.02 12:35:41 INFO  Progress (1): 328/536 kB
2026.05.02 12:35:41 INFO  Progress (1): 336/536 kB
2026.05.02 12:35:41 INFO  Progress (1): 344/536 kB
2026.05.02 12:35:41 INFO  Progress (1): 360/536 kB
2026.05.02 12:35:41 INFO  Progress (1): 377/536 kB
2026.05.02 12:35:41 INFO  Progress (1): 393/536 kB
2026.05.02 12:35:41 INFO  Progress (1): 410/536 kB
2026.05.02 12:35:41 INFO  Progress (1): 426/536 kB
2026.05.02 12:35:41 INFO  Progress (1): 442/536 kB
2026.05.02 12:35:41 INFO  Progress (1): 459/536 kB
2026.05.02 12:35:41 INFO  Progress (1): 467/536 kB
2026.05.02 12:35:41 INFO  Progress (1): 475/536 kB
2026.05.02 12:35:41 INFO  Progress (1): 492/536 kB
2026.05.02 12:35:41 INFO  Progress (1): 508/536 kB
2026.05.02 12:35:41 INFO  Progress (1): 524/536 kB
2026.05.02 12:35:41 INFO  Progress (1): 536 kB    
2026.05.02 12:35:41 INFO                      
2026.05.02 12:35:41 INFO  Downloaded from central: https://repo.maven.apache.org/maven2/org/mockito/mockito-core/5.7.0/mockito-core-5.7.0-sources.jar (536 kB at 1.8 MB/s)
2026.05.02 12:35:41 INFO  [INFO] SUCCESS: org.mockito:mockito-core:jar:5.7.0:test (sources = true)
2026.05.02 12:35:41 INFO  [INFO] Resolving artifact: net.minidev:json-smart:jar:2.5.0:test (sources = false)
2026.05.02 12:35:41 INFO  [INFO] SUCCESS: net.minidev:json-smart:jar:2.5.0:test (sources = false)
2026.05.02 12:35:41 INFO  [INFO] Resolving artifact: net.minidev:json-smart:jar:2.5.0:test (sources = true)
2026.05.02 12:35:41 INFO  Downloading from central: https://repo.maven.apache.org/maven2/net/minidev/json-smart/2.5.0/json-smart-2.5.0-sources.jar
2026.05.02 12:35:41 INFO  Progress (1): 7.7/65 kB
2026.05.02 12:35:41 INFO  Progress (1): 8.2/65 kB
2026.05.02 12:35:41 INFO  Progress (1): 25/65 kB 
2026.05.02 12:35:41 INFO  Progress (1): 41/65 kB
2026.05.02 12:35:41 INFO  Progress (1): 57/65 kB
2026.05.02 12:35:41 INFO  Progress (1): 65 kB   
2026.05.02 12:35:42 INFO                     
2026.05.02 12:35:42 INFO  Downloaded from central: https://repo.maven.apache.org/maven2/net/minidev/json-smart/2.5.0/json-smart-2.5.0-sources.jar (65 kB at 354 kB/s)
2026.05.02 12:35:42 INFO  [INFO] SUCCESS: net.minidev:json-smart:jar:2.5.0:test (sources = true)
2026.05.02 12:35:42 INFO  [INFO] Resolving artifact: org.mockito:mockito-junit-jupiter:jar:5.7.0:test (sources = false)
2026.05.02 12:35:42 INFO  [INFO] SUCCESS: org.mockito:mockito-junit-jupiter:jar:5.7.0:test (sources = false)
2026.05.02 12:35:42 INFO  [INFO] Resolving artifact: org.mockito:mockito-junit-jupiter:jar:5.7.0:test (sources = true)
2026.05.02 12:35:42 INFO  Downloading from central: https://repo.maven.apache.org/maven2/org/mockito/mockito-junit-jupiter/5.7.0/mockito-junit-jupiter-5.7.0-sources.jar
2026.05.02 12:35:42 INFO  Progress (1): 6.3 kB
2026.05.02 12:35:42 INFO                      
2026.05.02 12:35:42 INFO  Downloaded from central: https://repo.maven.apache.org/maven2/org/mockito/mockito-junit-jupiter/5.7.0/mockito-junit-jupiter-5.7.0-sources.jar (6.3 kB at 32 kB/s)
2026.05.02 12:35:42 INFO  [INFO] SUCCESS: org.mockito:mockito-junit-jupiter:jar:5.7.0:test (sources = true)
2026.05.02 12:35:42 INFO  [INFO] Resolving artifact: org.jboss.logging:jboss-logging:jar:3.5.3.Final:runtime (sources = false)
2026.05.02 12:35:42 INFO  [INFO] SUCCESS: org.jboss.logging:jboss-logging:jar:3.5.3.Final:runtime (sources = false)
2026.05.02 12:35:42 INFO  [INFO] Resolving artifact: org.jboss.logging:jboss-logging:jar:3.5.3.Final:runtime (sources = true)
2026.05.02 12:35:42 INFO  Downloading from central: https://repo.maven.apache.org/maven2/org/jboss/logging/jboss-logging/3.5.3.Final/jboss-logging-3.5.3.Final-sources.jar
2026.05.02 12:35:42 INFO  Progress (1): 7.7/46 kB
2026.05.02 12:35:42 INFO  Progress (1): 11/46 kB 
2026.05.02 12:35:42 INFO  Progress (1): 28/46 kB
2026.05.02 12:35:42 INFO  Progress (1): 44/46 kB
2026.05.02 12:35:42 INFO  Progress (1): 46 kB   
2026.05.02 12:35:43 INFO                     
2026.05.02 12:35:43 INFO  Downloaded from central: https://repo.maven.apache.org/maven2/org/jboss/logging/jboss-logging/3.5.3.Final/jboss-logging-3.5.3.Final-sources.jar (46 kB at 39 kB/s)
2026.05.02 12:35:43 INFO  [INFO] SUCCESS: org.jboss.logging:jboss-logging:jar:3.5.3.Final:runtime (sources = true)
2026.05.02 12:35:43 INFO  [INFO] Resolving artifact: org.springframework:spring-beans:jar:6.1.5:compile (sources = false)
2026.05.02 12:35:43 INFO  [INFO] SUCCESS: org.springframework:spring-beans:jar:6.1.5:compile (sources = false)
2026.05.02 12:35:43 INFO  [INFO] Resolving artifact: org.springframework:spring-beans:jar:6.1.5:compile (sources = true)
2026.05.02 12:35:43 INFO  Downloading from central: https://repo.maven.apache.org/maven2/org/springframework/spring-beans/6.1.5/spring-beans-6.1.5-sources.jar
2026.05.02 12:35:43 INFO  Progress (1): 3.2/722 kB
2026.05.02 12:35:43 INFO  Progress (1): 20/722 kB 
2026.05.02 12:35:43 INFO  Progress (1): 36/722 kB
2026.05.02 12:35:43 INFO  Progress (1): 52/722 kB
2026.05.02 12:35:43 INFO  Progress (1): 69/722 kB
2026.05.02 12:35:43 INFO  Progress (1): 85/722 kB
2026.05.02 12:35:43 INFO  Progress (1): 101/722 kB
2026.05.02 12:35:43 INFO  Progress (1): 118/722 kB
2026.05.02 12:35:43 INFO  Progress (1): 134/722 kB
2026.05.02 12:35:43 INFO  Progress (1): 151/722 kB
2026.05.02 12:35:43 INFO  Progress (1): 167/722 kB
2026.05.02 12:35:43 INFO  Progress (1): 183/722 kB
2026.05.02 12:35:43 INFO  Progress (1): 200/722 kB
2026.05.02 12:35:43 INFO  Progress (1): 216/722 kB
2026.05.02 12:35:43 INFO  Progress (1): 233/722 kB
2026.05.02 12:35:43 INFO  Progress (1): 249/722 kB
2026.05.02 12:35:43 INFO  Progress (1): 265/722 kB
2026.05.02 12:35:43 INFO  Progress (1): 282/722 kB
2026.05.02 12:35:43 INFO  Progress (1): 298/722 kB
2026.05.02 12:35:43 INFO  Progress (1): 314/722 kB
2026.05.02 12:35:43 INFO  Progress (1): 331/722 kB
2026.05.02 12:35:43 INFO  Progress (1): 347/722 kB
2026.05.02 12:35:43 INFO  Progress (1): 364/722 kB
2026.05.02 12:35:43 INFO  Progress (1): 380/722 kB
2026.05.02 12:35:43 INFO  Progress (1): 396/722 kB
2026.05.02 12:35:43 INFO  Progress (1): 413/722 kB
2026.05.02 12:35:43 INFO  Progress (1): 429/722 kB
2026.05.02 12:35:43 INFO  Progress (1): 446/722 kB
2026.05.02 12:35:43 INFO  Progress (1): 462/722 kB
2026.05.02 12:35:43 INFO  Progress (1): 478/722 kB
2026.05.02 12:35:43 INFO  Progress (1): 495/722 kB
2026.05.02 12:35:43 INFO  Progress (1): 511/722 kB
2026.05.02 12:35:43 INFO  Progress (1): 527/722 kB
2026.05.02 12:35:43 INFO  Progress (1): 544/722 kB
2026.05.02 12:35:43 INFO  Progress (1): 560/722 kB
2026.05.02 12:35:43 INFO  Progress (1): 577/722 kB
2026.05.02 12:35:43 INFO  Progress (1): 593/722 kB
2026.05.02 12:35:43 INFO  Progress (1): 609/722 kB
2026.05.02 12:35:43 INFO  Progress (1): 626/722 kB
2026.05.02 12:35:43 INFO  Progress (1): 642/722 kB
2026.05.02 12:35:43 INFO  Progress (1): 659/722 kB
2026.05.02 12:35:43 INFO  Progress (1): 675/722 kB
2026.05.02 12:35:43 INFO  Progress (1): 691/722 kB
2026.05.02 12:35:43 INFO  Progress (1): 708/722 kB
2026.05.02 12:35:43 INFO  Progress (1): 722 kB    
2026.05.02 12:35:43 INFO                      
2026.05.02 12:35:43 INFO  Downloaded from central: https://repo.maven.apache.org/maven2/org/springframework/spring-beans/6.1.5/spring-beans-6.1.5-sources.jar (722 kB at 2.0 MB/s)
2026.05.02 12:35:43 INFO  [INFO] SUCCESS: org.springframework:spring-beans:jar:6.1.5:compile (sources = true)
2026.05.02 12:35:43 INFO  [INFO] Resolving artifact: org.springframework.security:spring-security-core:jar:6.2.3:compile (sources = false)
2026.05.02 12:35:43 INFO  [INFO] SUCCESS: org.springframework.security:spring-security-core:jar:6.2.3:compile (sources = false)
2026.05.02 12:35:43 INFO  [INFO] Resolving artifact: org.springframework.security:spring-security-core:jar:6.2.3:compile (sources = true)
2026.05.02 12:35:43 INFO  Downloading from central: https://repo.maven.apache.org/maven2/org/springframework/security/spring-security-core/6.2.3/spring-security-core-6.2.3-sources.jar
2026.05.02 12:35:43 INFO  Progress (1): 3.2/505 kB
2026.05.02 12:35:43 INFO  Progress (1): 20/505 kB 
2026.05.02 12:35:43 INFO  Progress (1): 36/505 kB
2026.05.02 12:35:43 INFO  Progress (1): 52/505 kB
2026.05.02 12:35:43 INFO  Progress (1): 61/505 kB
2026.05.02 12:35:43 INFO  Progress (1): 77/505 kB
2026.05.02 12:35:43 INFO  Progress (1): 93/505 kB
2026.05.02 12:35:43 INFO  Progress (1): 110/505 kB
2026.05.02 12:35:43 INFO  Progress (1): 126/505 kB
2026.05.02 12:35:43 INFO  Progress (1): 134/505 kB
2026.05.02 12:35:43 INFO  Progress (1): 142/505 kB
2026.05.02 12:35:43 INFO  Progress (1): 159/505 kB
2026.05.02 12:35:43 INFO  Progress (1): 175/505 kB
2026.05.02 12:35:43 INFO  Progress (1): 192/505 kB
2026.05.02 12:35:43 INFO  Progress (1): 200/505 kB
2026.05.02 12:35:43 INFO  Progress (1): 216/505 kB
2026.05.02 12:35:43 INFO  Progress (1): 233/505 kB
2026.05.02 12:35:43 INFO  Progress (1): 249/505 kB
2026.05.02 12:35:43 INFO  Progress (1): 265/505 kB
2026.05.02 12:35:43 INFO  Progress (1): 282/505 kB
2026.05.02 12:35:43 INFO  Progress (1): 298/505 kB
2026.05.02 12:35:43 INFO  Progress (1): 314/505 kB
2026.05.02 12:35:43 INFO  Progress (1): 331/505 kB
2026.05.02 12:35:43 INFO  Progress (1): 347/505 kB
2026.05.02 12:35:43 INFO  Progress (1): 364/505 kB
2026.05.02 12:35:43 INFO  Progress (1): 380/505 kB
2026.05.02 12:35:43 INFO  Progress (1): 396/505 kB
2026.05.02 12:35:43 INFO  Progress (1): 413/505 kB
2026.05.02 12:35:43 INFO  Progress (1): 429/505 kB
2026.05.02 12:35:43 INFO  Progress (1): 446/505 kB
2026.05.02 12:35:43 INFO  Progress (1): 462/505 kB
2026.05.02 12:35:43 INFO  Progress (1): 478/505 kB
2026.05.02 12:35:43 INFO  Progress (1): 495/505 kB
2026.05.02 12:35:43 INFO  Progress (1): 505 kB    
2026.05.02 12:35:43 INFO                      
2026.05.02 12:35:43 INFO  Downloaded from central: https://repo.maven.apache.org/maven2/org/springframework/security/spring-security-core/6.2.3/spring-security-core-6.2.3-sources.jar (505 kB at 1.7 MB/s)
2026.05.02 12:35:43 INFO  [INFO] SUCCESS: org.springframework.security:spring-security-core:jar:6.2.3:compile (sources = true)
2026.05.02 12:35:43 INFO  [INFO] Resolving artifact: org.springframework.boot:spring-boot-actuator-autoconfigure:jar:3.2.4:compile (sources = false)
2026.05.02 12:35:43 INFO  [INFO] SUCCESS: org.springframework.boot:spring-boot-actuator-autoconfigure:jar:3.2.4:compile (sources = false)
2026.05.02 12:35:43 INFO  [INFO] Resolving artifact: org.springframework.boot:spring-boot-actuator-autoconfigure:jar:3.2.4:compile (sources = true)
2026.05.02 12:35:43 INFO  Downloading from central: https://repo.maven.apache.org/maven2/org/springframework/boot/spring-boot-actuator-autoconfigure/3.2.4/spring-boot-actuator-autoconfigure-3.2.4-sources.jar
2026.05.02 12:35:43 INFO  Progress (1): 7.7/534 kB
2026.05.02 12:35:43 INFO  Progress (1): 16/534 kB 
2026.05.02 12:35:43 INFO  Progress (1): 25/534 kB
2026.05.02 12:35:43 INFO  Progress (1): 41/534 kB
2026.05.02 12:35:43 INFO  Progress (1): 57/534 kB
2026.05.02 12:35:43 INFO  Progress (1): 74/534 kB
2026.05.02 12:35:43 INFO  Progress (1): 90/534 kB
2026.05.02 12:35:43 INFO  Progress (1): 94/534 kB
2026.05.02 12:35:43 INFO  Progress (1): 110/534 kB
2026.05.02 12:35:43 INFO  Progress (1): 123/534 kB
2026.05.02 12:35:43 INFO  Progress (1): 139/534 kB
2026.05.02 12:35:43 INFO  Progress (1): 156/534 kB
2026.05.02 12:35:43 INFO  Progress (1): 172/534 kB
2026.05.02 12:35:43 INFO  Progress (1): 188/534 kB
2026.05.02 12:35:43 INFO  Progress (1): 205/534 kB
2026.05.02 12:35:43 INFO  Progress (1): 221/534 kB
2026.05.02 12:35:43 INFO  Progress (1): 238/534 kB
2026.05.02 12:35:43 INFO  Progress (1): 254/534 kB
2026.05.02 12:35:43 INFO  Progress (1): 270/534 kB
2026.05.02 12:35:43 INFO  Progress (1): 287/534 kB
2026.05.02 12:35:43 INFO  Progress (1): 303/534 kB
2026.05.02 12:35:44 INFO  Progress (1): 319/534 kB
2026.05.02 12:35:44 INFO  Progress (1): 336/534 kB
2026.05.02 12:35:44 INFO  Progress (1): 352/534 kB
2026.05.02 12:35:44 INFO  Progress (1): 369/534 kB
2026.05.02 12:35:44 INFO  Progress (1): 385/534 kB
2026.05.02 12:35:44 INFO  Progress (1): 401/534 kB
2026.05.02 12:35:44 INFO  Progress (1): 418/534 kB
2026.05.02 12:35:44 INFO  Progress (1): 434/534 kB
2026.05.02 12:35:44 INFO  Progress (1): 451/534 kB
2026.05.02 12:35:44 INFO  Progress (1): 467/534 kB
2026.05.02 12:35:44 INFO  Progress (1): 483/534 kB
2026.05.02 12:35:44 INFO  Progress (1): 500/534 kB
2026.05.02 12:35:44 INFO  Progress (1): 516/534 kB
2026.05.02 12:35:44 INFO  Progress (1): 532/534 kB
2026.05.02 12:35:44 INFO  Progress (1): 534 kB    
2026.05.02 12:35:44 INFO                      
2026.05.02 12:35:44 INFO  Downloaded from central: https://repo.maven.apache.org/maven2/org/springframework/boot/spring-boot-actuator-autoconfigure/3.2.4/spring-boot-actuator-autoconfigure-3.2.4-sources.jar (534 kB at 1.2 MB/s)
2026.05.02 12:35:44 INFO  [INFO] SUCCESS: org.springframework.boot:spring-boot-actuator-autoconfigure:jar:3.2.4:compile (sources = true)
2026.05.02 12:35:44 INFO  [INFO] Resolving artifact: net.minidev:accessors-smart:jar:2.5.0:test (sources = false)
2026.05.02 12:35:44 INFO  [INFO] SUCCESS: net.minidev:accessors-smart:jar:2.5.0:test (sources = false)
2026.05.02 12:35:44 INFO  [INFO] Resolving artifact: net.minidev:accessors-smart:jar:2.5.0:test (sources = true)
2026.05.02 12:35:44 INFO  Downloading from central: https://repo.maven.apache.org/maven2/net/minidev/accessors-smart/2.5.0/accessors-smart-2.5.0-sources.jar
2026.05.02 12:35:44 INFO  Progress (1): 7.7/20 kB
2026.05.02 12:35:44 INFO  Progress (1): 16/20 kB 
2026.05.02 12:35:44 INFO  Progress (1): 20 kB   
2026.05.02 12:35:44 INFO                     
2026.05.02 12:35:44 INFO  Downloaded from central: https://repo.maven.apache.org/maven2/net/minidev/accessors-smart/2.5.0/accessors-smart-2.5.0-sources.jar (20 kB at 34 kB/s)
2026.05.02 12:35:44 INFO  [INFO] SUCCESS: net.minidev:accessors-smart:jar:2.5.0:test (sources = true)
2026.05.02 12:35:44 INFO  [INFO] Resolving artifact: org.assertj:assertj-core:jar:3.24.2:test (sources = false)
2026.05.02 12:35:44 INFO  [INFO] SUCCESS: org.assertj:assertj-core:jar:3.24.2:test (sources = false)
2026.05.02 12:35:44 INFO  [INFO] Resolving artifact: org.assertj:assertj-core:jar:3.24.2:test (sources = true)
2026.05.02 12:35:44 INFO  Downloading from central: https://repo.maven.apache.org/maven2/org/assertj/assertj-core/3.24.2/assertj-core-3.24.2-sources.jar
2026.05.02 12:35:44 INFO  Progress (1): 0/1.4 MB
2026.05.02 12:35:44 INFO  Progress (1): 0/1.4 MB
2026.05.02 12:35:44 INFO  Progress (1): 0/1.4 MB
2026.05.02 12:35:44 INFO  Progress (1): 0/1.4 MB
2026.05.02 12:35:44 INFO  Progress (1): 0.1/1.4 MB
2026.05.02 12:35:44 INFO  Progress (1): 0.1/1.4 MB
2026.05.02 12:35:44 INFO  Progress (1): 0.1/1.4 MB
2026.05.02 12:35:44 INFO  Progress (1): 0.1/1.4 MB
2026.05.02 12:35:44 INFO  Progress (1): 0.1/1.4 MB
2026.05.02 12:35:44 INFO  Progress (1): 0.1/1.4 MB
2026.05.02 12:35:44 INFO  Progress (1): 0.1/1.4 MB
2026.05.02 12:35:44 INFO  Progress (1): 0.1/1.4 MB
2026.05.02 12:35:44 INFO  Progress (1): 0.2/1.4 MB
2026.05.02 12:35:44 INFO  Progress (1): 0.2/1.4 MB
2026.05.02 12:35:44 INFO  Progress (1): 0.2/1.4 MB
2026.05.02 12:35:44 INFO  Progress (1): 0.2/1.4 MB
2026.05.02 12:35:44 INFO  Progress (1): 0.2/1.4 MB
2026.05.02 12:35:44 INFO  Progress (1): 0.2/1.4 MB
2026.05.02 12:35:44 INFO  Progress (1): 0.3/1.4 MB
2026.05.02 12:35:44 INFO  Progress (1): 0.3/1.4 MB
2026.05.02 12:35:44 INFO  Progress (1): 0.3/1.4 MB
2026.05.02 12:35:44 INFO  Progress (1): 0.3/1.4 MB
2026.05.02 12:35:44 INFO  Progress (1): 0.3/1.4 MB
2026.05.02 12:35:44 INFO  Progress (1): 0.3/1.4 MB
2026.05.02 12:35:44 INFO  Progress (1): 0.4/1.4 MB
2026.05.02 12:35:44 INFO  Progress (1): 0.4/1.4 MB
2026.05.02 12:35:44 INFO  Progress (1): 0.4/1.4 MB
2026.05.02 12:35:44 INFO  Progress (1): 0.4/1.4 MB
2026.05.02 12:35:44 INFO  Progress (1): 0.4/1.4 MB
2026.05.02 12:35:44 INFO  Progress (1): 0.4/1.4 MB
2026.05.02 12:35:44 INFO  Progress (1): 0.5/1.4 MB
2026.05.02 12:35:44 INFO  Progress (1): 0.5/1.4 MB
2026.05.02 12:35:44 INFO  Progress (1): 0.5/1.4 MB
2026.05.02 12:35:44 INFO  Progress (1): 0.5/1.4 MB
2026.05.02 12:35:44 INFO  Progress (1): 0.5/1.4 MB
2026.05.02 12:35:44 INFO  Progress (1): 0.5/1.4 MB
2026.05.02 12:35:44 INFO  Progress (1): 0.6/1.4 MB
2026.05.02 12:35:44 INFO  Progress (1): 0.6/1.4 MB
2026.05.02 12:35:44 INFO  Progress (1): 0.6/1.4 MB
2026.05.02 12:35:44 INFO  Progress (1): 0.6/1.4 MB
2026.05.02 12:35:45 INFO  Progress (1): 0.6/1.4 MB
2026.05.02 12:35:45 INFO  Progress (1): 0.6/1.4 MB
2026.05.02 12:35:45 INFO  Progress (1): 0.7/1.4 MB
2026.05.02 12:35:45 INFO  Progress (1): 0.7/1.4 MB
2026.05.02 12:35:45 INFO  Progress (1): 0.7/1.4 MB
2026.05.02 12:35:45 INFO  Progress (1): 0.7/1.4 MB
2026.05.02 12:35:45 INFO  Progress (1): 0.7/1.4 MB
2026.05.02 12:35:45 INFO  Progress (1): 0.7/1.4 MB
2026.05.02 12:35:45 INFO  Progress (1): 0.8/1.4 MB
2026.05.02 12:35:45 INFO  Progress (1): 0.8/1.4 MB
2026.05.02 12:35:45 INFO  Progress (1): 0.8/1.4 MB
2026.05.02 12:35:45 INFO  Progress (1): 0.8/1.4 MB
2026.05.02 12:35:45 INFO  Progress (1): 0.8/1.4 MB
2026.05.02 12:35:45 INFO  Progress (1): 0.8/1.4 MB
2026.05.02 12:35:45 INFO  Progress (1): 0.9/1.4 MB
2026.05.02 12:35:45 INFO  Progress (1): 0.9/1.4 MB
2026.05.02 12:35:45 INFO  Progress (1): 0.9/1.4 MB
2026.05.02 12:35:45 INFO  Progress (1): 0.9/1.4 MB
2026.05.02 12:35:45 INFO  Progress (1): 0.9/1.4 MB
2026.05.02 12:35:45 INFO  Progress (1): 0.9/1.4 MB
2026.05.02 12:35:45 INFO  Progress (1): 1.0/1.4 MB
2026.05.02 12:35:45 INFO  Progress (1): 1.0/1.4 MB
2026.05.02 12:35:45 INFO  Progress (1): 1.0/1.4 MB
2026.05.02 12:35:45 INFO  Progress (1): 1.0/1.4 MB
2026.05.02 12:35:45 INFO  Progress (1): 1.0/1.4 MB
2026.05.02 12:35:45 INFO  Progress (1): 1.0/1.4 MB
2026.05.02 12:35:45 INFO  Progress (1): 1.0/1.4 MB
2026.05.02 12:35:45 INFO  Progress (1): 1.1/1.4 MB
2026.05.02 12:35:45 INFO  Progress (1): 1.1/1.4 MB
2026.05.02 12:35:45 INFO  Progress (1): 1.1/1.4 MB
2026.05.02 12:35:45 INFO  Progress (1): 1.1/1.4 MB
2026.05.02 12:35:45 INFO  Progress (1): 1.1/1.4 MB
2026.05.02 12:35:45 INFO  Progress (1): 1.1/1.4 MB
2026.05.02 12:35:45 INFO  Progress (1): 1.2/1.4 MB
2026.05.02 12:35:45 INFO  Progress (1): 1.2/1.4 MB
2026.05.02 12:35:45 INFO  Progress (1): 1.2/1.4 MB
2026.05.02 12:35:45 INFO  Progress (1): 1.2/1.4 MB
2026.05.02 12:35:45 INFO  Progress (1): 1.2/1.4 MB
2026.05.02 12:35:45 INFO  Progress (1): 1.2/1.4 MB
2026.05.02 12:35:45 INFO  Progress (1): 1.3/1.4 MB
2026.05.02 12:35:45 INFO  Progress (1): 1.3/1.4 MB
2026.05.02 12:35:45 INFO  Progress (1): 1.3/1.4 MB
2026.05.02 12:35:45 INFO  Progress (1): 1.3/1.4 MB
2026.05.02 12:35:45 INFO  Progress (1): 1.3/1.4 MB
2026.05.02 12:35:45 INFO  Progress (1): 1.3/1.4 MB
2026.05.02 12:35:45 INFO  Progress (1): 1.4/1.4 MB
2026.05.02 12:35:45 INFO  Progress (1): 1.4/1.4 MB
2026.05.02 12:35:45 INFO  Progress (1): 1.4/1.4 MB
2026.05.02 12:35:45 INFO  Progress (1): 1.4 MB    
2026.05.02 12:35:45 INFO                      
2026.05.02 12:35:45 INFO  Downloaded from central: https://repo.maven.apache.org/maven2/org/assertj/assertj-core/3.24.2/assertj-core-3.24.2-sources.jar (1.4 MB at 3.2 MB/s)
2026.05.02 12:35:45 INFO  [INFO] SUCCESS: org.assertj:assertj-core:jar:3.24.2:test (sources = true)
2026.05.02 12:35:45 INFO  [INFO] Resolving artifact: org.slf4j:slf4j-api:jar:2.0.12:compile (sources = false)
2026.05.02 12:35:45 INFO  [INFO] SUCCESS: org.slf4j:slf4j-api:jar:2.0.12:compile (sources = false)
2026.05.02 12:35:45 INFO  [INFO] Resolving artifact: org.slf4j:slf4j-api:jar:2.0.12:compile (sources = true)
2026.05.02 12:35:45 INFO  Downloading from central: https://repo.maven.apache.org/maven2/org/slf4j/slf4j-api/2.0.12/slf4j-api-2.0.12-sources.jar
2026.05.02 12:35:45 INFO  Progress (1): 3.2/75 kB
2026.05.02 12:35:45 INFO  Progress (1): 11/75 kB 
2026.05.02 12:35:45 INFO  Progress (1): 28/75 kB
2026.05.02 12:35:45 INFO  Progress (1): 44/75 kB
2026.05.02 12:35:45 INFO  Progress (1): 52/75 kB
2026.05.02 12:35:45 INFO  Progress (1): 69/75 kB
2026.05.02 12:35:45 INFO  Progress (1): 75 kB   
2026.05.02 12:35:45 INFO                     
2026.05.02 12:35:45 INFO  Downloaded from central: https://repo.maven.apache.org/maven2/org/slf4j/slf4j-api/2.0.12/slf4j-api-2.0.12-sources.jar (75 kB at 485 kB/s)
2026.05.02 12:35:45 INFO  [INFO] SUCCESS: org.slf4j:slf4j-api:jar:2.0.12:compile (sources = true)
2026.05.02 12:35:45 INFO  [INFO] Resolving artifact: io.jsonwebtoken:jjwt-jackson:jar:0.11.5:runtime (sources = false)
2026.05.02 12:35:45 INFO  [INFO] SUCCESS: io.jsonwebtoken:jjwt-jackson:jar:0.11.5:runtime (sources = false)
2026.05.02 12:35:45 INFO  [INFO] Resolving artifact: io.jsonwebtoken:jjwt-jackson:jar:0.11.5:runtime (sources = true)
2026.05.02 12:35:45 INFO  Downloading from central: https://repo.maven.apache.org/maven2/io/jsonwebtoken/jjwt-jackson/0.11.5/jjwt-jackson-0.11.5-sources.jar
2026.05.02 12:35:45 INFO  Progress (1): 3.2/6.7 kB
2026.05.02 12:35:45 INFO  Progress (1): 6.7 kB    
2026.05.02 12:35:45 INFO                      
2026.05.02 12:35:45 INFO  Downloaded from central: https://repo.maven.apache.org/maven2/io/jsonwebtoken/jjwt-jackson/0.11.5/jjwt-jackson-0.11.5-sources.jar (6.7 kB at 26 kB/s)
2026.05.02 12:35:45 INFO  [INFO] SUCCESS: io.jsonwebtoken:jjwt-jackson:jar:0.11.5:runtime (sources = true)
2026.05.02 12:35:45 INFO  [INFO] Resolving artifact: com.fasterxml.jackson.datatype:jackson-datatype-jsr310:jar:2.15.4:compile (sources = false)
2026.05.02 12:35:45 INFO  [INFO] SUCCESS: com.fasterxml.jackson.datatype:jackson-datatype-jsr310:jar:2.15.4:compile (sources = false)
2026.05.02 12:35:45 INFO  [INFO] Resolving artifact: com.fasterxml.jackson.datatype:jackson-datatype-jsr310:jar:2.15.4:compile (sources = true)
2026.05.02 12:35:45 INFO  Downloading from central: https://repo.maven.apache.org/maven2/com/fasterxml/jackson/datatype/jackson-datatype-jsr310/2.15.4/jackson-datatype-jsr310-2.15.4-sources.jar
2026.05.02 12:35:45 INFO  Progress (1): 7.7/84 kB
2026.05.02 12:35:45 INFO  Progress (1): 8.2/84 kB
2026.05.02 12:35:45 INFO  Progress (1): 25/84 kB 
2026.05.02 12:35:45 INFO  Progress (1): 41/84 kB
2026.05.02 12:35:45 INFO  Progress (1): 57/84 kB
2026.05.02 12:35:45 INFO  Progress (1): 74/84 kB
2026.05.02 12:35:45 INFO  Progress (1): 84 kB   
2026.05.02 12:35:45 INFO                     
2026.05.02 12:35:45 INFO  Downloaded from central: https://repo.maven.apache.org/maven2/com/fasterxml/jackson/datatype/jackson-datatype-jsr310/2.15.4/jackson-datatype-jsr310-2.15.4-sources.jar (84 kB at 503 kB/s)
2026.05.02 12:35:45 INFO  [INFO] SUCCESS: com.fasterxml.jackson.datatype:jackson-datatype-jsr310:jar:2.15.4:compile (sources = true)
2026.05.02 12:35:45 INFO  [INFO] Resolving artifact: org.springframework.security:spring-security-test:jar:6.2.3:test (sources = false)
2026.05.02 12:35:45 INFO  [INFO] SUCCESS: org.springframework.security:spring-security-test:jar:6.2.3:test (sources = false)
2026.05.02 12:35:45 INFO  [INFO] Resolving artifact: org.springframework.security:spring-security-test:jar:6.2.3:test (sources = true)
2026.05.02 12:35:45 INFO  Downloading from central: https://repo.maven.apache.org/maven2/org/springframework/security/spring-security-test/6.2.3/spring-security-test-6.2.3-sources.jar
2026.05.02 12:35:45 INFO  Progress (1): 7.7/56 kB
2026.05.02 12:35:45 INFO  Progress (1): 16/56 kB 
2026.05.02 12:35:45 INFO  Progress (1): 32/56 kB
2026.05.02 12:35:45 INFO  Progress (1): 49/56 kB
2026.05.02 12:35:45 INFO  Progress (1): 56 kB   
2026.05.02 12:35:46 INFO                     
2026.05.02 12:35:46 INFO  Downloaded from central: https://repo.maven.apache.org/maven2/org/springframework/security/spring-security-test/6.2.3/spring-security-test-6.2.3-sources.jar (56 kB at 332 kB/s)
2026.05.02 12:35:46 INFO  [INFO] SUCCESS: org.springframework.security:spring-security-test:jar:6.2.3:test (sources = true)
2026.05.02 12:35:46 INFO  [INFO] Resolving artifact: org.springframework.boot:spring-boot-autoconfigure:jar:3.2.4:compile (sources = false)
2026.05.02 12:35:46 INFO  [INFO] SUCCESS: org.springframework.boot:spring-boot-autoconfigure:jar:3.2.4:compile (sources = false)
2026.05.02 12:35:46 INFO  [INFO] Resolving artifact: org.springframework.boot:spring-boot-autoconfigure:jar:3.2.4:compile (sources = true)
2026.05.02 12:35:46 INFO  [INFO] SUCCESS: org.springframework.boot:spring-boot-autoconfigure:jar:3.2.4:compile (sources = true)
2026.05.02 12:35:46 INFO  [INFO] Resolving artifact: net.bytebuddy:byte-buddy-agent:jar:1.14.12:test (sources = false)
2026.05.02 12:35:46 INFO  [INFO] SUCCESS: net.bytebuddy:byte-buddy-agent:jar:1.14.12:test (sources = false)
2026.05.02 12:35:46 INFO  [INFO] Resolving artifact: net.bytebuddy:byte-buddy-agent:jar:1.14.12:test (sources = true)
2026.05.02 12:35:46 INFO  Downloading from central: https://repo.maven.apache.org/maven2/net/bytebuddy/byte-buddy-agent/1.14.12/byte-buddy-agent-1.14.12-sources.jar
2026.05.02 12:35:46 INFO  Progress (1): 7.7/204 kB
2026.05.02 12:35:46 INFO  Progress (1): 11/204 kB 
2026.05.02 12:35:46 INFO  Progress (1): 28/204 kB
2026.05.02 12:35:46 INFO  Progress (1): 44/204 kB
2026.05.02 12:35:46 INFO  Progress (1): 61/204 kB
2026.05.02 12:35:46 INFO  Progress (1): 77/204 kB
2026.05.02 12:35:46 INFO  Progress (1): 93/204 kB
2026.05.02 12:35:46 INFO  Progress (1): 110/204 kB
2026.05.02 12:35:46 INFO  Progress (1): 126/204 kB
2026.05.02 12:35:46 INFO  Progress (1): 134/204 kB
2026.05.02 12:35:46 INFO  Progress (1): 151/204 kB
2026.05.02 12:35:46 INFO  Progress (1): 167/204 kB
2026.05.02 12:35:46 INFO  Progress (1): 183/204 kB
2026.05.02 12:35:46 INFO  Progress (1): 200/204 kB
2026.05.02 12:35:46 INFO  Progress (1): 204 kB    
2026.05.02 12:35:46 INFO                      
2026.05.02 12:35:46 INFO  Downloaded from central: https://repo.maven.apache.org/maven2/net/bytebuddy/byte-buddy-agent/1.14.12/byte-buddy-agent-1.14.12-sources.jar (204 kB at 1.1 MB/s)
2026.05.02 12:35:46 INFO  [INFO] SUCCESS: net.bytebuddy:byte-buddy-agent:jar:1.14.12:test (sources = true)
2026.05.02 12:35:46 INFO  [INFO] Resolving artifact: io.micrometer:micrometer-commons:jar:1.12.4:compile (sources = false)
2026.05.02 12:35:46 INFO  [INFO] SUCCESS: io.micrometer:micrometer-commons:jar:1.12.4:compile (sources = false)
2026.05.02 12:35:46 INFO  [INFO] Resolving artifact: io.micrometer:micrometer-commons:jar:1.12.4:compile (sources = true)
2026.05.02 12:35:46 INFO  Downloading from central: https://repo.maven.apache.org/maven2/io/micrometer/micrometer-commons/1.12.4/micrometer-commons-1.12.4-sources.jar
2026.05.02 12:35:46 INFO  Progress (1): 7.7/46 kB
2026.05.02 12:35:46 INFO  Progress (1): 16/46 kB 
2026.05.02 12:35:46 INFO  Progress (1): 28/46 kB
2026.05.02 12:35:46 INFO  Progress (1): 44/46 kB
2026.05.02 12:35:46 INFO  Progress (1): 46 kB   
2026.05.02 12:35:48 INFO                     
2026.05.02 12:35:48 INFO  Downloaded from central: https://repo.maven.apache.org/maven2/io/micrometer/micrometer-commons/1.12.4/micrometer-commons-1.12.4-sources.jar (46 kB at 36 kB/s)
2026.05.02 12:35:48 INFO  [INFO] SUCCESS: io.micrometer:micrometer-commons:jar:1.12.4:compile (sources = true)
2026.05.02 12:35:48 INFO  [INFO] Resolving artifact: org.hamcrest:hamcrest:jar:2.2:test (sources = false)
2026.05.02 12:35:48 INFO  [INFO] SUCCESS: org.hamcrest:hamcrest:jar:2.2:test (sources = false)
2026.05.02 12:35:48 INFO  [INFO] Resolving artifact: org.hamcrest:hamcrest:jar:2.2:test (sources = true)
2026.05.02 12:35:48 INFO  Downloading from central: https://repo.maven.apache.org/maven2/org/hamcrest/hamcrest/2.2/hamcrest-2.2-sources.jar
2026.05.02 12:35:53 INFO  Progress (1): 3.2/83 kB
2026.05.02 12:35:53 INFO  Progress (1): 20/83 kB 
2026.05.02 12:35:53 INFO  Progress (1): 36/83 kB
2026.05.02 12:35:53 INFO  Progress (1): 52/83 kB
2026.05.02 12:35:53 INFO  Progress (1): 69/83 kB
2026.05.02 12:35:53 INFO  Progress (1): 83 kB   
2026.05.02 12:35:53 INFO                     
2026.05.02 12:35:53 INFO  Downloaded from central: https://repo.maven.apache.org/maven2/org/hamcrest/hamcrest/2.2/hamcrest-2.2-sources.jar (83 kB at 16 kB/s)
2026.05.02 12:35:53 INFO  [INFO] SUCCESS: org.hamcrest:hamcrest:jar:2.2:test (sources = true)
2026.05.02 12:35:53 INFO  [INFO] Resolving artifact: org.springframework:spring-aop:jar:6.1.5:compile (sources = false)
2026.05.02 12:35:53 INFO  [INFO] SUCCESS: org.springframework:spring-aop:jar:6.1.5:compile (sources = false)
2026.05.02 12:35:53 INFO  [INFO] Resolving artifact: org.springframework:spring-aop:jar:6.1.5:compile (sources = true)
2026.05.02 12:35:53 INFO  Downloading from central: https://repo.maven.apache.org/maven2/org/springframework/spring-aop/6.1.5/spring-aop-6.1.5-sources.jar
2026.05.02 12:35:58 INFO  Progress (1): 7.7/371 kB
2026.05.02 12:35:58 INFO  Progress (1): 11/371 kB 
2026.05.02 12:35:58 INFO  Progress (1): 28/371 kB
2026.05.02 12:35:58 INFO  Progress (1): 44/371 kB
2026.05.02 12:35:58 INFO  Progress (1): 61/371 kB
2026.05.02 12:35:58 INFO  Progress (1): 77/371 kB
2026.05.02 12:35:58 INFO  Progress (1): 93/371 kB
2026.05.02 12:35:58 INFO  Progress (1): 110/371 kB
2026.05.02 12:35:58 INFO  Progress (1): 126/371 kB
2026.05.02 12:35:58 INFO  Progress (1): 134/371 kB
2026.05.02 12:35:58 INFO  Progress (1): 151/371 kB
2026.05.02 12:35:58 INFO  Progress (1): 167/371 kB
2026.05.02 12:35:58 INFO  Progress (1): 183/371 kB
2026.05.02 12:35:58 INFO  Progress (1): 200/371 kB
2026.05.02 12:35:58 INFO  Progress (1): 216/371 kB
2026.05.02 12:35:58 INFO  Progress (1): 233/371 kB
2026.05.02 12:35:58 INFO  Progress (1): 249/371 kB
2026.05.02 12:35:58 INFO  Progress (1): 265/371 kB
2026.05.02 12:35:58 INFO  Progress (1): 282/371 kB
2026.05.02 12:35:58 INFO  Progress (1): 298/371 kB
2026.05.02 12:35:58 INFO  Progress (1): 314/371 kB
2026.05.02 12:35:58 INFO  Progress (1): 331/371 kB
2026.05.02 12:35:58 INFO  Progress (1): 347/371 kB
2026.05.02 12:35:58 INFO  Progress (1): 364/371 kB
2026.05.02 12:35:58 INFO  Progress (1): 371 kB    
2026.05.02 12:35:58 INFO                      
2026.05.02 12:35:58 INFO  Downloaded from central: https://repo.maven.apache.org/maven2/org/springframework/spring-aop/6.1.5/spring-aop-6.1.5-sources.jar (371 kB at 70 kB/s)
2026.05.02 12:35:58 INFO  [INFO] SUCCESS: org.springframework:spring-aop:jar:6.1.5:compile (sources = true)
2026.05.02 12:35:58 INFO  [INFO] Resolving artifact: org.springframework.security:spring-security-config:jar:6.2.3:compile (sources = false)
2026.05.02 12:35:58 INFO  [INFO] SUCCESS: org.springframework.security:spring-security-config:jar:6.2.3:compile (sources = false)
2026.05.02 12:35:58 INFO  [INFO] Resolving artifact: org.springframework.security:spring-security-config:jar:6.2.3:compile (sources = true)
2026.05.02 12:35:58 INFO  Downloading from central: https://repo.maven.apache.org/maven2/org/springframework/security/spring-security-config/6.2.3/spring-security-config-6.2.3-sources.jar
2026.05.02 12:35:58 INFO  Progress (1): 0/1.2 MB
2026.05.02 12:35:58 INFO  Progress (1): 0/1.2 MB
2026.05.02 12:35:58 INFO  Progress (1): 0/1.2 MB
2026.05.02 12:35:58 INFO  Progress (1): 0/1.2 MB
2026.05.02 12:35:58 INFO  Progress (1): 0/1.2 MB
2026.05.02 12:35:58 INFO  Progress (1): 0.1/1.2 MB
2026.05.02 12:35:58 INFO  Progress (1): 0.1/1.2 MB
2026.05.02 12:35:58 INFO  Progress (1): 0.1/1.2 MB
2026.05.02 12:35:58 INFO  Progress (1): 0.1/1.2 MB
2026.05.02 12:35:58 INFO  Progress (1): 0.1/1.2 MB
2026.05.02 12:35:58 INFO  Progress (1): 0.1/1.2 MB
2026.05.02 12:35:58 INFO  Progress (1): 0.2/1.2 MB
2026.05.02 12:35:58 INFO  Progress (1): 0.2/1.2 MB
2026.05.02 12:35:58 INFO  Progress (1): 0.2/1.2 MB
2026.05.02 12:35:58 INFO  Progress (1): 0.2/1.2 MB
2026.05.02 12:35:58 INFO  Progress (1): 0.2/1.2 MB
2026.05.02 12:35:58 INFO  Progress (1): 0.2/1.2 MB
2026.05.02 12:35:58 INFO  Progress (1): 0.3/1.2 MB
2026.05.02 12:35:58 INFO  Progress (1): 0.3/1.2 MB
2026.05.02 12:35:58 INFO  Progress (1): 0.3/1.2 MB
2026.05.02 12:35:58 INFO  Progress (1): 0.3/1.2 MB
2026.05.02 12:35:58 INFO  Progress (1): 0.3/1.2 MB
2026.05.02 12:35:58 INFO  Progress (1): 0.3/1.2 MB
2026.05.02 12:35:58 INFO  Progress (1): 0.4/1.2 MB
2026.05.02 12:35:58 INFO  Progress (1): 0.4/1.2 MB
2026.05.02 12:35:58 INFO  Progress (1): 0.4/1.2 MB
2026.05.02 12:35:58 INFO  Progress (1): 0.4/1.2 MB
2026.05.02 12:35:58 INFO  Progress (1): 0.4/1.2 MB
2026.05.02 12:35:58 INFO  Progress (1): 0.4/1.2 MB
2026.05.02 12:35:58 INFO  Progress (1): 0.5/1.2 MB
2026.05.02 12:35:58 INFO  Progress (1): 0.5/1.2 MB
2026.05.02 12:35:58 INFO  Progress (1): 0.5/1.2 MB
2026.05.02 12:35:58 INFO  Progress (1): 0.5/1.2 MB
2026.05.02 12:35:58 INFO  Progress (1): 0.5/1.2 MB
2026.05.02 12:35:58 INFO  Progress (1): 0.5/1.2 MB
2026.05.02 12:35:58 INFO  Progress (1): 0.5/1.2 MB
2026.05.02 12:35:58 INFO  Progress (1): 0.6/1.2 MB
2026.05.02 12:35:58 INFO  Progress (1): 0.6/1.2 MB
2026.05.02 12:35:58 INFO  Progress (1): 0.6/1.2 MB
2026.05.02 12:35:58 INFO  Progress (1): 0.6/1.2 MB
2026.05.02 12:35:58 INFO  Progress (1): 0.6/1.2 MB
2026.05.02 12:35:58 INFO  Progress (1): 0.6/1.2 MB
2026.05.02 12:35:58 INFO  Progress (1): 0.7/1.2 MB
2026.05.02 12:35:58 INFO  Progress (1): 0.7/1.2 MB
2026.05.02 12:35:58 INFO  Progress (1): 0.7/1.2 MB
2026.05.02 12:35:58 INFO  Progress (1): 0.7/1.2 MB
2026.05.02 12:35:58 INFO  Progress (1): 0.7/1.2 MB
2026.05.02 12:35:58 INFO  Progress (1): 0.7/1.2 MB
2026.05.02 12:35:58 INFO  Progress (1): 0.8/1.2 MB
2026.05.02 12:35:58 INFO  Progress (1): 0.8/1.2 MB
2026.05.02 12:35:58 INFO  Progress (1): 0.8/1.2 MB
2026.05.02 12:35:58 INFO  Progress (1): 0.8/1.2 MB
2026.05.02 12:35:58 INFO  Progress (1): 0.8/1.2 MB
2026.05.02 12:35:58 INFO  Progress (1): 0.8/1.2 MB
2026.05.02 12:35:58 INFO  Progress (1): 0.9/1.2 MB
2026.05.02 12:35:58 INFO  Progress (1): 0.9/1.2 MB
2026.05.02 12:35:58 INFO  Progress (1): 0.9/1.2 MB
2026.05.02 12:35:58 INFO  Progress (1): 0.9/1.2 MB
2026.05.02 12:35:58 INFO  Progress (1): 0.9/1.2 MB
2026.05.02 12:35:58 INFO  Progress (1): 0.9/1.2 MB
2026.05.02 12:35:58 INFO  Progress (1): 1.0/1.2 MB
2026.05.02 12:35:58 INFO  Progress (1): 1.0/1.2 MB
2026.05.02 12:35:58 INFO  Progress (1): 1.0/1.2 MB
2026.05.02 12:35:58 INFO  Progress (1): 1.0/1.2 MB
2026.05.02 12:35:58 INFO  Progress (1): 1.0/1.2 MB
2026.05.02 12:35:58 INFO  Progress (1): 1.0/1.2 MB
2026.05.02 12:35:58 INFO  Progress (1): 1.1/1.2 MB
2026.05.02 12:35:58 INFO  Progress (1): 1.1/1.2 MB
2026.05.02 12:35:58 INFO  Progress (1): 1.1/1.2 MB
2026.05.02 12:35:58 INFO  Progress (1): 1.1/1.2 MB
2026.05.02 12:35:58 INFO  Progress (1): 1.1/1.2 MB
2026.05.02 12:35:58 INFO  Progress (1): 1.1/1.2 MB
2026.05.02 12:35:58 INFO  Progress (1): 1.2/1.2 MB
2026.05.02 12:35:58 INFO  Progress (1): 1.2/1.2 MB
2026.05.02 12:35:58 INFO  Progress (1): 1.2/1.2 MB
2026.05.02 12:35:58 INFO  Progress (1): 1.2/1.2 MB
2026.05.02 12:35:58 INFO  Progress (1): 1.2/1.2 MB
2026.05.02 12:35:58 INFO  Progress (1): 1.2/1.2 MB
2026.05.02 12:35:58 INFO  Progress (1): 1.2 MB    
2026.05.02 12:35:58 INFO                      
2026.05.02 12:35:58 INFO  Downloaded from central: https://repo.maven.apache.org/maven2/org/springframework/security/spring-security-config/6.2.3/spring-security-config-6.2.3-sources.jar (1.2 MB at 2.9 MB/s)
2026.05.02 12:35:58 INFO  [INFO] SUCCESS: org.springframework.security:spring-security-config:jar:6.2.3:compile (sources = true)
2026.05.02 12:35:58 INFO  [INFO] Resolving artifact: org.skyscreamer:jsonassert:jar:1.5.1:test (sources = false)
2026.05.02 12:35:58 INFO  [INFO] SUCCESS: org.skyscreamer:jsonassert:jar:1.5.1:test (sources = false)
2026.05.02 12:35:58 INFO  [INFO] Resolving artifact: org.skyscreamer:jsonassert:jar:1.5.1:test (sources = true)
2026.05.02 12:35:58 INFO  Downloading from central: https://repo.maven.apache.org/maven2/org/skyscreamer/jsonassert/1.5.1/jsonassert-1.5.1-sources.jar
2026.05.02 12:35:58 INFO  Progress (1): 3.2/30 kB
2026.05.02 12:35:58 INFO  Progress (1): 20/30 kB 
2026.05.02 12:35:58 INFO  Progress (1): 30 kB   
2026.05.02 12:36:00 INFO                     
2026.05.02 12:36:00 INFO  Downloaded from central: https://repo.maven.apache.org/maven2/org/skyscreamer/jsonassert/1.5.1/jsonassert-1.5.1-sources.jar (30 kB at 27 kB/s)
2026.05.02 12:36:00 INFO  [INFO] SUCCESS: org.skyscreamer:jsonassert:jar:1.5.1:test (sources = true)
2026.05.02 12:36:00 INFO  [INFO] Resolving artifact: org.springframework:spring-jcl:jar:6.1.5:compile (sources = false)
2026.05.02 12:36:00 INFO  [INFO] SUCCESS: org.springframework:spring-jcl:jar:6.1.5:compile (sources = false)
2026.05.02 12:36:00 INFO  [INFO] Resolving artifact: org.springframework:spring-jcl:jar:6.1.5:compile (sources = true)
2026.05.02 12:36:00 INFO  Downloading from central: https://repo.maven.apache.org/maven2/org/springframework/spring-jcl/6.1.5/spring-jcl-6.1.5-sources.jar
2026.05.02 12:36:00 INFO  Progress (1): 7.7/13 kB
2026.05.02 12:36:00 INFO  Progress (1): 11/13 kB 
2026.05.02 12:36:00 INFO  Progress (1): 13 kB   
2026.05.02 12:36:00 INFO                     
2026.05.02 12:36:00 INFO  Downloaded from central: https://repo.maven.apache.org/maven2/org/springframework/spring-jcl/6.1.5/spring-jcl-6.1.5-sources.jar (13 kB at 21 kB/s)
2026.05.02 12:36:00 INFO  [INFO] SUCCESS: org.springframework:spring-jcl:jar:6.1.5:compile (sources = true)
2026.05.02 12:36:00 INFO  [INFO] Resolving artifact: org.awaitility:awaitility:jar:4.2.0:test (sources = false)
2026.05.02 12:36:00 INFO  [INFO] SUCCESS: org.awaitility:awaitility:jar:4.2.0:test (sources = false)
2026.05.02 12:36:00 INFO  [INFO] Resolving artifact: org.awaitility:awaitility:jar:4.2.0:test (sources = true)
2026.05.02 12:36:00 INFO  Downloading from central: https://repo.maven.apache.org/maven2/org/awaitility/awaitility/4.2.0/awaitility-4.2.0-sources.jar
2026.05.02 12:36:00 INFO  Progress (1): 7.7/78 kB
2026.05.02 12:36:00 INFO  Progress (1): 8.2/78 kB
2026.05.02 12:36:00 INFO  Progress (1): 25/78 kB 
2026.05.02 12:36:00 INFO  Progress (1): 41/78 kB
2026.05.02 12:36:00 INFO  Progress (1): 57/78 kB
2026.05.02 12:36:00 INFO  Progress (1): 74/78 kB
2026.05.02 12:36:00 INFO  Progress (1): 78 kB   
2026.05.02 12:36:00 INFO                     
2026.05.02 12:36:00 INFO  Downloaded from central: https://repo.maven.apache.org/maven2/org/awaitility/awaitility/4.2.0/awaitility-4.2.0-sources.jar (78 kB at 243 kB/s)
2026.05.02 12:36:00 INFO  [INFO] SUCCESS: org.awaitility:awaitility:jar:4.2.0:test (sources = true)
2026.05.02 12:36:00 INFO  [INFO] Resolving artifact: org.springframework:spring-expression:jar:6.1.5:compile (sources = false)
2026.05.02 12:36:00 INFO  [INFO] SUCCESS: org.springframework:spring-expression:jar:6.1.5:compile (sources = false)
2026.05.02 12:36:00 INFO  [INFO] Resolving artifact: org.springframework:spring-expression:jar:6.1.5:compile (sources = true)
2026.05.02 12:36:00 INFO  Downloading from central: https://repo.maven.apache.org/maven2/org/springframework/spring-expression/6.1.5/spring-expression-6.1.5-sources.jar
2026.05.02 12:36:01 INFO  Progress (1): 7.7/224 kB
2026.05.02 12:36:01 INFO  Progress (1): 8.2/224 kB
2026.05.02 12:36:01 INFO  Progress (1): 25/224 kB 
2026.05.02 12:36:01 INFO  Progress (1): 41/224 kB
2026.05.02 12:36:01 INFO  Progress (1): 57/224 kB
2026.05.02 12:36:01 INFO  Progress (1): 74/224 kB
2026.05.02 12:36:01 INFO  Progress (1): 90/224 kB
2026.05.02 12:36:01 INFO  Progress (1): 106/224 kB
2026.05.02 12:36:01 INFO  Progress (1): 123/224 kB
2026.05.02 12:36:01 INFO  Progress (1): 139/224 kB
2026.05.02 12:36:01 INFO  Progress (1): 156/224 kB
2026.05.02 12:36:01 INFO  Progress (1): 172/224 kB
2026.05.02 12:36:01 INFO  Progress (1): 188/224 kB
2026.05.02 12:36:01 INFO  Progress (1): 205/224 kB
2026.05.02 12:36:01 INFO  Progress (1): 221/224 kB
2026.05.02 12:36:01 INFO  Progress (1): 224 kB    
2026.05.02 12:36:01 INFO                      
2026.05.02 12:36:01 INFO  Downloaded from central: https://repo.maven.apache.org/maven2/org/springframework/spring-expression/6.1.5/spring-expression-6.1.5-sources.jar (224 kB at 1.2 MB/s)
2026.05.02 12:36:01 INFO  [INFO] SUCCESS: org.springframework:spring-expression:jar:6.1.5:compile (sources = true)
2026.05.02 12:36:01 INFO  [INFO] Resolving artifact: org.apache.logging.log4j:log4j-api:jar:2.21.1:compile (sources = false)
2026.05.02 12:36:01 INFO  [INFO] SUCCESS: org.apache.logging.log4j:log4j-api:jar:2.21.1:compile (sources = false)
2026.05.02 12:36:01 INFO  [INFO] Resolving artifact: org.apache.logging.log4j:log4j-api:jar:2.21.1:compile (sources = true)
2026.05.02 12:36:01 INFO  Downloading from central: https://repo.maven.apache.org/maven2/org/apache/logging/log4j/log4j-api/2.21.1/log4j-api-2.21.1-sources.jar
2026.05.02 12:36:01 INFO  Progress (1): 7.7/272 kB
2026.05.02 12:36:01 INFO  Progress (1): 8.2/272 kB
2026.05.02 12:36:01 INFO  Progress (1): 25/272 kB 
2026.05.02 12:36:01 INFO  Progress (1): 33/272 kB
2026.05.02 12:36:01 INFO  Progress (1): 41/272 kB
2026.05.02 12:36:01 INFO  Progress (1): 49/272 kB
2026.05.02 12:36:01 INFO  Progress (1): 66/272 kB
2026.05.02 12:36:01 INFO  Progress (1): 82/272 kB
2026.05.02 12:36:01 INFO  Progress (1): 98/272 kB
2026.05.02 12:36:01 INFO  Progress (1): 115/272 kB
2026.05.02 12:36:01 INFO  Progress (1): 131/272 kB
2026.05.02 12:36:01 INFO  Progress (1): 147/272 kB
2026.05.02 12:36:01 INFO  Progress (1): 164/272 kB
2026.05.02 12:36:01 INFO  Progress (1): 180/272 kB
2026.05.02 12:36:01 INFO  Progress (1): 197/272 kB
2026.05.02 12:36:01 INFO  Progress (1): 213/272 kB
2026.05.02 12:36:01 INFO  Progress (1): 229/272 kB
2026.05.02 12:36:01 INFO  Progress (1): 246/272 kB
2026.05.02 12:36:01 INFO  Progress (1): 262/272 kB
2026.05.02 12:36:01 INFO  Progress (1): 272 kB    
2026.05.02 12:36:01 INFO                      
2026.05.02 12:36:01 INFO  Downloaded from central: https://repo.maven.apache.org/maven2/org/apache/logging/log4j/log4j-api/2.21.1/log4j-api-2.21.1-sources.jar (272 kB at 1.4 MB/s)
2026.05.02 12:36:01 INFO  [INFO] SUCCESS: org.apache.logging.log4j:log4j-api:jar:2.21.1:compile (sources = true)
2026.05.02 12:36:01 INFO  [INFO] Resolving artifact: org.springframework.boot:spring-boot-starter-security:jar:3.2.4:compile (sources = false)
2026.05.02 12:36:01 INFO  [INFO] SUCCESS: org.springframework.boot:spring-boot-starter-security:jar:3.2.4:compile (sources = false)
2026.05.02 12:36:01 INFO  [INFO] Resolving artifact: org.springframework.boot:spring-boot-starter-security:jar:3.2.4:compile (sources = true)
2026.05.02 12:36:01 INFO  Downloading from central: https://repo.maven.apache.org/maven2/org/springframework/boot/spring-boot-starter-security/3.2.4/spring-boot-starter-security-3.2.4-sources.jar
2026.05.02 12:36:01 INFO  Progress (1): 4.7 kB
2026.05.02 12:36:01 INFO                      
2026.05.02 12:36:01 INFO  Downloaded from central: https://repo.maven.apache.org/maven2/org/springframework/boot/spring-boot-starter-security/3.2.4/spring-boot-starter-security-3.2.4-sources.jar (4.7 kB at 33 kB/s)
2026.05.02 12:36:01 INFO  [INFO] SUCCESS: org.springframework.boot:spring-boot-starter-security:jar:3.2.4:compile (sources = true)
2026.05.02 12:36:01 INFO  [INFO] Resolving artifact: io.micrometer:micrometer-jakarta9:jar:1.12.4:compile (sources = false)
2026.05.02 12:36:01 INFO  [INFO] SUCCESS: io.micrometer:micrometer-jakarta9:jar:1.12.4:compile (sources = false)
2026.05.02 12:36:01 INFO  [INFO] Resolving artifact: io.micrometer:micrometer-jakarta9:jar:1.12.4:compile (sources = true)
2026.05.02 12:36:01 INFO  Downloading from central: https://repo.maven.apache.org/maven2/io/micrometer/micrometer-jakarta9/1.12.4/micrometer-jakarta9-1.12.4-sources.jar
2026.05.02 12:36:01 INFO  Progress (1): 7.7/17 kB
2026.05.02 12:36:01 INFO  Progress (1): 11/17 kB 
2026.05.02 12:36:01 INFO  Progress (1): 17 kB   
2026.05.02 12:36:02 INFO                     
2026.05.02 12:36:02 INFO  Downloaded from central: https://repo.maven.apache.org/maven2/io/micrometer/micrometer-jakarta9/1.12.4/micrometer-jakarta9-1.12.4-sources.jar (17 kB at 26 kB/s)
2026.05.02 12:36:02 INFO  [INFO] SUCCESS: io.micrometer:micrometer-jakarta9:jar:1.12.4:compile (sources = true)
2026.05.02 12:36:02 INFO  [INFO] Resolving artifact: org.junit.jupiter:junit-jupiter-engine:jar:5.10.2:test (sources = false)
2026.05.02 12:36:02 INFO  [INFO] SUCCESS: org.junit.jupiter:junit-jupiter-engine:jar:5.10.2:test (sources = false)
2026.05.02 12:36:02 INFO  [INFO] Resolving artifact: org.junit.jupiter:junit-jupiter-engine:jar:5.10.2:test (sources = true)
2026.05.02 12:36:02 INFO  Downloading from central: https://repo.maven.apache.org/maven2/org/junit/jupiter/junit-jupiter-engine/5.10.2/junit-jupiter-engine-5.10.2-sources.jar
2026.05.02 12:36:02 INFO  Progress (1): 8.2/131 kB
2026.05.02 12:36:02 INFO  Progress (1): 25/131 kB 
2026.05.02 12:36:02 INFO  Progress (1): 41/131 kB
2026.05.02 12:36:02 INFO  Progress (1): 57/131 kB
2026.05.02 12:36:02 INFO  Progress (1): 66/131 kB
2026.05.02 12:36:02 INFO  Progress (1): 82/131 kB
2026.05.02 12:36:02 INFO  Progress (1): 98/131 kB
2026.05.02 12:36:02 INFO  Progress (1): 115/131 kB
2026.05.02 12:36:02 INFO  Progress (1): 131/131 kB
2026.05.02 12:36:02 INFO  Progress (1): 131 kB    
2026.05.02 12:36:02 INFO                      
2026.05.02 12:36:02 INFO  Downloaded from central: https://repo.maven.apache.org/maven2/org/junit/jupiter/junit-jupiter-engine/5.10.2/junit-jupiter-engine-5.10.2-sources.jar (131 kB at 411 kB/s)
2026.05.02 12:36:02 INFO  [INFO] SUCCESS: org.junit.jupiter:junit-jupiter-engine:jar:5.10.2:test (sources = true)
2026.05.02 12:36:02 INFO  [INFO] Resolving artifact: org.springframework:spring-aspects:jar:6.1.5:compile (sources = false)
2026.05.02 12:36:02 INFO  [INFO] SUCCESS: org.springframework:spring-aspects:jar:6.1.5:compile (sources = false)
2026.05.02 12:36:02 INFO  [INFO] Resolving artifact: org.springframework:spring-aspects:jar:6.1.5:compile (sources = true)
2026.05.02 12:36:02 INFO  Downloading from central: https://repo.maven.apache.org/maven2/org/springframework/spring-aspects/6.1.5/spring-aspects-6.1.5-sources.jar
2026.05.02 12:36:02 INFO  Progress (1): 7.7/33 kB
2026.05.02 12:36:02 INFO  Progress (1): 16/33 kB 
2026.05.02 12:36:02 INFO  Progress (1): 28/33 kB
2026.05.02 12:36:02 INFO  Progress (1): 33 kB   
2026.05.02 12:36:04 INFO                     
2026.05.02 12:36:04 INFO  Downloaded from central: https://repo.maven.apache.org/maven2/org/springframework/spring-aspects/6.1.5/spring-aspects-6.1.5-sources.jar (33 kB at 28 kB/s)
2026.05.02 12:36:04 INFO  [INFO] SUCCESS: org.springframework:spring-aspects:jar:6.1.5:compile (sources = true)
2026.05.02 12:36:04 INFO  [INFO] Resolving artifact: org.glassfish.jaxb:jaxb-core:jar:4.0.5:runtime (sources = false)
2026.05.02 12:36:04 INFO  [INFO] SUCCESS: org.glassfish.jaxb:jaxb-core:jar:4.0.5:runtime (sources = false)
2026.05.02 12:36:04 INFO  [INFO] Resolving artifact: org.glassfish.jaxb:jaxb-core:jar:4.0.5:runtime (sources = true)
2026.05.02 12:36:04 INFO  Downloading from central: https://repo.maven.apache.org/maven2/org/glassfish/jaxb/jaxb-core/4.0.5/jaxb-core-4.0.5-sources.jar
2026.05.02 12:36:04 INFO  Progress (1): 7.7/132 kB
2026.05.02 12:36:04 INFO  Progress (1): 16/132 kB 
2026.05.02 12:36:04 INFO  Progress (1): 25/132 kB
2026.05.02 12:36:04 INFO  Progress (1): 41/132 kB
2026.05.02 12:36:04 INFO  Progress (1): 57/132 kB
2026.05.02 12:36:04 INFO  Progress (1): 74/132 kB
2026.05.02 12:36:04 INFO  Progress (1): 90/132 kB
2026.05.02 12:36:04 INFO  Progress (1): 106/132 kB
2026.05.02 12:36:04 INFO  Progress (1): 123/132 kB
2026.05.02 12:36:04 INFO  Progress (1): 132 kB    
2026.05.02 12:36:04 INFO                      
2026.05.02 12:36:04 INFO  Downloaded from central: https://repo.maven.apache.org/maven2/org/glassfish/jaxb/jaxb-core/4.0.5/jaxb-core-4.0.5-sources.jar (132 kB at 144 kB/s)
2026.05.02 12:36:04 INFO  [INFO] SUCCESS: org.glassfish.jaxb:jaxb-core:jar:4.0.5:runtime (sources = true)
2026.05.02 12:36:04 INFO  [INFO] Resolving artifact: org.springframework.boot:spring-boot-starter-jdbc:jar:3.2.4:compile (sources = false)
2026.05.02 12:36:04 INFO  [INFO] SUCCESS: org.springframework.boot:spring-boot-starter-jdbc:jar:3.2.4:compile (sources = false)
2026.05.02 12:36:04 INFO  [INFO] Resolving artifact: org.springframework.boot:spring-boot-starter-jdbc:jar:3.2.4:compile (sources = true)
2026.05.02 12:36:04 INFO  Downloading from central: https://repo.maven.apache.org/maven2/org/springframework/boot/spring-boot-starter-jdbc/3.2.4/spring-boot-starter-jdbc-3.2.4-sources.jar
2026.05.02 12:36:05 INFO  Progress (1): 3.2/4.7 kB
2026.05.02 12:36:05 INFO  Progress (1): 4.7 kB    
2026.05.02 12:36:05 INFO                      
2026.05.02 12:36:05 INFO  Downloaded from central: https://repo.maven.apache.org/maven2/org/springframework/boot/spring-boot-starter-jdbc/3.2.4/spring-boot-starter-jdbc-3.2.4-sources.jar (4.7 kB at 31 kB/s)
2026.05.02 12:36:05 INFO  [INFO] SUCCESS: org.springframework.boot:spring-boot-starter-jdbc:jar:3.2.4:compile (sources = true)
2026.05.02 12:36:05 INFO  [INFO] Resolving artifact: org.springframework.boot:spring-boot-starter-logging:jar:3.2.4:compile (sources = false)
2026.05.02 12:36:05 INFO  [INFO] SUCCESS: org.springframework.boot:spring-boot-starter-logging:jar:3.2.4:compile (sources = false)
2026.05.02 12:36:05 INFO  [INFO] Resolving artifact: org.springframework.boot:spring-boot-starter-logging:jar:3.2.4:compile (sources = true)
2026.05.02 12:36:05 INFO  Downloading from central: https://repo.maven.apache.org/maven2/org/springframework/boot/spring-boot-starter-logging/3.2.4/spring-boot-starter-logging-3.2.4-sources.jar
2026.05.02 12:36:05 INFO  Progress (1): 4.7 kB
2026.05.02 12:36:05 INFO                      
2026.05.02 12:36:05 INFO  Downloaded from central: https://repo.maven.apache.org/maven2/org/springframework/boot/spring-boot-starter-logging/3.2.4/spring-boot-starter-logging-3.2.4-sources.jar (4.7 kB at 29 kB/s)
2026.05.02 12:36:05 INFO  [INFO] SUCCESS: org.springframework.boot:spring-boot-starter-logging:jar:3.2.4:compile (sources = true)
2026.05.02 12:36:05 INFO  [INFO] Resolving artifact: net.bytebuddy:byte-buddy:jar:1.14.12:runtime (sources = false)
2026.05.02 12:36:05 INFO  [INFO] SUCCESS: net.bytebuddy:byte-buddy:jar:1.14.12:runtime (sources = false)
2026.05.02 12:36:05 INFO  [INFO] Resolving artifact: net.bytebuddy:byte-buddy:jar:1.14.12:runtime (sources = true)
2026.05.02 12:36:05 INFO  Downloading from central: https://repo.maven.apache.org/maven2/net/bytebuddy/byte-buddy/1.14.12/byte-buddy-1.14.12-sources.jar
2026.05.02 12:36:05 INFO  Progress (1): 0/1.4 MB
2026.05.02 12:36:05 INFO  Progress (1): 0/1.4 MB
2026.05.02 12:36:05 INFO  Progress (1): 0/1.4 MB
2026.05.02 12:36:05 INFO  Progress (1): 0/1.4 MB
2026.05.02 12:36:05 INFO  Progress (1): 0.1/1.4 MB
2026.05.02 12:36:05 INFO  Progress (1): 0.1/1.4 MB
2026.05.02 12:36:05 INFO  Progress (1): 0.1/1.4 MB
2026.05.02 12:36:05 INFO  Progress (1): 0.1/1.4 MB
2026.05.02 12:36:05 INFO  Progress (1): 0.1/1.4 MB
2026.05.02 12:36:05 INFO  Progress (1): 0.1/1.4 MB
2026.05.02 12:36:05 INFO  Progress (1): 0.2/1.4 MB
2026.05.02 12:36:05 INFO  Progress (1): 0.2/1.4 MB
2026.05.02 12:36:05 INFO  Progress (1): 0.2/1.4 MB
2026.05.02 12:36:05 INFO  Progress (1): 0.2/1.4 MB
2026.05.02 12:36:05 INFO  Progress (1): 0.2/1.4 MB
2026.05.02 12:36:05 INFO  Progress (1): 0.2/1.4 MB
2026.05.02 12:36:05 INFO  Progress (1): 0.2/1.4 MB
2026.05.02 12:36:05 INFO  Progress (1): 0.3/1.4 MB
2026.05.02 12:36:05 INFO  Progress (1): 0.3/1.4 MB
2026.05.02 12:36:05 INFO  Progress (1): 0.3/1.4 MB
2026.05.02 12:36:05 INFO  Progress (1): 0.3/1.4 MB
2026.05.02 12:36:05 INFO  Progress (1): 0.3/1.4 MB
2026.05.02 12:36:05 INFO  Progress (1): 0.3/1.4 MB
2026.05.02 12:36:05 INFO  Progress (1): 0.4/1.4 MB
2026.05.02 12:36:05 INFO  Progress (1): 0.4/1.4 MB
2026.05.02 12:36:05 INFO  Progress (1): 0.4/1.4 MB
2026.05.02 12:36:05 INFO  Progress (1): 0.4/1.4 MB
2026.05.02 12:36:05 INFO  Progress (1): 0.4/1.4 MB
2026.05.02 12:36:05 INFO  Progress (1): 0.4/1.4 MB
2026.05.02 12:36:05 INFO  Progress (1): 0.5/1.4 MB
2026.05.02 12:36:05 INFO  Progress (1): 0.5/1.4 MB
2026.05.02 12:36:05 INFO  Progress (1): 0.5/1.4 MB
2026.05.02 12:36:05 INFO  Progress (1): 0.5/1.4 MB
2026.05.02 12:36:05 INFO  Progress (1): 0.5/1.4 MB
2026.05.02 12:36:05 INFO  Progress (1): 0.5/1.4 MB
2026.05.02 12:36:05 INFO  Progress (1): 0.6/1.4 MB
2026.05.02 12:36:05 INFO  Progress (1): 0.6/1.4 MB
2026.05.02 12:36:05 INFO  Progress (1): 0.6/1.4 MB
2026.05.02 12:36:05 INFO  Progress (1): 0.6/1.4 MB
2026.05.02 12:36:05 INFO  Progress (1): 0.6/1.4 MB
2026.05.02 12:36:05 INFO  Progress (1): 0.6/1.4 MB
2026.05.02 12:36:05 INFO  Progress (1): 0.7/1.4 MB
2026.05.02 12:36:05 INFO  Progress (1): 0.7/1.4 MB
2026.05.02 12:36:05 INFO  Progress (1): 0.7/1.4 MB
2026.05.02 12:36:05 INFO  Progress (1): 0.7/1.4 MB
2026.05.02 12:36:05 INFO  Progress (1): 0.7/1.4 MB
2026.05.02 12:36:05 INFO  Progress (1): 0.7/1.4 MB
2026.05.02 12:36:05 INFO  Progress (1): 0.8/1.4 MB
2026.05.02 12:36:05 INFO  Progress (1): 0.8/1.4 MB
2026.05.02 12:36:05 INFO  Progress (1): 0.8/1.4 MB
2026.05.02 12:36:05 INFO  Progress (1): 0.8/1.4 MB
2026.05.02 12:36:05 INFO  Progress (1): 0.8/1.4 MB
2026.05.02 12:36:05 INFO  Progress (1): 0.8/1.4 MB
2026.05.02 12:36:05 INFO  Progress (1): 0.9/1.4 MB
2026.05.02 12:36:05 INFO  Progress (1): 0.9/1.4 MB
2026.05.02 12:36:05 INFO  Progress (1): 0.9/1.4 MB
2026.05.02 12:36:05 INFO  Progress (1): 0.9/1.4 MB
2026.05.02 12:36:05 INFO  Progress (1): 0.9/1.4 MB
2026.05.02 12:36:05 INFO  Progress (1): 0.9/1.4 MB
2026.05.02 12:36:05 INFO  Progress (1): 1.0/1.4 MB
2026.05.02 12:36:05 INFO  Progress (1): 1.0/1.4 MB
2026.05.02 12:36:05 INFO  Progress (1): 1.0/1.4 MB
2026.05.02 12:36:05 INFO  Progress (1): 1.0/1.4 MB
2026.05.02 12:36:05 INFO  Progress (1): 1.0/1.4 MB
2026.05.02 12:36:05 INFO  Progress (1): 1.0/1.4 MB
2026.05.02 12:36:05 INFO  Progress (1): 1.1/1.4 MB
2026.05.02 12:36:05 INFO  Progress (1): 1.1/1.4 MB
2026.05.02 12:36:05 INFO  Progress (1): 1.1/1.4 MB
2026.05.02 12:36:05 INFO  Progress (1): 1.1/1.4 MB
2026.05.02 12:36:05 INFO  Progress (1): 1.1/1.4 MB
2026.05.02 12:36:05 INFO  Progress (1): 1.1/1.4 MB
2026.05.02 12:36:05 INFO  Progress (1): 1.2/1.4 MB
2026.05.02 12:36:05 INFO  Progress (1): 1.2/1.4 MB
2026.05.02 12:36:05 INFO  Progress (1): 1.2/1.4 MB
2026.05.02 12:36:05 INFO  Progress (1): 1.2/1.4 MB
2026.05.02 12:36:05 INFO  Progress (1): 1.2/1.4 MB
2026.05.02 12:36:05 INFO  Progress (1): 1.2/1.4 MB
2026.05.02 12:36:05 INFO  Progress (1): 1.2/1.4 MB
2026.05.02 12:36:05 INFO  Progress (1): 1.3/1.4 MB
2026.05.02 12:36:05 INFO  Progress (1): 1.3/1.4 MB
2026.05.02 12:36:05 INFO  Progress (1): 1.3/1.4 MB
2026.05.02 12:36:05 INFO  Progress (1): 1.3/1.4 MB
2026.05.02 12:36:05 INFO  Progress (1): 1.3/1.4 MB
2026.05.02 12:36:05 INFO  Progress (1): 1.3/1.4 MB
2026.05.02 12:36:05 INFO  Progress (1): 1.4/1.4 MB
2026.05.02 12:36:05 INFO  Progress (1): 1.4/1.4 MB
2026.05.02 12:36:05 INFO  Progress (1): 1.4/1.4 MB
2026.05.02 12:36:05 INFO  Progress (1): 1.4 MB    
2026.05.02 12:36:05 INFO                      
2026.05.02 12:36:05 INFO  Downloaded from central: https://repo.maven.apache.org/maven2/net/bytebuddy/byte-buddy/1.14.12/byte-buddy-1.14.12-sources.jar (1.4 MB at 3.6 MB/s)
2026.05.02 12:36:05 INFO  [INFO] SUCCESS: net.bytebuddy:byte-buddy:jar:1.14.12:runtime (sources = true)
2026.05.02 12:36:05 INFO  [INFO] Resolving artifact: org.objenesis:objenesis:jar:3.3:test (sources = false)
2026.05.02 12:36:05 INFO  [INFO] SUCCESS: org.objenesis:objenesis:jar:3.3:test (sources = false)
2026.05.02 12:36:05 INFO  [INFO] Resolving artifact: org.objenesis:objenesis:jar:3.3:test (sources = true)
2026.05.02 12:36:05 INFO  [INFO] SUCCESS: org.objenesis:objenesis:jar:3.3:test (sources = true)
2026.05.02 12:36:05 INFO  [INFO] Resolving artifact: org.hibernate.common:hibernate-commons-annotations:jar:6.0.6.Final:runtime (sources = false)
2026.05.02 12:36:05 INFO  [INFO] SUCCESS: org.hibernate.common:hibernate-commons-annotations:jar:6.0.6.Final:runtime (sources = false)
2026.05.02 12:36:05 INFO  [INFO] Resolving artifact: org.hibernate.common:hibernate-commons-annotations:jar:6.0.6.Final:runtime (sources = true)
2026.05.02 12:36:05 INFO  Downloading from central: https://repo.maven.apache.org/maven2/org/hibernate/common/hibernate-commons-annotations/6.0.6.Final/hibernate-commons-annotations-6.0.6.Final-sources.jar
2026.05.02 12:36:05 INFO  Progress (1): 7.7/43 kB
2026.05.02 12:36:05 INFO  Progress (1): 11/43 kB 
2026.05.02 12:36:05 INFO  Progress (1): 28/43 kB
2026.05.02 12:36:05 INFO  Progress (1): 43 kB   
2026.05.02 12:36:07 INFO                     
2026.05.02 12:36:07 INFO  Downloaded from central: https://repo.maven.apache.org/maven2/org/hibernate/common/hibernate-commons-annotations/6.0.6.Final/hibernate-commons-annotations-6.0.6.Final-sources.jar (43 kB at 24 kB/s)
2026.05.02 12:36:07 INFO  [INFO] SUCCESS: org.hibernate.common:hibernate-commons-annotations:jar:6.0.6.Final:runtime (sources = true)
2026.05.02 12:36:07 INFO  [INFO] Resolving artifact: org.antlr:antlr4-runtime:jar:4.13.0:compile (sources = false)
2026.05.02 12:36:07 INFO  [INFO] SUCCESS: org.antlr:antlr4-runtime:jar:4.13.0:compile (sources = false)
2026.05.02 12:36:07 INFO  [INFO] Resolving artifact: org.antlr:antlr4-runtime:jar:4.13.0:compile (sources = true)
2026.05.02 12:36:07 INFO  Downloading from central: https://repo.maven.apache.org/maven2/org/antlr/antlr4-runtime/4.13.0/antlr4-runtime-4.13.0-sources.jar
2026.05.02 12:36:07 INFO  Progress (1): 7.7/314 kB
2026.05.02 12:36:07 INFO  Progress (1): 11/314 kB 
2026.05.02 12:36:07 INFO  Progress (1): 28/314 kB
2026.05.02 12:36:07 INFO  Progress (1): 44/314 kB
2026.05.02 12:36:07 INFO  Progress (1): 61/314 kB
2026.05.02 12:36:07 INFO  Progress (1): 77/314 kB
2026.05.02 12:36:07 INFO  Progress (1): 93/314 kB
2026.05.02 12:36:07 INFO  Progress (1): 110/314 kB
2026.05.02 12:36:07 INFO  Progress (1): 126/314 kB
2026.05.02 12:36:07 INFO  Progress (1): 142/314 kB
2026.05.02 12:36:07 INFO  Progress (1): 159/314 kB
2026.05.02 12:36:07 INFO  Progress (1): 175/314 kB
2026.05.02 12:36:07 INFO  Progress (1): 192/314 kB
2026.05.02 12:36:07 INFO  Progress (1): 208/314 kB
2026.05.02 12:36:07 INFO  Progress (1): 224/314 kB
2026.05.02 12:36:07 INFO  Progress (1): 241/314 kB
2026.05.02 12:36:07 INFO  Progress (1): 257/314 kB
2026.05.02 12:36:07 INFO  Progress (1): 274/314 kB
2026.05.02 12:36:07 INFO  Progress (1): 290/314 kB
2026.05.02 12:36:07 INFO  Progress (1): 306/314 kB
2026.05.02 12:36:07 INFO  Progress (1): 314 kB    
2026.05.02 12:36:07 INFO                      
2026.05.02 12:36:07 INFO  Downloaded from central: https://repo.maven.apache.org/maven2/org/antlr/antlr4-runtime/4.13.0/antlr4-runtime-4.13.0-sources.jar (314 kB at 1.4 MB/s)
2026.05.02 12:36:07 INFO  [INFO] SUCCESS: org.antlr:antlr4-runtime:jar:4.13.0:compile (sources = true)
2026.05.02 12:36:07 INFO  [INFO] Resolving artifact: io.jsonwebtoken:jjwt-impl:jar:0.11.5:runtime (sources = false)
2026.05.02 12:36:07 INFO  [INFO] SUCCESS: io.jsonwebtoken:jjwt-impl:jar:0.11.5:runtime (sources = false)
2026.05.02 12:36:07 INFO  [INFO] Resolving artifact: io.jsonwebtoken:jjwt-impl:jar:0.11.5:runtime (sources = true)
2026.05.02 12:36:07 INFO  Downloading from central: https://repo.maven.apache.org/maven2/io/jsonwebtoken/jjwt-impl/0.11.5/jjwt-impl-0.11.5-sources.jar
2026.05.02 12:36:07 INFO  Progress (1): 7.7/63 kB
2026.05.02 12:36:07 INFO  Progress (1): 16/63 kB 
2026.05.02 12:36:07 INFO  Progress (1): 32/63 kB
2026.05.02 12:36:07 INFO  Progress (1): 49/63 kB
2026.05.02 12:36:07 INFO  Progress (1): 63 kB   
2026.05.02 12:36:07 INFO                     
2026.05.02 12:36:07 INFO  Downloaded from central: https://repo.maven.apache.org/maven2/io/jsonwebtoken/jjwt-impl/0.11.5/jjwt-impl-0.11.5-sources.jar (63 kB at 462 kB/s)
2026.05.02 12:36:07 INFO  [INFO] SUCCESS: io.jsonwebtoken:jjwt-impl:jar:0.11.5:runtime (sources = true)
2026.05.02 12:36:07 INFO  [INFO] Resolving artifact: org.junit.platform:junit-platform-engine:jar:1.10.2:test (sources = false)
2026.05.02 12:36:07 INFO  [INFO] SUCCESS: org.junit.platform:junit-platform-engine:jar:1.10.2:test (sources = false)
2026.05.02 12:36:07 INFO  [INFO] Resolving artifact: org.junit.platform:junit-platform-engine:jar:1.10.2:test (sources = true)
2026.05.02 12:36:07 INFO  Downloading from central: https://repo.maven.apache.org/maven2/org/junit/platform/junit-platform-engine/1.10.2/junit-platform-engine-1.10.2-sources.jar
2026.05.02 12:36:07 INFO  Progress (1): 7.7/142 kB
2026.05.02 12:36:07 INFO  Progress (1): 16/142 kB 
2026.05.02 12:36:07 INFO  Progress (1): 25/142 kB
2026.05.02 12:36:07 INFO  Progress (1): 41/142 kB
2026.05.02 12:36:07 INFO  Progress (1): 57/142 kB
2026.05.02 12:36:07 INFO  Progress (1): 74/142 kB
2026.05.02 12:36:07 INFO  Progress (1): 90/142 kB
2026.05.02 12:36:07 INFO  Progress (1): 106/142 kB
2026.05.02 12:36:07 INFO  Progress (1): 123/142 kB
2026.05.02 12:36:07 INFO  Progress (1): 139/142 kB
2026.05.02 12:36:07 INFO  Progress (1): 142 kB    
2026.05.02 12:36:07 INFO                      
2026.05.02 12:36:07 INFO  Downloaded from central: https://repo.maven.apache.org/maven2/org/junit/platform/junit-platform-engine/1.10.2/junit-platform-engine-1.10.2-sources.jar (142 kB at 441 kB/s)
2026.05.02 12:36:07 INFO  [INFO] SUCCESS: org.junit.platform:junit-platform-engine:jar:1.10.2:test (sources = true)
2026.05.02 12:36:07 INFO  [INFO] Resolving artifact: org.ow2.asm:asm:jar:9.3:test (sources = false)
2026.05.02 12:36:07 INFO  [INFO] SUCCESS: org.ow2.asm:asm:jar:9.3:test (sources = false)
2026.05.02 12:36:07 INFO  [INFO] Resolving artifact: org.ow2.asm:asm:jar:9.3:test (sources = true)
2026.05.02 12:36:07 INFO  Downloading from central: https://repo.maven.apache.org/maven2/org/ow2/asm/asm/9.3/asm-9.3-sources.jar
2026.05.02 12:36:07 INFO  Progress (1): 7.7/181 kB
2026.05.02 12:36:07 INFO  Progress (1): 8.2/181 kB
2026.05.02 12:36:07 INFO  Progress (1): 16/181 kB 
2026.05.02 12:36:07 INFO  Progress (1): 33/181 kB
2026.05.02 12:36:07 INFO  Progress (1): 49/181 kB
2026.05.02 12:36:07 INFO  Progress (1): 66/181 kB
2026.05.02 12:36:07 INFO  Progress (1): 82/181 kB
2026.05.02 12:36:07 INFO  Progress (1): 98/181 kB
2026.05.02 12:36:07 INFO  Progress (1): 115/181 kB
2026.05.02 12:36:07 INFO  Progress (1): 131/181 kB
2026.05.02 12:36:07 INFO  Progress (1): 147/181 kB
2026.05.02 12:36:07 INFO  Progress (1): 164/181 kB
2026.05.02 12:36:07 INFO  Progress (1): 180/181 kB
2026.05.02 12:36:07 INFO  Progress (1): 181 kB    
2026.05.02 12:36:07 INFO                      
2026.05.02 12:36:07 INFO  Downloaded from central: https://repo.maven.apache.org/maven2/org/ow2/asm/asm/9.3/asm-9.3-sources.jar (181 kB at 1.1 MB/s)
2026.05.02 12:36:07 INFO  [INFO] SUCCESS: org.ow2.asm:asm:jar:9.3:test (sources = true)
2026.05.02 12:36:07 INFO  [INFO] Resolving artifact: org.springframework.security:spring-security-web:jar:6.2.3:compile (sources = false)
2026.05.02 12:36:07 INFO  [INFO] SUCCESS: org.springframework.security:spring-security-web:jar:6.2.3:compile (sources = false)
2026.05.02 12:36:07 INFO  [INFO] Resolving artifact: org.springframework.security:spring-security-web:jar:6.2.3:compile (sources = true)
2026.05.02 12:36:07 INFO  Downloading from central: https://repo.maven.apache.org/maven2/org/springframework/security/spring-security-web/6.2.3/spring-security-web-6.2.3-sources.jar
2026.05.02 12:36:07 INFO  Progress (1): 3.2/645 kB
2026.05.02 12:36:07 INFO  Progress (1): 20/645 kB 
2026.05.02 12:36:07 INFO  Progress (1): 36/645 kB
2026.05.02 12:36:08 INFO  Progress (1): 52/645 kB
2026.05.02 12:36:08 INFO  Progress (1): 66/645 kB
2026.05.02 12:36:08 INFO  Progress (1): 82/645 kB
2026.05.02 12:36:08 INFO  Progress (1): 90/645 kB
2026.05.02 12:36:08 INFO  Progress (1): 106/645 kB
2026.05.02 12:36:08 INFO  Progress (1): 123/645 kB
2026.05.02 12:36:08 INFO  Progress (1): 139/645 kB
2026.05.02 12:36:08 INFO  Progress (1): 156/645 kB
2026.05.02 12:36:08 INFO  Progress (1): 172/645 kB
2026.05.02 12:36:08 INFO  Progress (1): 188/645 kB
2026.05.02 12:36:08 INFO  Progress (1): 205/645 kB
2026.05.02 12:36:08 INFO  Progress (1): 221/645 kB
2026.05.02 12:36:08 INFO  Progress (1): 238/645 kB
2026.05.02 12:36:08 INFO  Progress (1): 254/645 kB
2026.05.02 12:36:08 INFO  Progress (1): 270/645 kB
2026.05.02 12:36:08 INFO  Progress (1): 287/645 kB
2026.05.02 12:36:08 INFO  Progress (1): 303/645 kB
2026.05.02 12:36:08 INFO  Progress (1): 319/645 kB
2026.05.02 12:36:08 INFO  Progress (1): 336/645 kB
2026.05.02 12:36:08 INFO  Progress (1): 352/645 kB
2026.05.02 12:36:08 INFO  Progress (1): 369/645 kB
2026.05.02 12:36:08 INFO  Progress (1): 385/645 kB
2026.05.02 12:36:08 INFO  Progress (1): 401/645 kB
2026.05.02 12:36:08 INFO  Progress (1): 418/645 kB
2026.05.02 12:36:08 INFO  Progress (1): 434/645 kB
2026.05.02 12:36:08 INFO  Progress (1): 451/645 kB
2026.05.02 12:36:08 INFO  Progress (1): 467/645 kB
2026.05.02 12:36:08 INFO  Progress (1): 483/645 kB
2026.05.02 12:36:08 INFO  Progress (1): 500/645 kB
2026.05.02 12:36:08 INFO  Progress (1): 516/645 kB
2026.05.02 12:36:08 INFO  Progress (1): 532/645 kB
2026.05.02 12:36:08 INFO  Progress (1): 549/645 kB
2026.05.02 12:36:08 INFO  Progress (1): 565/645 kB
2026.05.02 12:36:08 INFO  Progress (1): 582/645 kB
2026.05.02 12:36:08 INFO  Progress (1): 598/645 kB
2026.05.02 12:36:08 INFO  Progress (1): 614/645 kB
2026.05.02 12:36:08 INFO  Progress (1): 631/645 kB
2026.05.02 12:36:08 INFO  Progress (1): 645 kB    
2026.05.02 12:36:08 INFO                      
2026.05.02 12:36:08 INFO  Downloaded from central: https://repo.maven.apache.org/maven2/org/springframework/security/spring-security-web/6.2.3/spring-security-web-6.2.3-sources.jar (645 kB at 2.0 MB/s)
2026.05.02 12:36:08 INFO  [INFO] SUCCESS: org.springframework.security:spring-security-web:jar:6.2.3:compile (sources = true)
2026.05.02 12:36:08 INFO  [INFO] Resolving artifact: org.eclipse.angus:angus-activation:jar:2.0.2:runtime (sources = false)
2026.05.02 12:36:08 INFO  [INFO] SUCCESS: org.eclipse.angus:angus-activation:jar:2.0.2:runtime (sources = false)
2026.05.02 12:36:08 INFO  [INFO] Resolving artifact: org.eclipse.angus:angus-activation:jar:2.0.2:runtime (sources = true)
2026.05.02 12:36:08 INFO  Downloading from central: https://repo.maven.apache.org/maven2/org/eclipse/angus/angus-activation/2.0.2/angus-activation-2.0.2-sources.jar
2026.05.02 12:36:08 INFO  Progress (1): 7.7/22 kB
2026.05.02 12:36:08 INFO  Progress (1): 7.7/22 kB
2026.05.02 12:36:08 INFO  Progress (1): 22 kB    
2026.05.02 12:36:09 INFO                     
2026.05.02 12:36:09 INFO  Downloaded from central: https://repo.maven.apache.org/maven2/org/eclipse/angus/angus-activation/2.0.2/angus-activation-2.0.2-sources.jar (22 kB at 18 kB/s)
2026.05.02 12:36:09 INFO  [INFO] SUCCESS: org.eclipse.angus:angus-activation:jar:2.0.2:runtime (sources = true)
2026.05.02 12:36:09 INFO  [INFO] Resolving artifact: org.apache.tomcat.embed:tomcat-embed-el:jar:10.1.19:compile (sources = false)
2026.05.02 12:36:09 INFO  [INFO] SUCCESS: org.apache.tomcat.embed:tomcat-embed-el:jar:10.1.19:compile (sources = false)
2026.05.02 12:36:09 INFO  [INFO] Resolving artifact: org.apache.tomcat.embed:tomcat-embed-el:jar:10.1.19:compile (sources = true)
2026.05.02 12:36:09 INFO  Downloading from central: https://repo.maven.apache.org/maven2/org/apache/tomcat/embed/tomcat-embed-el/10.1.19/tomcat-embed-el-10.1.19-sources.jar
2026.05.02 12:36:09 INFO  Progress (1): 7.7/222 kB
2026.05.02 12:36:09 INFO  Progress (1): 8.2/222 kB
2026.05.02 12:36:09 INFO  Progress (1): 25/222 kB 
2026.05.02 12:36:09 INFO  Progress (1): 41/222 kB
2026.05.02 12:36:09 INFO  Progress (1): 49/222 kB
2026.05.02 12:36:09 INFO  Progress (1): 66/222 kB
2026.05.02 12:36:09 INFO  Progress (1): 82/222 kB
2026.05.02 12:36:09 INFO  Progress (1): 98/222 kB
2026.05.02 12:36:09 INFO  Progress (1): 106/222 kB
2026.05.02 12:36:09 INFO  Progress (1): 123/222 kB
2026.05.02 12:36:09 INFO  Progress (1): 131/222 kB
2026.05.02 12:36:09 INFO  Progress (1): 147/222 kB
2026.05.02 12:36:09 INFO  Progress (1): 164/222 kB
2026.05.02 12:36:09 INFO  Progress (1): 180/222 kB
2026.05.02 12:36:09 INFO  Progress (1): 197/222 kB
2026.05.02 12:36:09 INFO  Progress (1): 213/222 kB
2026.05.02 12:36:09 INFO  Progress (1): 222 kB    
2026.05.02 12:36:11 INFO                      
2026.05.02 12:36:11 INFO  Downloaded from central: https://repo.maven.apache.org/maven2/org/apache/tomcat/embed/tomcat-embed-el/10.1.19/tomcat-embed-el-10.1.19-sources.jar (222 kB at 215 kB/s)
2026.05.02 12:36:11 INFO  [INFO] SUCCESS: org.apache.tomcat.embed:tomcat-embed-el:jar:10.1.19:compile (sources = true)
2026.05.02 12:36:11 INFO  [INFO] Resolving artifact: org.slf4j:jul-to-slf4j:jar:2.0.12:compile (sources = false)
2026.05.02 12:36:11 INFO  [INFO] SUCCESS: org.slf4j:jul-to-slf4j:jar:2.0.12:compile (sources = false)
2026.05.02 12:36:11 INFO  [INFO] Resolving artifact: org.slf4j:jul-to-slf4j:jar:2.0.12:compile (sources = true)
2026.05.02 12:36:11 INFO  Downloading from central: https://repo.maven.apache.org/maven2/org/slf4j/jul-to-slf4j/2.0.12/jul-to-slf4j-2.0.12-sources.jar
2026.05.02 12:36:11 INFO  Progress (1): 3.2/7.1 kB
2026.05.02 12:36:11 INFO  Progress (1): 7.1 kB    
2026.05.02 12:36:11 INFO                      
2026.05.02 12:36:11 INFO  Downloaded from central: https://repo.maven.apache.org/maven2/org/slf4j/jul-to-slf4j/2.0.12/jul-to-slf4j-2.0.12-sources.jar (7.1 kB at 11 kB/s)
2026.05.02 12:36:11 INFO  [INFO] SUCCESS: org.slf4j:jul-to-slf4j:jar:2.0.12:compile (sources = true)
2026.05.02 12:36:11 INFO  [INFO] Resolving artifact: com.fasterxml.jackson.core:jackson-databind:jar:2.15.4:compile (sources = false)
2026.05.02 12:36:11 INFO  [INFO] SUCCESS: com.fasterxml.jackson.core:jackson-databind:jar:2.15.4:compile (sources = false)
2026.05.02 12:36:11 INFO  [INFO] Resolving artifact: com.fasterxml.jackson.core:jackson-databind:jar:2.15.4:compile (sources = true)
2026.05.02 12:36:11 INFO  Downloading from central: https://repo.maven.apache.org/maven2/com/fasterxml/jackson/core/jackson-databind/2.15.4/jackson-databind-2.15.4-sources.jar
2026.05.02 12:36:11 INFO  Progress (1): 0/1.2 MB
2026.05.02 12:36:11 INFO  Progress (1): 0/1.2 MB
2026.05.02 12:36:11 INFO  Progress (1): 0/1.2 MB
2026.05.02 12:36:11 INFO  Progress (1): 0/1.2 MB
2026.05.02 12:36:11 INFO  Progress (1): 0.1/1.2 MB
2026.05.02 12:36:11 INFO  Progress (1): 0.1/1.2 MB
2026.05.02 12:36:11 INFO  Progress (1): 0.1/1.2 MB
2026.05.02 12:36:11 INFO  Progress (1): 0.1/1.2 MB
2026.05.02 12:36:11 INFO  Progress (1): 0.1/1.2 MB
2026.05.02 12:36:11 INFO  Progress (1): 0.1/1.2 MB
2026.05.02 12:36:11 INFO  Progress (1): 0.2/1.2 MB
2026.05.02 12:36:11 INFO  Progress (1): 0.2/1.2 MB
2026.05.02 12:36:11 INFO  Progress (1): 0.2/1.2 MB
2026.05.02 12:36:11 INFO  Progress (1): 0.2/1.2 MB
2026.05.02 12:36:11 INFO  Progress (1): 0.2/1.2 MB
2026.05.02 12:36:11 INFO  Progress (1): 0.2/1.2 MB
2026.05.02 12:36:11 INFO  Progress (1): 0.2/1.2 MB
2026.05.02 12:36:11 INFO  Progress (1): 0.3/1.2 MB
2026.05.02 12:36:11 INFO  Progress (1): 0.3/1.2 MB
2026.05.02 12:36:11 INFO  Progress (1): 0.3/1.2 MB
2026.05.02 12:36:11 INFO  Progress (1): 0.3/1.2 MB
2026.05.02 12:36:11 INFO  Progress (1): 0.3/1.2 MB
2026.05.02 12:36:11 INFO  Progress (1): 0.3/1.2 MB
2026.05.02 12:36:11 INFO  Progress (1): 0.4/1.2 MB
2026.05.02 12:36:11 INFO  Progress (1): 0.4/1.2 MB
2026.05.02 12:36:11 INFO  Progress (1): 0.4/1.2 MB
2026.05.02 12:36:11 INFO  Progress (1): 0.4/1.2 MB
2026.05.02 12:36:11 INFO  Progress (1): 0.4/1.2 MB
2026.05.02 12:36:11 INFO  Progress (1): 0.4/1.2 MB
2026.05.02 12:36:11 INFO  Progress (1): 0.5/1.2 MB
2026.05.02 12:36:11 INFO  Progress (1): 0.5/1.2 MB
2026.05.02 12:36:11 INFO  Progress (1): 0.5/1.2 MB
2026.05.02 12:36:11 INFO  Progress (1): 0.5/1.2 MB
2026.05.02 12:36:11 INFO  Progress (1): 0.5/1.2 MB
2026.05.02 12:36:11 INFO  Progress (1): 0.5/1.2 MB
2026.05.02 12:36:11 INFO  Progress (1): 0.6/1.2 MB
2026.05.02 12:36:11 INFO  Progress (1): 0.6/1.2 MB
2026.05.02 12:36:11 INFO  Progress (1): 0.6/1.2 MB
2026.05.02 12:36:11 INFO  Progress (1): 0.6/1.2 MB
2026.05.02 12:36:11 INFO  Progress (1): 0.6/1.2 MB
2026.05.02 12:36:11 INFO  Progress (1): 0.6/1.2 MB
2026.05.02 12:36:11 INFO  Progress (1): 0.7/1.2 MB
2026.05.02 12:36:11 INFO  Progress (1): 0.7/1.2 MB
2026.05.02 12:36:11 INFO  Progress (1): 0.7/1.2 MB
2026.05.02 12:36:11 INFO  Progress (1): 0.7/1.2 MB
2026.05.02 12:36:11 INFO  Progress (1): 0.7/1.2 MB
2026.05.02 12:36:11 INFO  Progress (1): 0.7/1.2 MB
2026.05.02 12:36:11 INFO  Progress (1): 0.8/1.2 MB
2026.05.02 12:36:11 INFO  Progress (1): 0.8/1.2 MB
2026.05.02 12:36:11 INFO  Progress (1): 0.8/1.2 MB
2026.05.02 12:36:11 INFO  Progress (1): 0.8/1.2 MB
2026.05.02 12:36:11 INFO  Progress (1): 0.8/1.2 MB
2026.05.02 12:36:11 INFO  Progress (1): 0.8/1.2 MB
2026.05.02 12:36:11 INFO  Progress (1): 0.9/1.2 MB
2026.05.02 12:36:11 INFO  Progress (1): 0.9/1.2 MB
2026.05.02 12:36:11 INFO  Progress (1): 0.9/1.2 MB
2026.05.02 12:36:11 INFO  Progress (1): 0.9/1.2 MB
2026.05.02 12:36:11 INFO  Progress (1): 0.9/1.2 MB
2026.05.02 12:36:11 INFO  Progress (1): 0.9/1.2 MB
2026.05.02 12:36:11 INFO  Progress (1): 0.9/1.2 MB
2026.05.02 12:36:11 INFO  Progress (1): 1.0/1.2 MB
2026.05.02 12:36:11 INFO  Progress (1): 1.0/1.2 MB
2026.05.02 12:36:11 INFO  Progress (1): 1.0/1.2 MB
2026.05.02 12:36:11 INFO  Progress (1): 1.0/1.2 MB
2026.05.02 12:36:11 INFO  Progress (1): 1.0/1.2 MB
2026.05.02 12:36:11 INFO  Progress (1): 1.0/1.2 MB
2026.05.02 12:36:11 INFO  Progress (1): 1.1/1.2 MB
2026.05.02 12:36:11 INFO  Progress (1): 1.1/1.2 MB
2026.05.02 12:36:11 INFO  Progress (1): 1.1/1.2 MB
2026.05.02 12:36:11 INFO  Progress (1): 1.1/1.2 MB
2026.05.02 12:36:11 INFO  Progress (1): 1.1/1.2 MB
2026.05.02 12:36:11 INFO  Progress (1): 1.1/1.2 MB
2026.05.02 12:36:11 INFO  Progress (1): 1.2/1.2 MB
2026.05.02 12:36:11 INFO  Progress (1): 1.2/1.2 MB
2026.05.02 12:36:11 INFO  Progress (1): 1.2/1.2 MB
2026.05.02 12:36:11 INFO  Progress (1): 1.2 MB    
2026.05.02 12:36:12 INFO                      
2026.05.02 12:36:12 INFO  Downloaded from central: https://repo.maven.apache.org/maven2/com/fasterxml/jackson/core/jackson-databind/2.15.4/jackson-databind-2.15.4-sources.jar (1.2 MB at 3.1 MB/s)
2026.05.02 12:36:12 INFO  [INFO] SUCCESS: com.fasterxml.jackson.core:jackson-databind:jar:2.15.4:compile (sources = true)
2026.05.02 12:36:12 INFO  [INFO] Resolving artifact: ch.qos.logback:logback-classic:jar:1.4.14:compile (sources = false)
2026.05.02 12:36:12 INFO  [INFO] SUCCESS: ch.qos.logback:logback-classic:jar:1.4.14:compile (sources = false)
2026.05.02 12:36:12 INFO  [INFO] Resolving artifact: ch.qos.logback:logback-classic:jar:1.4.14:compile (sources = true)
2026.05.02 12:36:12 INFO  Downloading from central: https://repo.maven.apache.org/maven2/ch/qos/logback/logback-classic/1.4.14/logback-classic-1.4.14-sources.jar
2026.05.02 12:36:12 INFO  Progress (1): 3.2/233 kB
2026.05.02 12:36:12 INFO  Progress (1): 11/233 kB 
2026.05.02 12:36:12 INFO  Progress (1): 28/233 kB
2026.05.02 12:36:12 INFO  Progress (1): 44/233 kB
2026.05.02 12:36:12 INFO  Progress (1): 61/233 kB
2026.05.02 12:36:12 INFO  Progress (1): 69/233 kB
2026.05.02 12:36:12 INFO  Progress (1): 85/233 kB
2026.05.02 12:36:12 INFO  Progress (1): 93/233 kB
2026.05.02 12:36:12 INFO  Progress (1): 110/233 kB
2026.05.02 12:36:12 INFO  Progress (1): 126/233 kB
2026.05.02 12:36:12 INFO  Progress (1): 134/233 kB
2026.05.02 12:36:12 INFO  Progress (1): 151/233 kB
2026.05.02 12:36:12 INFO  Progress (1): 159/233 kB
2026.05.02 12:36:12 INFO  Progress (1): 167/233 kB
2026.05.02 12:36:12 INFO  Progress (1): 183/233 kB
2026.05.02 12:36:12 INFO  Progress (1): 200/233 kB
2026.05.02 12:36:12 INFO  Progress (1): 216/233 kB
2026.05.02 12:36:12 INFO  Progress (1): 233/233 kB
2026.05.02 12:36:12 INFO  Progress (1): 233 kB    
2026.05.02 12:36:12 INFO                      
2026.05.02 12:36:12 INFO  Downloaded from central: https://repo.maven.apache.org/maven2/ch/qos/logback/logback-classic/1.4.14/logback-classic-1.4.14-sources.jar (233 kB at 951 kB/s)
2026.05.02 12:36:12 INFO  [INFO] SUCCESS: ch.qos.logback:logback-classic:jar:1.4.14:compile (sources = true)
2026.05.02 12:36:12 INFO  [INFO] Resolving artifact: org.springframework:spring-web:jar:6.1.5:compile (sources = false)
2026.05.02 12:36:12 INFO  [INFO] SUCCESS: org.springframework:spring-web:jar:6.1.5:compile (sources = false)
2026.05.02 12:36:12 INFO  [INFO] Resolving artifact: org.springframework:spring-web:jar:6.1.5:compile (sources = true)
2026.05.02 12:36:12 INFO  Downloading from central: https://repo.maven.apache.org/maven2/org/springframework/spring-web/6.1.5/spring-web-6.1.5-sources.jar
2026.05.02 12:36:12 INFO  Progress (1): 0/1.3 MB
2026.05.02 12:36:12 INFO  Progress (1): 0/1.3 MB
2026.05.02 12:36:12 INFO  Progress (1): 0/1.3 MB
2026.05.02 12:36:12 INFO  Progress (1): 0/1.3 MB
2026.05.02 12:36:12 INFO  Progress (1): 0.1/1.3 MB
2026.05.02 12:36:12 INFO  Progress (1): 0.1/1.3 MB
2026.05.02 12:36:12 INFO  Progress (1): 0.1/1.3 MB
2026.05.02 12:36:12 INFO  Progress (1): 0.1/1.3 MB
2026.05.02 12:36:12 INFO  Progress (1): 0.1/1.3 MB
2026.05.02 12:36:12 INFO  Progress (1): 0.1/1.3 MB
2026.05.02 12:36:12 INFO  Progress (1): 0.1/1.3 MB
2026.05.02 12:36:12 INFO  Progress (1): 0.2/1.3 MB
2026.05.02 12:36:12 INFO  Progress (1): 0.2/1.3 MB
2026.05.02 12:36:12 INFO  Progress (1): 0.2/1.3 MB
2026.05.02 12:36:12 INFO  Progress (1): 0.2/1.3 MB
2026.05.02 12:36:12 INFO  Progress (1): 0.2/1.3 MB
2026.05.02 12:36:12 INFO  Progress (1): 0.2/1.3 MB
2026.05.02 12:36:12 INFO  Progress (1): 0.3/1.3 MB
2026.05.02 12:36:12 INFO  Progress (1): 0.3/1.3 MB
2026.05.02 12:36:12 INFO  Progress (1): 0.3/1.3 MB
2026.05.02 12:36:12 INFO  Progress (1): 0.3/1.3 MB
2026.05.02 12:36:12 INFO  Progress (1): 0.3/1.3 MB
2026.05.02 12:36:12 INFO  Progress (1): 0.3/1.3 MB
2026.05.02 12:36:12 INFO  Progress (1): 0.4/1.3 MB
2026.05.02 12:36:12 INFO  Progress (1): 0.4/1.3 MB
2026.05.02 12:36:12 INFO  Progress (1): 0.4/1.3 MB
2026.05.02 12:36:12 INFO  Progress (1): 0.4/1.3 MB
2026.05.02 12:36:12 INFO  Progress (1): 0.4/1.3 MB
2026.05.02 12:36:12 INFO  Progress (1): 0.4/1.3 MB
2026.05.02 12:36:12 INFO  Progress (1): 0.5/1.3 MB
2026.05.02 12:36:12 INFO  Progress (1): 0.5/1.3 MB
2026.05.02 12:36:12 INFO  Progress (1): 0.5/1.3 MB
2026.05.02 12:36:12 INFO  Progress (1): 0.5/1.3 MB
2026.05.02 12:36:12 INFO  Progress (1): 0.5/1.3 MB
2026.05.02 12:36:12 INFO  Progress (1): 0.5/1.3 MB
2026.05.02 12:36:12 INFO  Progress (1): 0.6/1.3 MB
2026.05.02 12:36:12 INFO  Progress (1): 0.6/1.3 MB
2026.05.02 12:36:12 INFO  Progress (1): 0.6/1.3 MB
2026.05.02 12:36:12 INFO  Progress (1): 0.6/1.3 MB
2026.05.02 12:36:12 INFO  Progress (1): 0.6/1.3 MB
2026.05.02 12:36:12 INFO  Progress (1): 0.6/1.3 MB
2026.05.02 12:36:12 INFO  Progress (1): 0.7/1.3 MB
2026.05.02 12:36:12 INFO  Progress (1): 0.7/1.3 MB
2026.05.02 12:36:12 INFO  Progress (1): 0.7/1.3 MB
2026.05.02 12:36:12 INFO  Progress (1): 0.7/1.3 MB
2026.05.02 12:36:12 INFO  Progress (1): 0.7/1.3 MB
2026.05.02 12:36:12 INFO  Progress (1): 0.7/1.3 MB
2026.05.02 12:36:12 INFO  Progress (1): 0.8/1.3 MB
2026.05.02 12:36:12 INFO  Progress (1): 0.8/1.3 MB
2026.05.02 12:36:12 INFO  Progress (1): 0.8/1.3 MB
2026.05.02 12:36:12 INFO  Progress (1): 0.8/1.3 MB
2026.05.02 12:36:12 INFO  Progress (1): 0.8/1.3 MB
2026.05.02 12:36:12 INFO  Progress (1): 0.8/1.3 MB
2026.05.02 12:36:12 INFO  Progress (1): 0.9/1.3 MB
2026.05.02 12:36:12 INFO  Progress (1): 0.9/1.3 MB
2026.05.02 12:36:12 INFO  Progress (1): 0.9/1.3 MB
2026.05.02 12:36:12 INFO  Progress (1): 0.9/1.3 MB
2026.05.02 12:36:12 INFO  Progress (1): 0.9/1.3 MB
2026.05.02 12:36:12 INFO  Progress (1): 0.9/1.3 MB
2026.05.02 12:36:12 INFO  Progress (1): 1.0/1.3 MB
2026.05.02 12:36:12 INFO  Progress (1): 1.0/1.3 MB
2026.05.02 12:36:12 INFO  Progress (1): 1.0/1.3 MB
2026.05.02 12:36:12 INFO  Progress (1): 1.0/1.3 MB
2026.05.02 12:36:12 INFO  Progress (1): 1.0/1.3 MB
2026.05.02 12:36:12 INFO  Progress (1): 1.0/1.3 MB
2026.05.02 12:36:12 INFO  Progress (1): 1.0/1.3 MB
2026.05.02 12:36:12 INFO  Progress (1): 1.1/1.3 MB
2026.05.02 12:36:12 INFO  Progress (1): 1.1/1.3 MB
2026.05.02 12:36:12 INFO  Progress (1): 1.1/1.3 MB
2026.05.02 12:36:12 INFO  Progress (1): 1.1/1.3 MB
2026.05.02 12:36:12 INFO  Progress (1): 1.1/1.3 MB
2026.05.02 12:36:12 INFO  Progress (1): 1.1/1.3 MB
2026.05.02 12:36:12 INFO  Progress (1): 1.2/1.3 MB
2026.05.02 12:36:12 INFO  Progress (1): 1.2/1.3 MB
2026.05.02 12:36:12 INFO  Progress (1): 1.2/1.3 MB
2026.05.02 12:36:12 INFO  Progress (1): 1.2/1.3 MB
2026.05.02 12:36:12 INFO  Progress (1): 1.2/1.3 MB
2026.05.02 12:36:12 INFO  Progress (1): 1.2/1.3 MB
2026.05.02 12:36:12 INFO  Progress (1): 1.3/1.3 MB
2026.05.02 12:36:12 INFO  Progress (1): 1.3/1.3 MB
2026.05.02 12:36:12 INFO  Progress (1): 1.3/1.3 MB
2026.05.02 12:36:12 INFO  Progress (1): 1.3/1.3 MB
2026.05.02 12:36:12 INFO  Progress (1): 1.3/1.3 MB
2026.05.02 12:36:12 INFO  Progress (1): 1.3/1.3 MB
2026.05.02 12:36:12 INFO  Progress (1): 1.3 MB    
2026.05.02 12:36:12 INFO                      
2026.05.02 12:36:12 INFO  Downloaded from central: https://repo.maven.apache.org/maven2/org/springframework/spring-web/6.1.5/spring-web-6.1.5-sources.jar (1.3 MB at 2.6 MB/s)
2026.05.02 12:36:12 INFO  [INFO] SUCCESS: org.springframework:spring-web:jar:6.1.5:compile (sources = true)
2026.05.02 12:36:12 INFO  [INFO] Resolving artifact: org.springframework.boot:spring-boot-test-autoconfigure:jar:3.2.4:test (sources = false)
2026.05.02 12:36:12 INFO  [INFO] SUCCESS: org.springframework.boot:spring-boot-test-autoconfigure:jar:3.2.4:test (sources = false)
2026.05.02 12:36:12 INFO  [INFO] Resolving artifact: org.springframework.boot:spring-boot-test-autoconfigure:jar:3.2.4:test (sources = true)
2026.05.02 12:36:12 INFO  Downloading from central: https://repo.maven.apache.org/maven2/org/springframework/boot/spring-boot-test-autoconfigure/3.2.4/spring-boot-test-autoconfigure-3.2.4-sources.jar
2026.05.02 12:36:12 INFO  Progress (1): 7.7/221 kB
2026.05.02 12:36:12 INFO  Progress (1): 11/221 kB 
2026.05.02 12:36:12 INFO  Progress (1): 28/221 kB
2026.05.02 12:36:12 INFO  Progress (1): 44/221 kB
2026.05.02 12:36:12 INFO  Progress (1): 61/221 kB
2026.05.02 12:36:12 INFO  Progress (1): 77/221 kB
2026.05.02 12:36:12 INFO  Progress (1): 93/221 kB
2026.05.02 12:36:12 INFO  Progress (1): 110/221 kB
2026.05.02 12:36:12 INFO  Progress (1): 126/221 kB
2026.05.02 12:36:12 INFO  Progress (1): 142/221 kB
2026.05.02 12:36:12 INFO  Progress (1): 159/221 kB
2026.05.02 12:36:12 INFO  Progress (1): 175/221 kB
2026.05.02 12:36:12 INFO  Progress (1): 192/221 kB
2026.05.02 12:36:12 INFO  Progress (1): 208/221 kB
2026.05.02 12:36:12 INFO  Progress (1): 221 kB    
2026.05.02 12:36:12 INFO                      
2026.05.02 12:36:12 INFO  Downloaded from central: https://repo.maven.apache.org/maven2/org/springframework/boot/spring-boot-test-autoconfigure/3.2.4/spring-boot-test-autoconfigure-3.2.4-sources.jar (221 kB at 1.2 MB/s)
2026.05.02 12:36:12 INFO  [INFO] SUCCESS: org.springframework.boot:spring-boot-test-autoconfigure:jar:3.2.4:test (sources = true)
2026.05.02 12:36:12 INFO  [INFO] Resolving artifact: org.junit.jupiter:junit-jupiter:jar:5.10.2:test (sources = false)
2026.05.02 12:36:13 INFO  [INFO] SUCCESS: org.junit.jupiter:junit-jupiter:jar:5.10.2:test (sources = false)
2026.05.02 12:36:13 INFO  [INFO] Resolving artifact: org.junit.jupiter:junit-jupiter:jar:5.10.2:test (sources = true)
2026.05.02 12:36:13 INFO  Downloading from central: https://repo.maven.apache.org/maven2/org/junit/jupiter/junit-jupiter/5.10.2/junit-jupiter-5.10.2-sources.jar
2026.05.02 12:36:13 INFO  Progress (1): 6.1 kB
2026.05.02 12:36:13 INFO                      
2026.05.02 12:36:13 INFO  Downloaded from central: https://repo.maven.apache.org/maven2/org/junit/jupiter/junit-jupiter/5.10.2/junit-jupiter-5.10.2-sources.jar (6.1 kB at 34 kB/s)
2026.05.02 12:36:13 INFO  [INFO] SUCCESS: org.junit.jupiter:junit-jupiter:jar:5.10.2:test (sources = true)
2026.05.02 12:36:13 INFO  [INFO] Resolving artifact: jakarta.persistence:jakarta.persistence-api:jar:3.1.0:compile (sources = false)
2026.05.02 12:36:13 INFO  [INFO] SUCCESS: jakarta.persistence:jakarta.persistence-api:jar:3.1.0:compile (sources = false)
2026.05.02 12:36:13 INFO  [INFO] Resolving artifact: jakarta.persistence:jakarta.persistence-api:jar:3.1.0:compile (sources = true)
2026.05.02 12:36:13 INFO  Downloading from central: https://repo.maven.apache.org/maven2/jakarta/persistence/jakarta.persistence-api/3.1.0/jakarta.persistence-api-3.1.0-sources.jar
2026.05.02 12:36:13 INFO  Progress (1): 3.2/262 kB
2026.05.02 12:36:13 INFO  Progress (1): 11/262 kB 
2026.05.02 12:36:13 INFO  Progress (1): 28/262 kB
2026.05.02 12:36:13 INFO  Progress (1): 36/262 kB
2026.05.02 12:36:13 INFO  Progress (1): 52/262 kB
2026.05.02 12:36:13 INFO  Progress (1): 69/262 kB
2026.05.02 12:36:13 INFO  Progress (1): 85/262 kB
2026.05.02 12:36:13 INFO  Progress (1): 102/262 kB
2026.05.02 12:36:13 INFO  Progress (1): 118/262 kB
2026.05.02 12:36:13 INFO  Progress (1): 134/262 kB
2026.05.02 12:36:13 INFO  Progress (1): 151/262 kB
2026.05.02 12:36:13 INFO  Progress (1): 167/262 kB
2026.05.02 12:36:13 INFO  Progress (1): 183/262 kB
2026.05.02 12:36:13 INFO  Progress (1): 200/262 kB
2026.05.02 12:36:13 INFO  Progress (1): 216/262 kB
2026.05.02 12:36:13 INFO  Progress (1): 233/262 kB
2026.05.02 12:36:13 INFO  Progress (1): 249/262 kB
2026.05.02 12:36:13 INFO  Progress (1): 262 kB    
2026.05.02 12:36:13 INFO                      
2026.05.02 12:36:13 INFO  Downloaded from central: https://repo.maven.apache.org/maven2/jakarta/persistence/jakarta.persistence-api/3.1.0/jakarta.persistence-api-3.1.0-sources.jar (262 kB at 1.4 MB/s)
2026.05.02 12:36:13 INFO  [INFO] SUCCESS: jakarta.persistence:jakarta.persistence-api:jar:3.1.0:compile (sources = true)
2026.05.02 12:36:13 INFO  [INFO] Resolving artifact: jakarta.activation:jakarta.activation-api:jar:2.1.3:runtime (sources = false)
2026.05.02 12:36:13 INFO  [INFO] SUCCESS: jakarta.activation:jakarta.activation-api:jar:2.1.3:runtime (sources = false)
2026.05.02 12:36:13 INFO  [INFO] Resolving artifact: jakarta.activation:jakarta.activation-api:jar:2.1.3:runtime (sources = true)
2026.05.02 12:36:13 INFO  Downloading from central: https://repo.maven.apache.org/maven2/jakarta/activation/jakarta.activation-api/2.1.3/jakarta.activation-api-2.1.3-sources.jar
2026.05.02 12:36:13 INFO  Progress (1): 3.2/59 kB
2026.05.02 12:36:13 INFO  Progress (1): 20/59 kB 
2026.05.02 12:36:13 INFO  Progress (1): 36/59 kB
2026.05.02 12:36:13 INFO  Progress (1): 52/59 kB
2026.05.02 12:36:13 INFO  Progress (1): 59 kB   
2026.05.02 12:36:13 INFO                     
2026.05.02 12:36:13 INFO  Downloaded from central: https://repo.maven.apache.org/maven2/jakarta/activation/jakarta.activation-api/2.1.3/jakarta.activation-api-2.1.3-sources.jar (59 kB at 369 kB/s)
2026.05.02 12:36:13 INFO  [INFO] SUCCESS: jakarta.activation:jakarta.activation-api:jar:2.1.3:runtime (sources = true)
2026.05.02 12:36:13 INFO  [INFO] Resolving artifact: org.springframework:spring-tx:jar:6.1.5:compile (sources = false)
2026.05.02 12:36:13 INFO  [INFO] SUCCESS: org.springframework:spring-tx:jar:6.1.5:compile (sources = false)
2026.05.02 12:36:13 INFO  [INFO] Resolving artifact: org.springframework:spring-tx:jar:6.1.5:compile (sources = true)
2026.05.02 12:36:13 INFO  Downloading from central: https://repo.maven.apache.org/maven2/org/springframework/spring-tx/6.1.5/spring-tx-6.1.5-sources.jar
2026.05.02 12:36:13 INFO  Progress (1): 7.7/292 kB
2026.05.02 12:36:13 INFO  Progress (1): 11/292 kB 
2026.05.02 12:36:13 INFO  Progress (1): 28/292 kB
2026.05.02 12:36:13 INFO  Progress (1): 44/292 kB
2026.05.02 12:36:13 INFO  Progress (1): 61/292 kB
2026.05.02 12:36:13 INFO  Progress (1): 69/292 kB
2026.05.02 12:36:13 INFO  Progress (1): 77/292 kB
2026.05.02 12:36:13 INFO  Progress (1): 93/292 kB
2026.05.02 12:36:13 INFO  Progress (1): 110/292 kB
2026.05.02 12:36:13 INFO  Progress (1): 126/292 kB
2026.05.02 12:36:13 INFO  Progress (1): 142/292 kB
2026.05.02 12:36:13 INFO  Progress (1): 147/292 kB
2026.05.02 12:36:13 INFO  Progress (1): 164/292 kB
2026.05.02 12:36:13 INFO  Progress (1): 180/292 kB
2026.05.02 12:36:13 INFO  Progress (1): 197/292 kB
2026.05.02 12:36:13 INFO  Progress (1): 213/292 kB
2026.05.02 12:36:13 INFO  Progress (1): 229/292 kB
2026.05.02 12:36:13 INFO  Progress (1): 246/292 kB
2026.05.02 12:36:13 INFO  Progress (1): 262/292 kB
2026.05.02 12:36:13 INFO  Progress (1): 279/292 kB
2026.05.02 12:36:13 INFO  Progress (1): 292 kB    
2026.05.02 12:36:13 INFO                      
2026.05.02 12:36:13 INFO  Downloaded from central: https://repo.maven.apache.org/maven2/org/springframework/spring-tx/6.1.5/spring-tx-6.1.5-sources.jar (292 kB at 1.5 MB/s)
2026.05.02 12:36:13 INFO  [INFO] SUCCESS: org.springframework:spring-tx:jar:6.1.5:compile (sources = true)
2026.05.02 12:36:13 INFO  [INFO] Resolving artifact: org.springframework.boot:spring-boot-actuator:jar:3.2.4:compile (sources = false)
2026.05.02 12:36:13 INFO  [INFO] SUCCESS: org.springframework.boot:spring-boot-actuator:jar:3.2.4:compile (sources = false)
2026.05.02 12:36:13 INFO  [INFO] Resolving artifact: org.springframework.boot:spring-boot-actuator:jar:3.2.4:compile (sources = true)
2026.05.02 12:36:13 INFO  Downloading from central: https://repo.maven.apache.org/maven2/org/springframework/boot/spring-boot-actuator/3.2.4/spring-boot-actuator-3.2.4-sources.jar
2026.05.02 12:36:13 INFO  Progress (1): 7.7/446 kB
2026.05.02 12:36:13 INFO  Progress (1): 16/446 kB 
2026.05.02 12:36:13 INFO  Progress (1): 32/446 kB
2026.05.02 12:36:13 INFO  Progress (1): 49/446 kB
2026.05.02 12:36:13 INFO  Progress (1): 65/446 kB
2026.05.02 12:36:13 INFO  Progress (1): 66/446 kB
2026.05.02 12:36:13 INFO  Progress (1): 82/446 kB
2026.05.02 12:36:13 INFO  Progress (1): 98/446 kB
2026.05.02 12:36:13 INFO  Progress (1): 115/446 kB
2026.05.02 12:36:13 INFO  Progress (1): 123/446 kB
2026.05.02 12:36:13 INFO  Progress (1): 139/446 kB
2026.05.02 12:36:13 INFO  Progress (1): 147/446 kB
2026.05.02 12:36:13 INFO  Progress (1): 164/446 kB
2026.05.02 12:36:13 INFO  Progress (1): 180/446 kB
2026.05.02 12:36:13 INFO  Progress (1): 197/446 kB
2026.05.02 12:36:13 INFO  Progress (1): 213/446 kB
2026.05.02 12:36:13 INFO  Progress (1): 229/446 kB
2026.05.02 12:36:13 INFO  Progress (1): 246/446 kB
2026.05.02 12:36:13 INFO  Progress (1): 262/446 kB
2026.05.02 12:36:13 INFO  Progress (1): 279/446 kB
2026.05.02 12:36:13 INFO  Progress (1): 295/446 kB
2026.05.02 12:36:13 INFO  Progress (1): 311/446 kB
2026.05.02 12:36:13 INFO  Progress (1): 328/446 kB
2026.05.02 12:36:13 INFO  Progress (1): 344/446 kB
2026.05.02 12:36:13 INFO  Progress (1): 360/446 kB
2026.05.02 12:36:13 INFO  Progress (1): 377/446 kB
2026.05.02 12:36:13 INFO  Progress (1): 393/446 kB
2026.05.02 12:36:13 INFO  Progress (1): 410/446 kB
2026.05.02 12:36:13 INFO  Progress (1): 426/446 kB
2026.05.02 12:36:13 INFO  Progress (1): 442/446 kB
2026.05.02 12:36:13 INFO  Progress (1): 446 kB    
2026.05.02 12:36:14 INFO                      
2026.05.02 12:36:14 INFO  Downloaded from central: https://repo.maven.apache.org/maven2/org/springframework/boot/spring-boot-actuator/3.2.4/spring-boot-actuator-3.2.4-sources.jar (446 kB at 2.0 MB/s)
2026.05.02 12:36:14 INFO  [INFO] SUCCESS: org.springframework.boot:spring-boot-actuator:jar:3.2.4:compile (sources = true)
2026.05.02 12:36:14 INFO  [INFO] Resolving artifact: org.springframework.boot:spring-boot-starter-actuator:jar:3.2.4:compile (sources = false)
2026.05.02 12:36:14 INFO  [INFO] SUCCESS: org.springframework.boot:spring-boot-starter-actuator:jar:3.2.4:compile (sources = false)
2026.05.02 12:36:14 INFO  [INFO] Resolving artifact: org.springframework.boot:spring-boot-starter-actuator:jar:3.2.4:compile (sources = true)
2026.05.02 12:36:14 INFO  Downloading from central: https://repo.maven.apache.org/maven2/org/springframework/boot/spring-boot-starter-actuator/3.2.4/spring-boot-starter-actuator-3.2.4-sources.jar
2026.05.02 12:36:14 INFO  Progress (1): 4.7 kB
2026.05.02 12:36:14 INFO                      
2026.05.02 12:36:14 INFO  Downloaded from central: https://repo.maven.apache.org/maven2/org/springframework/boot/spring-boot-starter-actuator/3.2.4/spring-boot-starter-actuator-3.2.4-sources.jar (4.7 kB at 19 kB/s)
2026.05.02 12:36:14 INFO  [INFO] SUCCESS: org.springframework.boot:spring-boot-starter-actuator:jar:3.2.4:compile (sources = true)
2026.05.02 12:36:14 INFO  [INFO] Resolving artifact: org.springframework:spring-core:jar:6.1.5:compile (sources = false)
2026.05.02 12:36:14 INFO  [INFO] SUCCESS: org.springframework:spring-core:jar:6.1.5:compile (sources = false)
2026.05.02 12:36:14 INFO  [INFO] Resolving artifact: org.springframework:spring-core:jar:6.1.5:compile (sources = true)
2026.05.02 12:36:14 INFO  Downloading from central: https://repo.maven.apache.org/maven2/org/springframework/spring-core/6.1.5/spring-core-6.1.5-sources.jar
2026.05.02 12:36:14 INFO  Progress (1): 0/1.4 MB
2026.05.02 12:36:14 INFO  Progress (1): 0/1.4 MB
2026.05.02 12:36:14 INFO  Progress (1): 0/1.4 MB
2026.05.02 12:36:14 INFO  Progress (1): 0/1.4 MB
2026.05.02 12:36:14 INFO  Progress (1): 0/1.4 MB
2026.05.02 12:36:14 INFO  Progress (1): 0.1/1.4 MB
2026.05.02 12:36:14 INFO  Progress (1): 0.1/1.4 MB
2026.05.02 12:36:14 INFO  Progress (1): 0.1/1.4 MB
2026.05.02 12:36:14 INFO  Progress (1): 0.1/1.4 MB
2026.05.02 12:36:14 INFO  Progress (1): 0.1/1.4 MB
2026.05.02 12:36:14 INFO  Progress (1): 0.1/1.4 MB
2026.05.02 12:36:14 INFO  Progress (1): 0.1/1.4 MB
2026.05.02 12:36:14 INFO  Progress (1): 0.2/1.4 MB
2026.05.02 12:36:14 INFO  Progress (1): 0.2/1.4 MB
2026.05.02 12:36:14 INFO  Progress (1): 0.2/1.4 MB
2026.05.02 12:36:14 INFO  Progress (1): 0.2/1.4 MB
2026.05.02 12:36:14 INFO  Progress (1): 0.2/1.4 MB
2026.05.02 12:36:14 INFO  Progress (1): 0.2/1.4 MB
2026.05.02 12:36:14 INFO  Progress (1): 0.3/1.4 MB
2026.05.02 12:36:14 INFO  Progress (1): 0.3/1.4 MB
2026.05.02 12:36:14 INFO  Progress (1): 0.3/1.4 MB
2026.05.02 12:36:14 INFO  Progress (1): 0.3/1.4 MB
2026.05.02 12:36:14 INFO  Progress (1): 0.3/1.4 MB
2026.05.02 12:36:14 INFO  Progress (1): 0.3/1.4 MB
2026.05.02 12:36:14 INFO  Progress (1): 0.4/1.4 MB
2026.05.02 12:36:14 INFO  Progress (1): 0.4/1.4 MB
2026.05.02 12:36:14 INFO  Progress (1): 0.4/1.4 MB
2026.05.02 12:36:14 INFO  Progress (1): 0.4/1.4 MB
2026.05.02 12:36:14 INFO  Progress (1): 0.4/1.4 MB
2026.05.02 12:36:14 INFO  Progress (1): 0.4/1.4 MB
2026.05.02 12:36:14 INFO  Progress (1): 0.5/1.4 MB
2026.05.02 12:36:14 INFO  Progress (1): 0.5/1.4 MB
2026.05.02 12:36:14 INFO  Progress (1): 0.5/1.4 MB
2026.05.02 12:36:14 INFO  Progress (1): 0.5/1.4 MB
2026.05.02 12:36:14 INFO  Progress (1): 0.5/1.4 MB
2026.05.02 12:36:14 INFO  Progress (1): 0.5/1.4 MB
2026.05.02 12:36:14 INFO  Progress (1): 0.5/1.4 MB
2026.05.02 12:36:14 INFO  Progress (1): 0.6/1.4 MB
2026.05.02 12:36:14 INFO  Progress (1): 0.6/1.4 MB
2026.05.02 12:36:14 INFO  Progress (1): 0.6/1.4 MB
2026.05.02 12:36:14 INFO  Progress (1): 0.6/1.4 MB
2026.05.02 12:36:14 INFO  Progress (1): 0.6/1.4 MB
2026.05.02 12:36:14 INFO  Progress (1): 0.6/1.4 MB
2026.05.02 12:36:14 INFO  Progress (1): 0.7/1.4 MB
2026.05.02 12:36:14 INFO  Progress (1): 0.7/1.4 MB
2026.05.02 12:36:14 INFO  Progress (1): 0.7/1.4 MB
2026.05.02 12:36:14 INFO  Progress (1): 0.7/1.4 MB
2026.05.02 12:36:14 INFO  Progress (1): 0.7/1.4 MB
2026.05.02 12:36:14 INFO  Progress (1): 0.7/1.4 MB
2026.05.02 12:36:14 INFO  Progress (1): 0.8/1.4 MB
2026.05.02 12:36:14 INFO  Progress (1): 0.8/1.4 MB
2026.05.02 12:36:14 INFO  Progress (1): 0.8/1.4 MB
2026.05.02 12:36:14 INFO  Progress (1): 0.8/1.4 MB
2026.05.02 12:36:14 INFO  Progress (1): 0.8/1.4 MB
2026.05.02 12:36:14 INFO  Progress (1): 0.8/1.4 MB
2026.05.02 12:36:14 INFO  Progress (1): 0.9/1.4 MB
2026.05.02 12:36:14 INFO  Progress (1): 0.9/1.4 MB
2026.05.02 12:36:14 INFO  Progress (1): 0.9/1.4 MB
2026.05.02 12:36:14 INFO  Progress (1): 0.9/1.4 MB
2026.05.02 12:36:14 INFO  Progress (1): 0.9/1.4 MB
2026.05.02 12:36:14 INFO  Progress (1): 0.9/1.4 MB
2026.05.02 12:36:14 INFO  Progress (1): 1.0/1.4 MB
2026.05.02 12:36:14 INFO  Progress (1): 1.0/1.4 MB
2026.05.02 12:36:14 INFO  Progress (1): 1.0/1.4 MB
2026.05.02 12:36:14 INFO  Progress (1): 1.0/1.4 MB
2026.05.02 12:36:14 INFO  Progress (1): 1.0/1.4 MB
2026.05.02 12:36:14 INFO  Progress (1): 1.0/1.4 MB
2026.05.02 12:36:14 INFO  Progress (1): 1.1/1.4 MB
2026.05.02 12:36:14 INFO  Progress (1): 1.1/1.4 MB
2026.05.02 12:36:14 INFO  Progress (1): 1.1/1.4 MB
2026.05.02 12:36:14 INFO  Progress (1): 1.1/1.4 MB
2026.05.02 12:36:14 INFO  Progress (1): 1.1/1.4 MB
2026.05.02 12:36:14 INFO  Progress (1): 1.1/1.4 MB
2026.05.02 12:36:14 INFO  Progress (1): 1.2/1.4 MB
2026.05.02 12:36:14 INFO  Progress (1): 1.2/1.4 MB
2026.05.02 12:36:14 INFO  Progress (1): 1.2/1.4 MB
2026.05.02 12:36:14 INFO  Progress (1): 1.2/1.4 MB
2026.05.02 12:36:14 INFO  Progress (1): 1.2/1.4 MB
2026.05.02 12:36:14 INFO  Progress (1): 1.2/1.4 MB
2026.05.02 12:36:14 INFO  Progress (1): 1.3/1.4 MB
2026.05.02 12:36:14 INFO  Progress (1): 1.3/1.4 MB
2026.05.02 12:36:14 INFO  Progress (1): 1.3/1.4 MB
2026.05.02 12:36:14 INFO  Progress (1): 1.3/1.4 MB
2026.05.02 12:36:14 INFO  Progress (1): 1.3/1.4 MB
2026.05.02 12:36:14 INFO  Progress (1): 1.3/1.4 MB
2026.05.02 12:36:14 INFO  Progress (1): 1.4/1.4 MB
2026.05.02 12:36:14 INFO  Progress (1): 1.4/1.4 MB
2026.05.02 12:36:14 INFO  Progress (1): 1.4/1.4 MB
2026.05.02 12:36:14 INFO  Progress (1): 1.4/1.4 MB
2026.05.02 12:36:14 INFO  Progress (1): 1.4/1.4 MB
2026.05.02 12:36:14 INFO  Progress (1): 1.4 MB    
2026.05.02 12:36:14 INFO                      
2026.05.02 12:36:14 INFO  Downloaded from central: https://repo.maven.apache.org/maven2/org/springframework/spring-core/6.1.5/spring-core-6.1.5-sources.jar (1.4 MB at 3.6 MB/s)
2026.05.02 12:36:14 INFO  [INFO] SUCCESS: org.springframework:spring-core:jar:6.1.5:compile (sources = true)
2026.05.02 12:36:14 INFO  [INFO] Resolving artifact: com.fasterxml.jackson.module:jackson-module-parameter-names:jar:2.15.4:compile (sources = false)
2026.05.02 12:36:14 INFO  [INFO] SUCCESS: com.fasterxml.jackson.module:jackson-module-parameter-names:jar:2.15.4:compile (sources = false)
2026.05.02 12:36:14 INFO  [INFO] Resolving artifact: com.fasterxml.jackson.module:jackson-module-parameter-names:jar:2.15.4:compile (sources = true)
2026.05.02 12:36:14 INFO  Downloading from central: https://repo.maven.apache.org/maven2/com/fasterxml/jackson/module/jackson-module-parameter-names/2.15.4/jackson-module-parameter-names-2.15.4-sources.jar
2026.05.02 12:36:14 INFO  Progress (1): 7.7/7.8 kB
2026.05.02 12:36:14 INFO  Progress (1): 7.8 kB    
2026.05.02 12:36:14 INFO                      
2026.05.02 12:36:14 INFO  Downloaded from central: https://repo.maven.apache.org/maven2/com/fasterxml/jackson/module/jackson-module-parameter-names/2.15.4/jackson-module-parameter-names-2.15.4-sources.jar (7.8 kB at 30 kB/s)
2026.05.02 12:36:14 INFO  [INFO] SUCCESS: com.fasterxml.jackson.module:jackson-module-parameter-names:jar:2.15.4:compile (sources = true)
2026.05.02 12:36:14 INFO  [INFO] Resolving artifact: io.micrometer:micrometer-observation:jar:1.12.4:compile (sources = false)
2026.05.02 12:36:14 INFO  [INFO] SUCCESS: io.micrometer:micrometer-observation:jar:1.12.4:compile (sources = false)
2026.05.02 12:36:14 INFO  [INFO] Resolving artifact: io.micrometer:micrometer-observation:jar:1.12.4:compile (sources = true)
2026.05.02 12:36:14 INFO  Downloading from central: https://repo.maven.apache.org/maven2/io/micrometer/micrometer-observation/1.12.4/micrometer-observation-1.12.4-sources.jar
2026.05.02 12:36:15 INFO  Progress (1): 7.7/52 kB
2026.05.02 12:36:15 INFO  Progress (1): 16/52 kB 
2026.05.02 12:36:15 INFO  Progress (1): 25/52 kB
2026.05.02 12:36:15 INFO  Progress (1): 41/52 kB
2026.05.02 12:36:15 INFO  Progress (1): 52 kB   
2026.05.02 12:36:15 INFO                     
2026.05.02 12:36:15 INFO  Downloaded from central: https://repo.maven.apache.org/maven2/io/micrometer/micrometer-observation/1.12.4/micrometer-observation-1.12.4-sources.jar (52 kB at 246 kB/s)
2026.05.02 12:36:15 INFO  [INFO] SUCCESS: io.micrometer:micrometer-observation:jar:1.12.4:compile (sources = true)
2026.05.02 12:36:15 INFO  [INFO] Resolving artifact: jakarta.xml.bind:jakarta.xml.bind-api:jar:4.0.2:runtime (sources = false)
2026.05.02 12:36:15 INFO  [INFO] SUCCESS: jakarta.xml.bind:jakarta.xml.bind-api:jar:4.0.2:runtime (sources = false)
2026.05.02 12:36:15 INFO  [INFO] Resolving artifact: jakarta.xml.bind:jakarta.xml.bind-api:jar:4.0.2:runtime (sources = true)
2026.05.02 12:36:15 INFO  Downloading from central: https://repo.maven.apache.org/maven2/jakarta/xml/bind/jakarta.xml.bind-api/4.0.2/jakarta.xml.bind-api-4.0.2-sources.jar
2026.05.02 12:36:15 INFO  Progress (1): 3.2/198 kB
2026.05.02 12:36:15 INFO  Progress (1): 11/198 kB 
2026.05.02 12:36:15 INFO  Progress (1): 28/198 kB
2026.05.02 12:36:15 INFO  Progress (1): 44/198 kB
2026.05.02 12:36:15 INFO  Progress (1): 61/198 kB
2026.05.02 12:36:15 INFO  Progress (1): 77/198 kB
2026.05.02 12:36:15 INFO  Progress (1): 93/198 kB
2026.05.02 12:36:15 INFO  Progress (1): 110/198 kB
2026.05.02 12:36:15 INFO  Progress (1): 118/198 kB
2026.05.02 12:36:15 INFO  Progress (1): 134/198 kB
2026.05.02 12:36:15 INFO  Progress (1): 151/198 kB
2026.05.02 12:36:15 INFO  Progress (1): 159/198 kB
2026.05.02 12:36:15 INFO  Progress (1): 167/198 kB
2026.05.02 12:36:15 INFO  Progress (1): 183/198 kB
2026.05.02 12:36:15 INFO  Progress (1): 198 kB    
2026.05.02 12:36:15 INFO                      
2026.05.02 12:36:15 INFO  Downloaded from central: https://repo.maven.apache.org/maven2/jakarta/xml/bind/jakarta.xml.bind-api/4.0.2/jakarta.xml.bind-api-4.0.2-sources.jar (198 kB at 742 kB/s)
2026.05.02 12:36:15 INFO  [INFO] SUCCESS: jakarta.xml.bind:jakarta.xml.bind-api:jar:4.0.2:runtime (sources = true)
2026.05.02 12:36:15 INFO  [INFO] Resolving artifact: org.springframework.boot:spring-boot:jar:3.2.4:compile (sources = false)
2026.05.02 12:36:15 INFO  [INFO] SUCCESS: org.springframework.boot:spring-boot:jar:3.2.4:compile (sources = false)
2026.05.02 12:36:15 INFO  [INFO] Resolving artifact: org.springframework.boot:spring-boot:jar:3.2.4:compile (sources = true)
2026.05.02 12:36:15 INFO  Downloading from central: https://repo.maven.apache.org/maven2/org/springframework/boot/spring-boot/3.2.4/spring-boot-3.2.4-sources.jar
2026.05.02 12:36:15 INFO  Progress (1): 0/1.1 MB
2026.05.02 12:36:15 INFO  Progress (1): 0/1.1 MB
2026.05.02 12:36:15 INFO  Progress (1): 0/1.1 MB
2026.05.02 12:36:15 INFO  Progress (1): 0/1.1 MB
2026.05.02 12:36:15 INFO  Progress (1): 0/1.1 MB
2026.05.02 12:36:15 INFO  Progress (1): 0.1/1.1 MB
2026.05.02 12:36:15 INFO  Progress (1): 0.1/1.1 MB
2026.05.02 12:36:15 INFO  Progress (1): 0.1/1.1 MB
2026.05.02 12:36:15 INFO  Progress (1): 0.1/1.1 MB
2026.05.02 12:36:15 INFO  Progress (1): 0.1/1.1 MB
2026.05.02 12:36:15 INFO  Progress (1): 0.1/1.1 MB
2026.05.02 12:36:15 INFO  Progress (1): 0.1/1.1 MB
2026.05.02 12:36:15 INFO  Progress (1): 0.2/1.1 MB
2026.05.02 12:36:15 INFO  Progress (1): 0.2/1.1 MB
2026.05.02 12:36:15 INFO  Progress (1): 0.2/1.1 MB
2026.05.02 12:36:15 INFO  Progress (1): 0.2/1.1 MB
2026.05.02 12:36:15 INFO  Progress (1): 0.2/1.1 MB
2026.05.02 12:36:15 INFO  Progress (1): 0.2/1.1 MB
2026.05.02 12:36:15 INFO  Progress (1): 0.3/1.1 MB
2026.05.02 12:36:15 INFO  Progress (1): 0.3/1.1 MB
2026.05.02 12:36:15 INFO  Progress (1): 0.3/1.1 MB
2026.05.02 12:36:15 INFO  Progress (1): 0.3/1.1 MB
2026.05.02 12:36:15 INFO  Progress (1): 0.3/1.1 MB
2026.05.02 12:36:15 INFO  Progress (1): 0.3/1.1 MB
2026.05.02 12:36:15 INFO  Progress (1): 0.4/1.1 MB
2026.05.02 12:36:15 INFO  Progress (1): 0.4/1.1 MB
2026.05.02 12:36:15 INFO  Progress (1): 0.4/1.1 MB
2026.05.02 12:36:15 INFO  Progress (1): 0.4/1.1 MB
2026.05.02 12:36:15 INFO  Progress (1): 0.4/1.1 MB
2026.05.02 12:36:15 INFO  Progress (1): 0.4/1.1 MB
2026.05.02 12:36:15 INFO  Progress (1): 0.5/1.1 MB
2026.05.02 12:36:15 INFO  Progress (1): 0.5/1.1 MB
2026.05.02 12:36:15 INFO  Progress (1): 0.5/1.1 MB
2026.05.02 12:36:15 INFO  Progress (1): 0.5/1.1 MB
2026.05.02 12:36:15 INFO  Progress (1): 0.5/1.1 MB
2026.05.02 12:36:15 INFO  Progress (1): 0.5/1.1 MB
2026.05.02 12:36:15 INFO  Progress (1): 0.5/1.1 MB
2026.05.02 12:36:15 INFO  Progress (1): 0.6/1.1 MB
2026.05.02 12:36:15 INFO  Progress (1): 0.6/1.1 MB
2026.05.02 12:36:15 INFO  Progress (1): 0.6/1.1 MB
2026.05.02 12:36:15 INFO  Progress (1): 0.6/1.1 MB
2026.05.02 12:36:15 INFO  Progress (1): 0.6/1.1 MB
2026.05.02 12:36:15 INFO  Progress (1): 0.6/1.1 MB
2026.05.02 12:36:15 INFO  Progress (1): 0.7/1.1 MB
2026.05.02 12:36:15 INFO  Progress (1): 0.7/1.1 MB
2026.05.02 12:36:15 INFO  Progress (1): 0.7/1.1 MB
2026.05.02 12:36:15 INFO  Progress (1): 0.7/1.1 MB
2026.05.02 12:36:15 INFO  Progress (1): 0.7/1.1 MB
2026.05.02 12:36:15 INFO  Progress (1): 0.7/1.1 MB
2026.05.02 12:36:15 INFO  Progress (1): 0.8/1.1 MB
2026.05.02 12:36:15 INFO  Progress (1): 0.8/1.1 MB
2026.05.02 12:36:15 INFO  Progress (1): 0.8/1.1 MB
2026.05.02 12:36:15 INFO  Progress (1): 0.8/1.1 MB
2026.05.02 12:36:15 INFO  Progress (1): 0.8/1.1 MB
2026.05.02 12:36:15 INFO  Progress (1): 0.8/1.1 MB
2026.05.02 12:36:15 INFO  Progress (1): 0.9/1.1 MB
2026.05.02 12:36:15 INFO  Progress (1): 0.9/1.1 MB
2026.05.02 12:36:15 INFO  Progress (1): 0.9/1.1 MB
2026.05.02 12:36:15 INFO  Progress (1): 0.9/1.1 MB
2026.05.02 12:36:15 INFO  Progress (1): 0.9/1.1 MB
2026.05.02 12:36:15 INFO  Progress (1): 0.9/1.1 MB
2026.05.02 12:36:15 INFO  Progress (1): 1.0/1.1 MB
2026.05.02 12:36:15 INFO  Progress (1): 1.0/1.1 MB
2026.05.02 12:36:15 INFO  Progress (1): 1.0/1.1 MB
2026.05.02 12:36:15 INFO  Progress (1): 1.0/1.1 MB
2026.05.02 12:36:15 INFO  Progress (1): 1.0/1.1 MB
2026.05.02 12:36:15 INFO  Progress (1): 1.0/1.1 MB
2026.05.02 12:36:15 INFO  Progress (1): 1.1/1.1 MB
2026.05.02 12:36:15 INFO  Progress (1): 1.1/1.1 MB
2026.05.02 12:36:15 INFO  Progress (1): 1.1/1.1 MB
2026.05.02 12:36:15 INFO  Progress (1): 1.1/1.1 MB
2026.05.02 12:36:15 INFO  Progress (1): 1.1 MB    
2026.05.02 12:36:15 INFO                      
2026.05.02 12:36:15 INFO  Downloaded from central: https://repo.maven.apache.org/maven2/org/springframework/boot/spring-boot/3.2.4/spring-boot-3.2.4-sources.jar (1.1 MB at 3.5 MB/s)
2026.05.02 12:36:15 INFO  [INFO] SUCCESS: org.springframework.boot:spring-boot:jar:3.2.4:compile (sources = true)
2026.05.02 12:36:15 INFO  [INFO] Resolving artifact: org.apache.tomcat.embed:tomcat-embed-core:jar:10.1.19:compile (sources = false)
2026.05.02 12:36:15 INFO  [INFO] SUCCESS: org.apache.tomcat.embed:tomcat-embed-core:jar:10.1.19:compile (sources = false)
2026.05.02 12:36:15 INFO  [INFO] Resolving artifact: org.apache.tomcat.embed:tomcat-embed-core:jar:10.1.19:compile (sources = true)
2026.05.02 12:36:15 INFO  Downloading from central: https://repo.maven.apache.org/maven2/org/apache/tomcat/embed/tomcat-embed-core/10.1.19/tomcat-embed-core-10.1.19-sources.jar
2026.05.02 12:36:15 INFO  Progress (1): 0/3.6 MB
2026.05.02 12:36:15 INFO  Progress (1): 0/3.6 MB
2026.05.02 12:36:15 INFO  Progress (1): 0/3.6 MB
2026.05.02 12:36:15 INFO  Progress (1): 0/3.6 MB
2026.05.02 12:36:15 INFO  Progress (1): 0.1/3.6 MB
2026.05.02 12:36:15 INFO  Progress (1): 0.1/3.6 MB
2026.05.02 12:36:15 INFO  Progress (1): 0.1/3.6 MB
2026.05.02 12:36:15 INFO  Progress (1): 0.1/3.6 MB
2026.05.02 12:36:15 INFO  Progress (1): 0.1/3.6 MB
2026.05.02 12:36:15 INFO  Progress (1): 0.1/3.6 MB
2026.05.02 12:36:15 INFO  Progress (1): 0.1/3.6 MB
2026.05.02 12:36:15 INFO  Progress (1): 0.1/3.6 MB
2026.05.02 12:36:15 INFO  Progress (1): 0.2/3.6 MB
2026.05.02 12:36:15 INFO  Progress (1): 0.2/3.6 MB
2026.05.02 12:36:15 INFO  Progress (1): 0.2/3.6 MB
2026.05.02 12:36:15 INFO  Progress (1): 0.2/3.6 MB
2026.05.02 12:36:15 INFO  Progress (1): 0.2/3.6 MB
2026.05.02 12:36:15 INFO  Progress (1): 0.2/3.6 MB
2026.05.02 12:36:15 INFO  Progress (1): 0.3/3.6 MB
2026.05.02 12:36:15 INFO  Progress (1): 0.3/3.6 MB
2026.05.02 12:36:15 INFO  Progress (1): 0.3/3.6 MB
2026.05.02 12:36:15 INFO  Progress (1): 0.3/3.6 MB
2026.05.02 12:36:15 INFO  Progress (1): 0.3/3.6 MB
2026.05.02 12:36:15 INFO  Progress (1): 0.3/3.6 MB
2026.05.02 12:36:15 INFO  Progress (1): 0.4/3.6 MB
2026.05.02 12:36:15 INFO  Progress (1): 0.4/3.6 MB
2026.05.02 12:36:15 INFO  Progress (1): 0.4/3.6 MB
2026.05.02 12:36:15 INFO  Progress (1): 0.4/3.6 MB
2026.05.02 12:36:15 INFO  Progress (1): 0.4/3.6 MB
2026.05.02 12:36:15 INFO  Progress (1): 0.4/3.6 MB
2026.05.02 12:36:15 INFO  Progress (1): 0.5/3.6 MB
2026.05.02 12:36:15 INFO  Progress (1): 0.5/3.6 MB
2026.05.02 12:36:15 INFO  Progress (1): 0.5/3.6 MB
2026.05.02 12:36:15 INFO  Progress (1): 0.5/3.6 MB
2026.05.02 12:36:15 INFO  Progress (1): 0.5/3.6 MB
2026.05.02 12:36:15 INFO  Progress (1): 0.5/3.6 MB
2026.05.02 12:36:15 INFO  Progress (1): 0.6/3.6 MB
2026.05.02 12:36:15 INFO  Progress (1): 0.6/3.6 MB
2026.05.02 12:36:15 INFO  Progress (1): 0.6/3.6 MB
2026.05.02 12:36:15 INFO  Progress (1): 0.6/3.6 MB
2026.05.02 12:36:15 INFO  Progress (1): 0.6/3.6 MB
2026.05.02 12:36:15 INFO  Progress (1): 0.6/3.6 MB
2026.05.02 12:36:15 INFO  Progress (1): 0.7/3.6 MB
2026.05.02 12:36:15 INFO  Progress (1): 0.7/3.6 MB
2026.05.02 12:36:15 INFO  Progress (1): 0.7/3.6 MB
2026.05.02 12:36:15 INFO  Progress (1): 0.7/3.6 MB
2026.05.02 12:36:15 INFO  Progress (1): 0.7/3.6 MB
2026.05.02 12:36:15 INFO  Progress (1): 0.7/3.6 MB
2026.05.02 12:36:15 INFO  Progress (1): 0.7/3.6 MB
2026.05.02 12:36:15 INFO  Progress (1): 0.8/3.6 MB
2026.05.02 12:36:15 INFO  Progress (1): 0.8/3.6 MB
2026.05.02 12:36:15 INFO  Progress (1): 0.8/3.6 MB
2026.05.02 12:36:15 INFO  Progress (1): 0.8/3.6 MB
2026.05.02 12:36:15 INFO  Progress (1): 0.8/3.6 MB
2026.05.02 12:36:15 INFO  Progress (1): 0.8/3.6 MB
2026.05.02 12:36:15 INFO  Progress (1): 0.9/3.6 MB
2026.05.02 12:36:15 INFO  Progress (1): 0.9/3.6 MB
2026.05.02 12:36:15 INFO  Progress (1): 0.9/3.6 MB
2026.05.02 12:36:15 INFO  Progress (1): 0.9/3.6 MB
2026.05.02 12:36:15 INFO  Progress (1): 0.9/3.6 MB
2026.05.02 12:36:15 INFO  Progress (1): 0.9/3.6 MB
2026.05.02 12:36:15 INFO  Progress (1): 1.0/3.6 MB
2026.05.02 12:36:15 INFO  Progress (1): 1.0/3.6 MB
2026.05.02 12:36:16 INFO  Progress (1): 1.0/3.6 MB
2026.05.02 12:36:16 INFO  Progress (1): 1.0/3.6 MB
2026.05.02 12:36:16 INFO  Progress (1): 1.0/3.6 MB
2026.05.02 12:36:16 INFO  Progress (1): 1.0/3.6 MB
2026.05.02 12:36:16 INFO  Progress (1): 1.1/3.6 MB
2026.05.02 12:36:16 INFO  Progress (1): 1.1/3.6 MB
2026.05.02 12:36:16 INFO  Progress (1): 1.1/3.6 MB
2026.05.02 12:36:16 INFO  Progress (1): 1.1/3.6 MB
2026.05.02 12:36:16 INFO  Progress (1): 1.1/3.6 MB
2026.05.02 12:36:16 INFO  Progress (1): 1.1/3.6 MB
2026.05.02 12:36:16 INFO  Progress (1): 1.2/3.6 MB
2026.05.02 12:36:16 INFO  Progress (1): 1.2/3.6 MB
2026.05.02 12:36:16 INFO  Progress (1): 1.2/3.6 MB
2026.05.02 12:36:16 INFO  Progress (1): 1.2/3.6 MB
2026.05.02 12:36:16 INFO  Progress (1): 1.2/3.6 MB
2026.05.02 12:36:16 INFO  Progress (1): 1.2/3.6 MB
2026.05.02 12:36:16 INFO  Progress (1): 1.3/3.6 MB
2026.05.02 12:36:16 INFO  Progress (1): 1.3/3.6 MB
2026.05.02 12:36:16 INFO  Progress (1): 1.3/3.6 MB
2026.05.02 12:36:16 INFO  Progress (1): 1.3/3.6 MB
2026.05.02 12:36:16 INFO  Progress (1): 1.3/3.6 MB
2026.05.02 12:36:16 INFO  Progress (1): 1.3/3.6 MB
2026.05.02 12:36:16 INFO  Progress (1): 1.3/3.6 MB
2026.05.02 12:36:16 INFO  Progress (1): 1.4/3.6 MB
2026.05.02 12:36:16 INFO  Progress (1): 1.4/3.6 MB
2026.05.02 12:36:16 INFO  Progress (1): 1.4/3.6 MB
2026.05.02 12:36:16 INFO  Progress (1): 1.4/3.6 MB
2026.05.02 12:36:16 INFO  Progress (1): 1.4/3.6 MB
2026.05.02 12:36:16 INFO  Progress (1): 1.4/3.6 MB
2026.05.02 12:36:16 INFO  Progress (1): 1.5/3.6 MB
2026.05.02 12:36:16 INFO  Progress (1): 1.5/3.6 MB
2026.05.02 12:36:16 INFO  Progress (1): 1.5/3.6 MB
2026.05.02 12:36:16 INFO  Progress (1): 1.5/3.6 MB
2026.05.02 12:36:16 INFO  Progress (1): 1.5/3.6 MB
2026.05.02 12:36:16 INFO  Progress (1): 1.5/3.6 MB
2026.05.02 12:36:16 INFO  Progress (1): 1.6/3.6 MB
2026.05.02 12:36:16 INFO  Progress (1): 1.6/3.6 MB
2026.05.02 12:36:16 INFO  Progress (1): 1.6/3.6 MB
2026.05.02 12:36:16 INFO  Progress (1): 1.6/3.6 MB
2026.05.02 12:36:16 INFO  Progress (1): 1.6/3.6 MB
2026.05.02 12:36:16 INFO  Progress (1): 1.6/3.6 MB
2026.05.02 12:36:16 INFO  Progress (1): 1.7/3.6 MB
2026.05.02 12:36:16 INFO  Progress (1): 1.7/3.6 MB
2026.05.02 12:36:16 INFO  Progress (1): 1.7/3.6 MB
2026.05.02 12:36:16 INFO  Progress (1): 1.7/3.6 MB
2026.05.02 12:36:16 INFO  Progress (1): 1.7/3.6 MB
2026.05.02 12:36:16 INFO  Progress (1): 1.7/3.6 MB
2026.05.02 12:36:16 INFO  Progress (1): 1.8/3.6 MB
2026.05.02 12:36:16 INFO  Progress (1): 1.8/3.6 MB
2026.05.02 12:36:16 INFO  Progress (1): 1.8/3.6 MB
2026.05.02 12:36:16 INFO  Progress (1): 1.8/3.6 MB
2026.05.02 12:36:16 INFO  Progress (1): 1.8/3.6 MB
2026.05.02 12:36:16 INFO  Progress (1): 1.8/3.6 MB
2026.05.02 12:36:16 INFO  Progress (1): 1.9/3.6 MB
2026.05.02 12:36:16 INFO  Progress (1): 1.9/3.6 MB
2026.05.02 12:36:16 INFO  Progress (1): 1.9/3.6 MB
2026.05.02 12:36:16 INFO  Progress (1): 1.9/3.6 MB
2026.05.02 12:36:16 INFO  Progress (1): 1.9/3.6 MB
2026.05.02 12:36:16 INFO  Progress (1): 1.9/3.6 MB
2026.05.02 12:36:16 INFO  Progress (1): 2.0/3.6 MB
2026.05.02 12:36:16 INFO  Progress (1): 2.0/3.6 MB
2026.05.02 12:36:16 INFO  Progress (1): 2.0/3.6 MB
2026.05.02 12:36:16 INFO  Progress (1): 2.0/3.6 MB
2026.05.02 12:36:16 INFO  Progress (1): 2.0/3.6 MB
2026.05.02 12:36:16 INFO  Progress (1): 2.0/3.6 MB
2026.05.02 12:36:16 INFO  Progress (1): 2.1/3.6 MB
2026.05.02 12:36:16 INFO  Progress (1): 2.1/3.6 MB
2026.05.02 12:36:16 INFO  Progress (1): 2.1/3.6 MB
2026.05.02 12:36:16 INFO  Progress (1): 2.1/3.6 MB
2026.05.02 12:36:16 INFO  Progress (1): 2.1/3.6 MB
2026.05.02 12:36:16 INFO  Progress (1): 2.1/3.6 MB
2026.05.02 12:36:16 INFO  Progress (1): 2.2/3.6 MB
2026.05.02 12:36:16 INFO  Progress (1): 2.2/3.6 MB
2026.05.02 12:36:16 INFO  Progress (1): 2.2/3.6 MB
2026.05.02 12:36:16 INFO  Progress (1): 2.2/3.6 MB
2026.05.02 12:36:16 INFO  Progress (1): 2.2/3.6 MB
2026.05.02 12:36:16 INFO  Progress (1): 2.2/3.6 MB
2026.05.02 12:36:16 INFO  Progress (1): 2.3/3.6 MB
2026.05.02 12:36:16 INFO  Progress (1): 2.3/3.6 MB
2026.05.02 12:36:16 INFO  Progress (1): 2.3/3.6 MB
2026.05.02 12:36:16 INFO  Progress (1): 2.3/3.6 MB
2026.05.02 12:36:16 INFO  Progress (1): 2.3/3.6 MB
2026.05.02 12:36:16 INFO  Progress (1): 2.3/3.6 MB
2026.05.02 12:36:16 INFO  Progress (1): 2.3/3.6 MB
2026.05.02 12:36:16 INFO  Progress (1): 2.4/3.6 MB
2026.05.02 12:36:16 INFO  Progress (1): 2.4/3.6 MB
2026.05.02 12:36:16 INFO  Progress (1): 2.4/3.6 MB
2026.05.02 12:36:16 INFO  Progress (1): 2.4/3.6 MB
2026.05.02 12:36:16 INFO  Progress (1): 2.4/3.6 MB
2026.05.02 12:36:16 INFO  Progress (1): 2.4/3.6 MB
2026.05.02 12:36:16 INFO  Progress (1): 2.5/3.6 MB
2026.05.02 12:36:16 INFO  Progress (1): 2.5/3.6 MB
2026.05.02 12:36:16 INFO  Progress (1): 2.5/3.6 MB
2026.05.02 12:36:16 INFO  Progress (1): 2.5/3.6 MB
2026.05.02 12:36:16 INFO  Progress (1): 2.5/3.6 MB
2026.05.02 12:36:16 INFO  Progress (1): 2.5/3.6 MB
2026.05.02 12:36:16 INFO  Progress (1): 2.6/3.6 MB
2026.05.02 12:36:16 INFO  Progress (1): 2.6/3.6 MB
2026.05.02 12:36:16 INFO  Progress (1): 2.6/3.6 MB
2026.05.02 12:36:16 INFO  Progress (1): 2.6/3.6 MB
2026.05.02 12:36:16 INFO  Progress (1): 2.6/3.6 MB
2026.05.02 12:36:16 INFO  Progress (1): 2.6/3.6 MB
2026.05.02 12:36:16 INFO  Progress (1): 2.7/3.6 MB
2026.05.02 12:36:16 INFO  Progress (1): 2.7/3.6 MB
2026.05.02 12:36:16 INFO  Progress (1): 2.7/3.6 MB
2026.05.02 12:36:16 INFO  Progress (1): 2.7/3.6 MB
2026.05.02 12:36:16 INFO  Progress (1): 2.7/3.6 MB
2026.05.02 12:36:16 INFO  Progress (1): 2.7/3.6 MB
2026.05.02 12:36:16 INFO  Progress (1): 2.8/3.6 MB
2026.05.02 12:36:16 INFO  Progress (1): 2.8/3.6 MB
2026.05.02 12:36:16 INFO  Progress (1): 2.8/3.6 MB
2026.05.02 12:36:16 INFO  Progress (1): 2.8/3.6 MB
2026.05.02 12:36:16 INFO  Progress (1): 2.8/3.6 MB
2026.05.02 12:36:16 INFO  Progress (1): 2.8/3.6 MB
2026.05.02 12:36:16 INFO  Progress (1): 2.9/3.6 MB
2026.05.02 12:36:16 INFO  Progress (1): 2.9/3.6 MB
2026.05.02 12:36:16 INFO  Progress (1): 2.9/3.6 MB
2026.05.02 12:36:16 INFO  Progress (1): 2.9/3.6 MB
2026.05.02 12:36:16 INFO  Progress (1): 2.9/3.6 MB
2026.05.02 12:36:16 INFO  Progress (1): 2.9/3.6 MB
2026.05.02 12:36:16 INFO  Progress (1): 3.0/3.6 MB
2026.05.02 12:36:16 INFO  Progress (1): 3.0/3.6 MB
2026.05.02 12:36:16 INFO  Progress (1): 3.0/3.6 MB
2026.05.02 12:36:16 INFO  Progress (1): 3.0/3.6 MB
2026.05.02 12:36:16 INFO  Progress (1): 3.0/3.6 MB
2026.05.02 12:36:16 INFO  Progress (1): 3.0/3.6 MB
2026.05.02 12:36:16 INFO  Progress (1): 3.1/3.6 MB
2026.05.02 12:36:16 INFO  Progress (1): 3.1/3.6 MB
2026.05.02 12:36:16 INFO  Progress (1): 3.1/3.6 MB
2026.05.02 12:36:16 INFO  Progress (1): 3.1/3.6 MB
2026.05.02 12:36:16 INFO  Progress (1): 3.1/3.6 MB
2026.05.02 12:36:16 INFO  Progress (1): 3.1/3.6 MB
2026.05.02 12:36:16 INFO  Progress (1): 3.2/3.6 MB
2026.05.02 12:36:16 INFO  Progress (1): 3.2/3.6 MB
2026.05.02 12:36:16 INFO  Progress (1): 3.2/3.6 MB
2026.05.02 12:36:16 INFO  Progress (1): 3.2/3.6 MB
2026.05.02 12:36:16 INFO  Progress (1): 3.2/3.6 MB
2026.05.02 12:36:16 INFO  Progress (1): 3.2/3.6 MB
2026.05.02 12:36:16 INFO  Progress (1): 3.3/3.6 MB
2026.05.02 12:36:16 INFO  Progress (1): 3.3/3.6 MB
2026.05.02 12:36:16 INFO  Progress (1): 3.3/3.6 MB
2026.05.02 12:36:16 INFO  Progress (1): 3.3/3.6 MB
2026.05.02 12:36:16 INFO  Progress (1): 3.3/3.6 MB
2026.05.02 12:36:16 INFO  Progress (1): 3.3/3.6 MB
2026.05.02 12:36:16 INFO  Progress (1): 3.3/3.6 MB
2026.05.02 12:36:16 INFO  Progress (1): 3.4/3.6 MB
2026.05.02 12:36:16 INFO  Progress (1): 3.4/3.6 MB
2026.05.02 12:36:16 INFO  Progress (1): 3.4/3.6 MB
2026.05.02 12:36:16 INFO  Progress (1): 3.4/3.6 MB
2026.05.02 12:36:16 INFO  Progress (1): 3.4/3.6 MB
2026.05.02 12:36:16 INFO  Progress (1): 3.4/3.6 MB
2026.05.02 12:36:16 INFO  Progress (1): 3.5/3.6 MB
2026.05.02 12:36:16 INFO  Progress (1): 3.5/3.6 MB
2026.05.02 12:36:16 INFO  Progress (1): 3.5/3.6 MB
2026.05.02 12:36:16 INFO  Progress (1): 3.5/3.6 MB
2026.05.02 12:36:16 INFO  Progress (1): 3.5/3.6 MB
2026.05.02 12:36:16 INFO  Progress (1): 3.5/3.6 MB
2026.05.02 12:36:16 INFO  Progress (1): 3.6/3.6 MB
2026.05.02 12:36:16 INFO  Progress (1): 3.6 MB    
2026.05.02 12:36:16 INFO                      
2026.05.02 12:36:16 INFO  Downloaded from central: https://repo.maven.apache.org/maven2/org/apache/tomcat/embed/tomcat-embed-core/10.1.19/tomcat-embed-core-10.1.19-sources.jar (3.6 MB at 4.9 MB/s)
2026.05.02 12:36:16 INFO  [INFO] SUCCESS: org.apache.tomcat.embed:tomcat-embed-core:jar:10.1.19:compile (sources = true)
2026.05.02 12:36:16 INFO  [INFO] Resolving artifact: org.springframework.boot:spring-boot-starter-json:jar:3.2.4:compile (sources = false)
2026.05.02 12:36:16 INFO  [INFO] SUCCESS: org.springframework.boot:spring-boot-starter-json:jar:3.2.4:compile (sources = false)
2026.05.02 12:36:16 INFO  [INFO] Resolving artifact: org.springframework.boot:spring-boot-starter-json:jar:3.2.4:compile (sources = true)
2026.05.02 12:36:16 INFO  Downloading from central: https://repo.maven.apache.org/maven2/org/springframework/boot/spring-boot-starter-json/3.2.4/spring-boot-starter-json-3.2.4-sources.jar
2026.05.02 12:36:16 INFO  Progress (1): 4.7 kB
2026.05.02 12:36:16 INFO                      
2026.05.02 12:36:16 INFO  Downloaded from central: https://repo.maven.apache.org/maven2/org/springframework/boot/spring-boot-starter-json/3.2.4/spring-boot-starter-json-3.2.4-sources.jar (4.7 kB at 33 kB/s)
2026.05.02 12:36:16 INFO  [INFO] SUCCESS: org.springframework.boot:spring-boot-starter-json:jar:3.2.4:compile (sources = true)
2026.05.02 12:36:16 INFO  [INFO] Resolving artifact: jakarta.annotation:jakarta.annotation-api:jar:2.1.1:compile (sources = false)
2026.05.02 12:36:16 INFO  [INFO] SUCCESS: jakarta.annotation:jakarta.annotation-api:jar:2.1.1:compile (sources = false)
2026.05.02 12:36:16 INFO  [INFO] Resolving artifact: jakarta.annotation:jakarta.annotation-api:jar:2.1.1:compile (sources = true)
2026.05.02 12:36:16 INFO  [INFO] SUCCESS: jakarta.annotation:jakarta.annotation-api:jar:2.1.1:compile (sources = true)
2026.05.02 12:36:16 INFO  [INFO] Resolving artifact: org.springframework.data:spring-data-commons:jar:3.2.4:compile (sources = false)
2026.05.02 12:36:16 INFO  [INFO] SUCCESS: org.springframework.data:spring-data-commons:jar:3.2.4:compile (sources = false)
2026.05.02 12:36:16 INFO  [INFO] Resolving artifact: org.springframework.data:spring-data-commons:jar:3.2.4:compile (sources = true)
2026.05.02 12:36:16 INFO  Downloading from central: https://repo.maven.apache.org/maven2/org/springframework/data/spring-data-commons/3.2.4/spring-data-commons-3.2.4-sources.jar
2026.05.02 12:36:16 INFO  Progress (1): 7.7/929 kB
2026.05.02 12:36:16 INFO  Progress (1): 8.2/929 kB
2026.05.02 12:36:16 INFO  Progress (1): 25/929 kB 
2026.05.02 12:36:16 INFO  Progress (1): 41/929 kB
2026.05.02 12:36:16 INFO  Progress (1): 57/929 kB
2026.05.02 12:36:16 INFO  Progress (1): 74/929 kB
2026.05.02 12:36:16 INFO  Progress (1): 90/929 kB
2026.05.02 12:36:16 INFO  Progress (1): 106/929 kB
2026.05.02 12:36:16 INFO  Progress (1): 115/929 kB
2026.05.02 12:36:16 INFO  Progress (1): 123/929 kB
2026.05.02 12:36:16 INFO  Progress (1): 139/929 kB
2026.05.02 12:36:16 INFO  Progress (1): 147/929 kB
2026.05.02 12:36:16 INFO  Progress (1): 164/929 kB
2026.05.02 12:36:16 INFO  Progress (1): 180/929 kB
2026.05.02 12:36:16 INFO  Progress (1): 197/929 kB
2026.05.02 12:36:16 INFO  Progress (1): 213/929 kB
2026.05.02 12:36:16 INFO  Progress (1): 229/929 kB
2026.05.02 12:36:16 INFO  Progress (1): 246/929 kB
2026.05.02 12:36:16 INFO  Progress (1): 262/929 kB
2026.05.02 12:36:16 INFO  Progress (1): 279/929 kB
2026.05.02 12:36:16 INFO  Progress (1): 295/929 kB
2026.05.02 12:36:16 INFO  Progress (1): 311/929 kB
2026.05.02 12:36:16 INFO  Progress (1): 328/929 kB
2026.05.02 12:36:16 INFO  Progress (1): 344/929 kB
2026.05.02 12:36:16 INFO  Progress (1): 360/929 kB
2026.05.02 12:36:16 INFO  Progress (1): 377/929 kB
2026.05.02 12:36:16 INFO  Progress (1): 393/929 kB
2026.05.02 12:36:16 INFO  Progress (1): 410/929 kB
2026.05.02 12:36:16 INFO  Progress (1): 426/929 kB
2026.05.02 12:36:16 INFO  Progress (1): 442/929 kB
2026.05.02 12:36:16 INFO  Progress (1): 459/929 kB
2026.05.02 12:36:16 INFO  Progress (1): 475/929 kB
2026.05.02 12:36:16 INFO  Progress (1): 492/929 kB
2026.05.02 12:36:16 INFO  Progress (1): 508/929 kB
2026.05.02 12:36:16 INFO  Progress (1): 524/929 kB
2026.05.02 12:36:16 INFO  Progress (1): 541/929 kB
2026.05.02 12:36:16 INFO  Progress (1): 557/929 kB
2026.05.02 12:36:16 INFO  Progress (1): 573/929 kB
2026.05.02 12:36:16 INFO  Progress (1): 590/929 kB
2026.05.02 12:36:16 INFO  Progress (1): 606/929 kB
2026.05.02 12:36:16 INFO  Progress (1): 623/929 kB
2026.05.02 12:36:16 INFO  Progress (1): 639/929 kB
2026.05.02 12:36:16 INFO  Progress (1): 655/929 kB
2026.05.02 12:36:16 INFO  Progress (1): 672/929 kB
2026.05.02 12:36:16 INFO  Progress (1): 688/929 kB
2026.05.02 12:36:16 INFO  Progress (1): 705/929 kB
2026.05.02 12:36:16 INFO  Progress (1): 721/929 kB
2026.05.02 12:36:16 INFO  Progress (1): 737/929 kB
2026.05.02 12:36:16 INFO  Progress (1): 754/929 kB
2026.05.02 12:36:16 INFO  Progress (1): 770/929 kB
2026.05.02 12:36:16 INFO  Progress (1): 786/929 kB
2026.05.02 12:36:16 INFO  Progress (1): 803/929 kB
2026.05.02 12:36:16 INFO  Progress (1): 819/929 kB
2026.05.02 12:36:16 INFO  Progress (1): 836/929 kB
2026.05.02 12:36:16 INFO  Progress (1): 852/929 kB
2026.05.02 12:36:16 INFO  Progress (1): 868/929 kB
2026.05.02 12:36:16 INFO  Progress (1): 885/929 kB
2026.05.02 12:36:16 INFO  Progress (1): 901/929 kB
2026.05.02 12:36:16 INFO  Progress (1): 918/929 kB
2026.05.02 12:36:16 INFO  Progress (1): 929 kB    
2026.05.02 12:36:16 INFO                      
2026.05.02 12:36:16 INFO  Downloaded from central: https://repo.maven.apache.org/maven2/org/springframework/data/spring-data-commons/3.2.4/spring-data-commons-3.2.4-sources.jar (929 kB at 3.2 MB/s)
2026.05.02 12:36:16 INFO  [INFO] SUCCESS: org.springframework.data:spring-data-commons:jar:3.2.4:compile (sources = true)
2026.05.02 12:36:16 INFO  [INFO] Resolving artifact: jakarta.inject:jakarta.inject-api:jar:2.0.1:runtime (sources = false)
2026.05.02 12:36:16 INFO  [INFO] SUCCESS: jakarta.inject:jakarta.inject-api:jar:2.0.1:runtime (sources = false)
2026.05.02 12:36:16 INFO  [INFO] Resolving artifact: jakarta.inject:jakarta.inject-api:jar:2.0.1:runtime (sources = true)
2026.05.02 12:36:16 INFO  Downloading from central: https://repo.maven.apache.org/maven2/jakarta/inject/jakarta.inject-api/2.0.1/jakarta.inject-api-2.0.1-sources.jar
2026.05.02 12:36:17 INFO  Progress (1): 7.7/18 kB
2026.05.02 12:36:17 INFO  Progress (1): 16/18 kB 
2026.05.02 12:36:17 INFO  Progress (1): 18 kB   
2026.05.02 12:36:17 INFO                     
2026.05.02 12:36:17 INFO  Downloaded from central: https://repo.maven.apache.org/maven2/jakarta/inject/jakarta.inject-api/2.0.1/jakarta.inject-api-2.0.1-sources.jar (18 kB at 31 kB/s)
2026.05.02 12:36:17 INFO  [INFO] SUCCESS: jakarta.inject:jakarta.inject-api:jar:2.0.1:runtime (sources = true)
2026.05.02 12:36:17 INFO  [INFO] Resolving artifact: org.junit.jupiter:junit-jupiter-api:jar:5.10.2:test (sources = false)
2026.05.02 12:36:17 INFO  [INFO] SUCCESS: org.junit.jupiter:junit-jupiter-api:jar:5.10.2:test (sources = false)
2026.05.02 12:36:17 INFO  [INFO] Resolving artifact: org.junit.jupiter:junit-jupiter-api:jar:5.10.2:test (sources = true)
2026.05.02 12:36:17 INFO  Downloading from central: https://repo.maven.apache.org/maven2/org/junit/jupiter/junit-jupiter-api/5.10.2/junit-jupiter-api-5.10.2-sources.jar
2026.05.02 12:36:17 INFO  Progress (1): 7.7/210 kB
2026.05.02 12:36:17 INFO  Progress (1): 16/210 kB 
2026.05.02 12:36:17 INFO  Progress (1): 25/210 kB
2026.05.02 12:36:17 INFO  Progress (1): 41/210 kB
2026.05.02 12:36:17 INFO  Progress (1): 57/210 kB
2026.05.02 12:36:17 INFO  Progress (1): 74/210 kB
2026.05.02 12:36:17 INFO  Progress (1): 90/210 kB
2026.05.02 12:36:17 INFO  Progress (1): 106/210 kB
2026.05.02 12:36:17 INFO  Progress (1): 123/210 kB
2026.05.02 12:36:17 INFO  Progress (1): 139/210 kB
2026.05.02 12:36:17 INFO  Progress (1): 156/210 kB
2026.05.02 12:36:17 INFO  Progress (1): 164/210 kB
2026.05.02 12:36:17 INFO  Progress (1): 172/210 kB
2026.05.02 12:36:17 INFO  Progress (1): 188/210 kB
2026.05.02 12:36:17 INFO  Progress (1): 205/210 kB
2026.05.02 12:36:17 INFO  Progress (1): 210 kB    
2026.05.02 12:36:17 INFO                      
2026.05.02 12:36:17 INFO  Downloaded from central: https://repo.maven.apache.org/maven2/org/junit/jupiter/junit-jupiter-api/5.10.2/junit-jupiter-api-5.10.2-sources.jar (210 kB at 1.1 MB/s)
2026.05.02 12:36:17 INFO  [INFO] SUCCESS: org.junit.jupiter:junit-jupiter-api:jar:5.10.2:test (sources = true)
2026.05.02 12:36:17 INFO  [INFO] Resolving artifact: io.micrometer:micrometer-core:jar:1.12.4:compile (sources = false)
2026.05.02 12:36:17 INFO  [INFO] SUCCESS: io.micrometer:micrometer-core:jar:1.12.4:compile (sources = false)
2026.05.02 12:36:17 INFO  [INFO] Resolving artifact: io.micrometer:micrometer-core:jar:1.12.4:compile (sources = true)
2026.05.02 12:36:17 INFO  Downloading from central: https://repo.maven.apache.org/maven2/io/micrometer/micrometer-core/1.12.4/micrometer-core-1.12.4-sources.jar
2026.05.02 12:36:17 INFO  Progress (1): 7.7/531 kB
2026.05.02 12:36:17 INFO  Progress (1): 8.2/531 kB
2026.05.02 12:36:17 INFO  Progress (1): 25/531 kB 
2026.05.02 12:36:17 INFO  Progress (1): 41/531 kB
2026.05.02 12:36:17 INFO  Progress (1): 57/531 kB
2026.05.02 12:36:17 INFO  Progress (1): 74/531 kB
2026.05.02 12:36:17 INFO  Progress (1): 82/531 kB
2026.05.02 12:36:17 INFO  Progress (1): 98/531 kB
2026.05.02 12:36:17 INFO  Progress (1): 115/531 kB
2026.05.02 12:36:17 INFO  Progress (1): 131/531 kB
2026.05.02 12:36:17 INFO  Progress (1): 147/531 kB
2026.05.02 12:36:17 INFO  Progress (1): 164/531 kB
2026.05.02 12:36:17 INFO  Progress (1): 180/531 kB
2026.05.02 12:36:17 INFO  Progress (1): 197/531 kB
2026.05.02 12:36:17 INFO  Progress (1): 213/531 kB
2026.05.02 12:36:17 INFO  Progress (1): 229/531 kB
2026.05.02 12:36:17 INFO  Progress (1): 246/531 kB
2026.05.02 12:36:17 INFO  Progress (1): 262/531 kB
2026.05.02 12:36:17 INFO  Progress (1): 279/531 kB
2026.05.02 12:36:17 INFO  Progress (1): 295/531 kB
2026.05.02 12:36:17 INFO  Progress (1): 311/531 kB
2026.05.02 12:36:17 INFO  Progress (1): 328/531 kB
2026.05.02 12:36:17 INFO  Progress (1): 344/531 kB
2026.05.02 12:36:17 INFO  Progress (1): 360/531 kB
2026.05.02 12:36:17 INFO  Progress (1): 377/531 kB
2026.05.02 12:36:17 INFO  Progress (1): 393/531 kB
2026.05.02 12:36:17 INFO  Progress (1): 410/531 kB
2026.05.02 12:36:17 INFO  Progress (1): 426/531 kB
2026.05.02 12:36:17 INFO  Progress (1): 442/531 kB
2026.05.02 12:36:17 INFO  Progress (1): 459/531 kB
2026.05.02 12:36:17 INFO  Progress (1): 475/531 kB
2026.05.02 12:36:17 INFO  Progress (1): 492/531 kB
2026.05.02 12:36:17 INFO  Progress (1): 508/531 kB
2026.05.02 12:36:17 INFO  Progress (1): 524/531 kB
2026.05.02 12:36:17 INFO  Progress (1): 531 kB    
2026.05.02 12:36:17 INFO                      
2026.05.02 12:36:17 INFO  Downloaded from central: https://repo.maven.apache.org/maven2/io/micrometer/micrometer-core/1.12.4/micrometer-core-1.12.4-sources.jar (531 kB at 2.3 MB/s)
2026.05.02 12:36:18 INFO  [INFO] SUCCESS: io.micrometer:micrometer-core:jar:1.12.4:compile (sources = true)
2026.05.02 12:36:18 INFO  [INFO] Resolving artifact: org.springframework.data:spring-data-jpa:jar:3.2.4:compile (sources = false)
2026.05.02 12:36:18 INFO  [INFO] SUCCESS: org.springframework.data:spring-data-jpa:jar:3.2.4:compile (sources = false)
2026.05.02 12:36:18 INFO  [INFO] Resolving artifact: org.springframework.data:spring-data-jpa:jar:3.2.4:compile (sources = true)
2026.05.02 12:36:18 INFO  Downloading from central: https://repo.maven.apache.org/maven2/org/springframework/data/spring-data-jpa/3.2.4/spring-data-jpa-3.2.4-sources.jar
2026.05.02 12:36:18 INFO  Progress (1): 7.7/602 kB
2026.05.02 12:36:18 INFO  Progress (1): 8.2/602 kB
2026.05.02 12:36:18 INFO  Progress (1): 25/602 kB 
2026.05.02 12:36:18 INFO  Progress (1): 41/602 kB
2026.05.02 12:36:18 INFO  Progress (1): 57/602 kB
2026.05.02 12:36:18 INFO  Progress (1): 74/602 kB
2026.05.02 12:36:18 INFO  Progress (1): 90/602 kB
2026.05.02 12:36:18 INFO  Progress (1): 106/602 kB
2026.05.02 12:36:18 INFO  Progress (1): 123/602 kB
2026.05.02 12:36:18 INFO  Progress (1): 131/602 kB
2026.05.02 12:36:18 INFO  Progress (1): 147/602 kB
2026.05.02 12:36:18 INFO  Progress (1): 164/602 kB
2026.05.02 12:36:18 INFO  Progress (1): 180/602 kB
2026.05.02 12:36:18 INFO  Progress (1): 197/602 kB
2026.05.02 12:36:18 INFO  Progress (1): 213/602 kB
2026.05.02 12:36:18 INFO  Progress (1): 229/602 kB
2026.05.02 12:36:18 INFO  Progress (1): 246/602 kB
2026.05.02 12:36:18 INFO  Progress (1): 262/602 kB
2026.05.02 12:36:18 INFO  Progress (1): 279/602 kB
2026.05.02 12:36:18 INFO  Progress (1): 295/602 kB
2026.05.02 12:36:18 INFO  Progress (1): 311/602 kB
2026.05.02 12:36:18 INFO  Progress (1): 328/602 kB
2026.05.02 12:36:18 INFO  Progress (1): 344/602 kB
2026.05.02 12:36:18 INFO  Progress (1): 360/602 kB
2026.05.02 12:36:18 INFO  Progress (1): 377/602 kB
2026.05.02 12:36:18 INFO  Progress (1): 393/602 kB
2026.05.02 12:36:18 INFO  Progress (1): 410/602 kB
2026.05.02 12:36:18 INFO  Progress (1): 426/602 kB
2026.05.02 12:36:18 INFO  Progress (1): 442/602 kB
2026.05.02 12:36:18 INFO  Progress (1): 459/602 kB
2026.05.02 12:36:18 INFO  Progress (1): 475/602 kB
2026.05.02 12:36:18 INFO  Progress (1): 492/602 kB
2026.05.02 12:36:18 INFO  Progress (1): 508/602 kB
2026.05.02 12:36:18 INFO  Progress (1): 524/602 kB
2026.05.02 12:36:18 INFO  Progress (1): 541/602 kB
2026.05.02 12:36:18 INFO  Progress (1): 557/602 kB
2026.05.02 12:36:18 INFO  Progress (1): 573/602 kB
2026.05.02 12:36:18 INFO  Progress (1): 590/602 kB
2026.05.02 12:36:18 INFO  Progress (1): 602 kB    
2026.05.02 12:36:18 INFO                      
2026.05.02 12:36:18 INFO  Downloaded from central: https://repo.maven.apache.org/maven2/org/springframework/data/spring-data-jpa/3.2.4/spring-data-jpa-3.2.4-sources.jar (602 kB at 2.7 MB/s)
2026.05.02 12:36:18 INFO  [INFO] SUCCESS: org.springframework.data:spring-data-jpa:jar:3.2.4:compile (sources = true)
2026.05.02 12:36:18 INFO  [INFO] Resolving artifact: ch.qos.logback:logback-core:jar:1.4.14:compile (sources = false)
2026.05.02 12:36:18 INFO  [INFO] SUCCESS: ch.qos.logback:logback-core:jar:1.4.14:compile (sources = false)
2026.05.02 12:36:18 INFO  [INFO] Resolving artifact: ch.qos.logback:logback-core:jar:1.4.14:compile (sources = true)
2026.05.02 12:36:18 INFO  Downloading from central: https://repo.maven.apache.org/maven2/ch/qos/logback/logback-core/1.4.14/logback-core-1.4.14-sources.jar
2026.05.02 12:36:18 INFO  Progress (1): 7.7/466 kB
2026.05.02 12:36:18 INFO  Progress (1): 16/466 kB 
2026.05.02 12:36:18 INFO  Progress (1): 32/466 kB
2026.05.02 12:36:18 INFO  Progress (1): 49/466 kB
2026.05.02 12:36:18 INFO  Progress (1): 65/466 kB
2026.05.02 12:36:18 INFO  Progress (1): 81/466 kB
2026.05.02 12:36:18 INFO  Progress (1): 98/466 kB
2026.05.02 12:36:18 INFO  Progress (1): 114/466 kB
2026.05.02 12:36:18 INFO  Progress (1): 131/466 kB
2026.05.02 12:36:18 INFO  Progress (1): 147/466 kB
2026.05.02 12:36:18 INFO  Progress (1): 163/466 kB
2026.05.02 12:36:18 INFO  Progress (1): 180/466 kB
2026.05.02 12:36:18 INFO  Progress (1): 196/466 kB
2026.05.02 12:36:18 INFO  Progress (1): 212/466 kB
2026.05.02 12:36:18 INFO  Progress (1): 229/466 kB
2026.05.02 12:36:18 INFO  Progress (1): 245/466 kB
2026.05.02 12:36:18 INFO  Progress (1): 262/466 kB
2026.05.02 12:36:18 INFO  Progress (1): 278/466 kB
2026.05.02 12:36:18 INFO  Progress (1): 294/466 kB
2026.05.02 12:36:18 INFO  Progress (1): 311/466 kB
2026.05.02 12:36:18 INFO  Progress (1): 327/466 kB
2026.05.02 12:36:18 INFO  Progress (1): 344/466 kB
2026.05.02 12:36:18 INFO  Progress (1): 360/466 kB
2026.05.02 12:36:18 INFO  Progress (1): 376/466 kB
2026.05.02 12:36:18 INFO  Progress (1): 393/466 kB
2026.05.02 12:36:18 INFO  Progress (1): 409/466 kB
2026.05.02 12:36:18 INFO  Progress (1): 425/466 kB
2026.05.02 12:36:18 INFO  Progress (1): 442/466 kB
2026.05.02 12:36:18 INFO  Progress (1): 458/466 kB
2026.05.02 12:36:18 INFO  Progress (1): 466 kB    
2026.05.02 12:36:18 INFO                      
2026.05.02 12:36:18 INFO  Downloaded from central: https://repo.maven.apache.org/maven2/ch/qos/logback/logback-core/1.4.14/logback-core-1.4.14-sources.jar (466 kB at 2.2 MB/s)
2026.05.02 12:36:18 INFO  [INFO] SUCCESS: ch.qos.logback:logback-core:jar:1.4.14:compile (sources = true)
2026.05.02 12:36:18 INFO  [INFO] Resolving artifact: io.smallrye:jandex:jar:3.1.2:runtime (sources = false)
2026.05.02 12:36:18 INFO  [INFO] SUCCESS: io.smallrye:jandex:jar:3.1.2:runtime (sources = false)
2026.05.02 12:36:18 INFO  [INFO] Resolving artifact: io.smallrye:jandex:jar:3.1.2:runtime (sources = true)
2026.05.02 12:36:18 INFO  Downloading from central: https://repo.maven.apache.org/maven2/io/smallrye/jandex/3.1.2/jandex-3.1.2-sources.jar
2026.05.02 12:36:18 INFO  Progress (1): 7.7/199 kB
2026.05.02 12:36:18 INFO  Progress (1): 16/199 kB 
2026.05.02 12:36:18 INFO  Progress (1): 25/199 kB
2026.05.02 12:36:18 INFO  Progress (1): 41/199 kB
2026.05.02 12:36:18 INFO  Progress (1): 57/199 kB
2026.05.02 12:36:18 INFO  Progress (1): 74/199 kB
2026.05.02 12:36:18 INFO  Progress (1): 90/199 kB
2026.05.02 12:36:18 INFO  Progress (1): 106/199 kB
2026.05.02 12:36:18 INFO  Progress (1): 115/199 kB
2026.05.02 12:36:18 INFO  Progress (1): 131/199 kB
2026.05.02 12:36:18 INFO  Progress (1): 147/199 kB
2026.05.02 12:36:18 INFO  Progress (1): 164/199 kB
2026.05.02 12:36:18 INFO  Progress (1): 180/199 kB
2026.05.02 12:36:18 INFO  Progress (1): 197/199 kB
2026.05.02 12:36:18 INFO  Progress (1): 199 kB    
2026.05.02 12:36:18 INFO                      
2026.05.02 12:36:18 INFO  Downloaded from central: https://repo.maven.apache.org/maven2/io/smallrye/jandex/3.1.2/jandex-3.1.2-sources.jar (199 kB at 1.2 MB/s)
2026.05.02 12:36:18 INFO  [INFO] SUCCESS: io.smallrye:jandex:jar:3.1.2:runtime (sources = true)
2026.05.02 12:36:18 INFO  [INFO] Resolving artifact: org.junit.jupiter:junit-jupiter-params:jar:5.10.2:test (sources = false)
2026.05.02 12:36:18 INFO  [INFO] SUCCESS: org.junit.jupiter:junit-jupiter-params:jar:5.10.2:test (sources = false)
2026.05.02 12:36:18 INFO  [INFO] Resolving artifact: org.junit.jupiter:junit-jupiter-params:jar:5.10.2:test (sources = true)
2026.05.02 12:36:18 INFO  Downloading from central: https://repo.maven.apache.org/maven2/org/junit/jupiter/junit-jupiter-params/5.10.2/junit-jupiter-params-5.10.2-sources.jar
2026.05.02 12:36:18 INFO  Progress (1): 3.2/83 kB
2026.05.02 12:36:18 INFO  Progress (1): 20/83 kB 
2026.05.02 12:36:18 INFO  Progress (1): 28/83 kB
2026.05.02 12:36:18 INFO  Progress (1): 44/83 kB
2026.05.02 12:36:18 INFO  Progress (1): 61/83 kB
2026.05.02 12:36:18 INFO  Progress (1): 77/83 kB
2026.05.02 12:36:18 INFO  Progress (1): 83 kB   
2026.05.02 12:36:18 INFO                     
2026.05.02 12:36:18 INFO  Downloaded from central: https://repo.maven.apache.org/maven2/org/junit/jupiter/junit-jupiter-params/5.10.2/junit-jupiter-params-5.10.2-sources.jar (83 kB at 538 kB/s)
2026.05.02 12:36:18 INFO  [INFO] SUCCESS: org.junit.jupiter:junit-jupiter-params:jar:5.10.2:test (sources = true)
2026.05.02 12:36:18 INFO  [INFO] Resolving artifact: com.jayway.jsonpath:json-path:jar:2.9.0:test (sources = false)
2026.05.02 12:36:18 INFO  [INFO] SUCCESS: com.jayway.jsonpath:json-path:jar:2.9.0:test (sources = false)
2026.05.02 12:36:18 INFO  [INFO] Resolving artifact: com.jayway.jsonpath:json-path:jar:2.9.0:test (sources = true)
2026.05.02 12:36:18 INFO  [INFO] SUCCESS: com.jayway.jsonpath:json-path:jar:2.9.0:test (sources = true)
2026.05.02 12:36:18 INFO  [INFO] Resolving artifact: org.glassfish.jaxb:txw2:jar:4.0.5:runtime (sources = false)
2026.05.02 12:36:18 INFO  [INFO] SUCCESS: org.glassfish.jaxb:txw2:jar:4.0.5:runtime (sources = false)
2026.05.02 12:36:18 INFO  [INFO] Resolving artifact: org.glassfish.jaxb:txw2:jar:4.0.5:runtime (sources = true)
2026.05.02 12:36:18 INFO  Downloading from central: https://repo.maven.apache.org/maven2/org/glassfish/jaxb/txw2/4.0.5/txw2-4.0.5-sources.jar
2026.05.02 12:36:18 INFO  Progress (1): 7.7/70 kB
2026.05.02 12:36:18 INFO  Progress (1): 11/70 kB 
2026.05.02 12:36:18 INFO  Progress (1): 28/70 kB
2026.05.02 12:36:18 INFO  Progress (1): 44/70 kB
2026.05.02 12:36:18 INFO  Progress (1): 61/70 kB
2026.05.02 12:36:18 INFO  Progress (1): 70 kB   
2026.05.02 12:36:18 INFO                     
2026.05.02 12:36:18 INFO  Downloaded from central: https://repo.maven.apache.org/maven2/org/glassfish/jaxb/txw2/4.0.5/txw2-4.0.5-sources.jar (70 kB at 533 kB/s)
2026.05.02 12:36:18 INFO  [INFO] SUCCESS: org.glassfish.jaxb:txw2:jar:4.0.5:runtime (sources = true)
2026.05.02 12:36:18 INFO  [INFO] Resolving artifact: org.apiguardian:apiguardian-api:jar:1.1.2:test (sources = false)
2026.05.02 12:36:18 INFO  [INFO] SUCCESS: org.apiguardian:apiguardian-api:jar:1.1.2:test (sources = false)
2026.05.02 12:36:18 INFO  [INFO] Resolving artifact: org.apiguardian:apiguardian-api:jar:1.1.2:test (sources = true)
2026.05.02 12:36:18 INFO  [INFO] SUCCESS: org.apiguardian:apiguardian-api:jar:1.1.2:test (sources = true)
2026.05.02 12:36:18 INFO  [INFO] Resolving artifact: org.aspectj:aspectjweaver:jar:1.9.21:compile (sources = false)
2026.05.02 12:36:18 INFO  [INFO] SUCCESS: org.aspectj:aspectjweaver:jar:1.9.21:compile (sources = false)
2026.05.02 12:36:18 INFO  [INFO] Resolving artifact: org.aspectj:aspectjweaver:jar:1.9.21:compile (sources = true)
2026.05.02 12:36:18 INFO  Downloading from central: https://repo.maven.apache.org/maven2/org/aspectj/aspectjweaver/1.9.21/aspectjweaver-1.9.21-sources.jar
2026.05.02 12:36:19 INFO  Progress (1): 0/1.7 MB
2026.05.02 12:36:19 INFO  Progress (1): 0/1.7 MB
2026.05.02 12:36:19 INFO  Progress (1): 0/1.7 MB
2026.05.02 12:36:19 INFO  Progress (1): 0/1.7 MB
2026.05.02 12:36:19 INFO  Progress (1): 0/1.7 MB
2026.05.02 12:36:19 INFO  Progress (1): 0.1/1.7 MB
2026.05.02 12:36:19 INFO  Progress (1): 0.1/1.7 MB
2026.05.02 12:36:19 INFO  Progress (1): 0.1/1.7 MB
2026.05.02 12:36:19 INFO  Progress (1): 0.1/1.7 MB
2026.05.02 12:36:19 INFO  Progress (1): 0.1/1.7 MB
2026.05.02 12:36:19 INFO  Progress (1): 0.1/1.7 MB
2026.05.02 12:36:19 INFO  Progress (1): 0.2/1.7 MB
2026.05.02 12:36:19 INFO  Progress (1): 0.2/1.7 MB
2026.05.02 12:36:19 INFO  Progress (1): 0.2/1.7 MB
2026.05.02 12:36:19 INFO  Progress (1): 0.2/1.7 MB
2026.05.02 12:36:19 INFO  Progress (1): 0.2/1.7 MB
2026.05.02 12:36:19 INFO  Progress (1): 0.2/1.7 MB
2026.05.02 12:36:19 INFO  Progress (1): 0.3/1.7 MB
2026.05.02 12:36:19 INFO  Progress (1): 0.3/1.7 MB
2026.05.02 12:36:19 INFO  Progress (1): 0.3/1.7 MB
2026.05.02 12:36:19 INFO  Progress (1): 0.3/1.7 MB
2026.05.02 12:36:19 INFO  Progress (1): 0.3/1.7 MB
2026.05.02 12:36:19 INFO  Progress (1): 0.3/1.7 MB
2026.05.02 12:36:19 INFO  Progress (1): 0.4/1.7 MB
2026.05.02 12:36:19 INFO  Progress (1): 0.4/1.7 MB
2026.05.02 12:36:19 INFO  Progress (1): 0.4/1.7 MB
2026.05.02 12:36:19 INFO  Progress (1): 0.4/1.7 MB
2026.05.02 12:36:19 INFO  Progress (1): 0.4/1.7 MB
2026.05.02 12:36:19 INFO  Progress (1): 0.4/1.7 MB
2026.05.02 12:36:19 INFO  Progress (1): 0.5/1.7 MB
2026.05.02 12:36:19 INFO  Progress (1): 0.5/1.7 MB
2026.05.02 12:36:19 INFO  Progress (1): 0.5/1.7 MB
2026.05.02 12:36:19 INFO  Progress (1): 0.5/1.7 MB
2026.05.02 12:36:19 INFO  Progress (1): 0.5/1.7 MB
2026.05.02 12:36:19 INFO  Progress (1): 0.5/1.7 MB
2026.05.02 12:36:19 INFO  Progress (1): 0.6/1.7 MB
2026.05.02 12:36:19 INFO  Progress (1): 0.6/1.7 MB
2026.05.02 12:36:19 INFO  Progress (1): 0.6/1.7 MB
2026.05.02 12:36:19 INFO  Progress (1): 0.6/1.7 MB
2026.05.02 12:36:19 INFO  Progress (1): 0.6/1.7 MB
2026.05.02 12:36:19 INFO  Progress (1): 0.6/1.7 MB
2026.05.02 12:36:19 INFO  Progress (1): 0.7/1.7 MB
2026.05.02 12:36:19 INFO  Progress (1): 0.7/1.7 MB
2026.05.02 12:36:19 INFO  Progress (1): 0.7/1.7 MB
2026.05.02 12:36:19 INFO  Progress (1): 0.7/1.7 MB
2026.05.02 12:36:19 INFO  Progress (1): 0.7/1.7 MB
2026.05.02 12:36:19 INFO  Progress (1): 0.7/1.7 MB
2026.05.02 12:36:19 INFO  Progress (1): 0.8/1.7 MB
2026.05.02 12:36:19 INFO  Progress (1): 0.8/1.7 MB
2026.05.02 12:36:19 INFO  Progress (1): 0.8/1.7 MB
2026.05.02 12:36:19 INFO  Progress (1): 0.8/1.7 MB
2026.05.02 12:36:19 INFO  Progress (1): 0.8/1.7 MB
2026.05.02 12:36:19 INFO  Progress (1): 0.8/1.7 MB
2026.05.02 12:36:19 INFO  Progress (1): 0.9/1.7 MB
2026.05.02 12:36:19 INFO  Progress (1): 0.9/1.7 MB
2026.05.02 12:36:19 INFO  Progress (1): 0.9/1.7 MB
2026.05.02 12:36:19 INFO  Progress (1): 0.9/1.7 MB
2026.05.02 12:36:19 INFO  Progress (1): 0.9/1.7 MB
2026.05.02 12:36:19 INFO  Progress (1): 0.9/1.7 MB
2026.05.02 12:36:19 INFO  Progress (1): 1.0/1.7 MB
2026.05.02 12:36:19 INFO  Progress (1): 1.0/1.7 MB
2026.05.02 12:36:19 INFO  Progress (1): 1.0/1.7 MB
2026.05.02 12:36:19 INFO  Progress (1): 1.0/1.7 MB
2026.05.02 12:36:19 INFO  Progress (1): 1.0/1.7 MB
2026.05.02 12:36:19 INFO  Progress (1): 1.0/1.7 MB
2026.05.02 12:36:19 INFO  Progress (1): 1.0/1.7 MB
2026.05.02 12:36:19 INFO  Progress (1): 1.1/1.7 MB
2026.05.02 12:36:19 INFO  Progress (1): 1.1/1.7 MB
2026.05.02 12:36:19 INFO  Progress (1): 1.1/1.7 MB
2026.05.02 12:36:19 INFO  Progress (1): 1.1/1.7 MB
2026.05.02 12:36:19 INFO  Progress (1): 1.1/1.7 MB
2026.05.02 12:36:19 INFO  Progress (1): 1.1/1.7 MB
2026.05.02 12:36:19 INFO  Progress (1): 1.2/1.7 MB
2026.05.02 12:36:19 INFO  Progress (1): 1.2/1.7 MB
2026.05.02 12:36:19 INFO  Progress (1): 1.2/1.7 MB
2026.05.02 12:36:19 INFO  Progress (1): 1.2/1.7 MB
2026.05.02 12:36:19 INFO  Progress (1): 1.2/1.7 MB
2026.05.02 12:36:19 INFO  Progress (1): 1.2/1.7 MB
2026.05.02 12:36:19 INFO  Progress (1): 1.3/1.7 MB
2026.05.02 12:36:19 INFO  Progress (1): 1.3/1.7 MB
2026.05.02 12:36:19 INFO  Progress (1): 1.3/1.7 MB
2026.05.02 12:36:19 INFO  Progress (1): 1.3/1.7 MB
2026.05.02 12:36:19 INFO  Progress (1): 1.3/1.7 MB
2026.05.02 12:36:19 INFO  Progress (1): 1.3/1.7 MB
2026.05.02 12:36:19 INFO  Progress (1): 1.4/1.7 MB
2026.05.02 12:36:19 INFO  Progress (1): 1.4/1.7 MB
2026.05.02 12:36:19 INFO  Progress (1): 1.4/1.7 MB
2026.05.02 12:36:19 INFO  Progress (1): 1.4/1.7 MB
2026.05.02 12:36:19 INFO  Progress (1): 1.4/1.7 MB
2026.05.02 12:36:19 INFO  Progress (1): 1.4/1.7 MB
2026.05.02 12:36:19 INFO  Progress (1): 1.5/1.7 MB
2026.05.02 12:36:19 INFO  Progress (1): 1.5/1.7 MB
2026.05.02 12:36:19 INFO  Progress (1): 1.5/1.7 MB
2026.05.02 12:36:19 INFO  Progress (1): 1.5/1.7 MB
2026.05.02 12:36:19 INFO  Progress (1): 1.5/1.7 MB
2026.05.02 12:36:19 INFO  Progress (1): 1.5/1.7 MB
2026.05.02 12:36:19 INFO  Progress (1): 1.6/1.7 MB
2026.05.02 12:36:19 INFO  Progress (1): 1.6/1.7 MB
2026.05.02 12:36:19 INFO  Progress (1): 1.6/1.7 MB
2026.05.02 12:36:19 INFO  Progress (1): 1.6/1.7 MB
2026.05.02 12:36:19 INFO  Progress (1): 1.6/1.7 MB
2026.05.02 12:36:19 INFO  Progress (1): 1.6/1.7 MB
2026.05.02 12:36:19 INFO  Progress (1): 1.7/1.7 MB
2026.05.02 12:36:19 INFO  Progress (1): 1.7 MB    
2026.05.02 12:36:19 INFO                      
2026.05.02 12:36:19 INFO  Downloaded from central: https://repo.maven.apache.org/maven2/org/aspectj/aspectjweaver/1.9.21/aspectjweaver-1.9.21-sources.jar (1.7 MB at 2.7 MB/s)
2026.05.02 12:36:19 INFO  [INFO] SUCCESS: org.aspectj:aspectjweaver:jar:1.9.21:compile (sources = true)
2026.05.02 12:36:19 INFO  [INFO] Resolving artifact: org.latencyutils:LatencyUtils:jar:2.0.3:runtime (sources = false)
2026.05.02 12:36:19 INFO  [INFO] SUCCESS: org.latencyutils:LatencyUtils:jar:2.0.3:runtime (sources = false)
2026.05.02 12:36:19 INFO  [INFO] Resolving artifact: org.latencyutils:LatencyUtils:jar:2.0.3:runtime (sources = true)
2026.05.02 12:36:19 INFO  Downloading from central: https://repo.maven.apache.org/maven2/org/latencyutils/LatencyUtils/2.0.3/LatencyUtils-2.0.3-sources.jar
2026.05.02 12:36:19 INFO  Progress (1): 8.2/19 kB
2026.05.02 12:36:19 INFO  Progress (1): 19 kB    
2026.05.02 12:36:20 INFO                     
2026.05.02 12:36:20 INFO  Downloaded from central: https://repo.maven.apache.org/maven2/org/latencyutils/LatencyUtils/2.0.3/LatencyUtils-2.0.3-sources.jar (19 kB at 42 kB/s)
2026.05.02 12:36:20 INFO  [INFO] SUCCESS: org.latencyutils:LatencyUtils:jar:2.0.3:runtime (sources = true)
2026.05.02 12:36:20 INFO  [INFO] Resolving artifact: org.hdrhistogram:HdrHistogram:jar:2.1.12:runtime (sources = false)
2026.05.02 12:36:20 INFO  [INFO] SUCCESS: org.hdrhistogram:HdrHistogram:jar:2.1.12:runtime (sources = false)
2026.05.02 12:36:20 INFO  [INFO] Resolving artifact: org.hdrhistogram:HdrHistogram:jar:2.1.12:runtime (sources = true)
2026.05.02 12:36:20 INFO  Downloading from central: https://repo.maven.apache.org/maven2/org/hdrhistogram/HdrHistogram/2.1.12/HdrHistogram-2.1.12-sources.jar
2026.05.02 12:36:20 INFO  Progress (1): 7.7/165 kB
2026.05.02 12:36:20 INFO  Progress (1): 16/165 kB 
2026.05.02 12:36:20 INFO  Progress (1): 25/165 kB
2026.05.02 12:36:20 INFO  Progress (1): 41/165 kB
2026.05.02 12:36:20 INFO  Progress (1): 49/165 kB
2026.05.02 12:36:20 INFO  Progress (1): 57/165 kB
2026.05.02 12:36:20 INFO  Progress (1): 74/165 kB
2026.05.02 12:36:20 INFO  Progress (1): 82/165 kB
2026.05.02 12:36:20 INFO  Progress (1): 98/165 kB
2026.05.02 12:36:20 INFO  Progress (1): 106/165 kB
2026.05.02 12:36:20 INFO  Progress (1): 123/165 kB
2026.05.02 12:36:20 INFO  Progress (1): 139/165 kB
2026.05.02 12:36:20 INFO  Progress (1): 147/165 kB
2026.05.02 12:36:20 INFO  Progress (1): 164/165 kB
2026.05.02 12:36:20 INFO  Progress (1): 165 kB    
2026.05.02 12:36:20 INFO                      
2026.05.02 12:36:20 INFO  Downloaded from central: https://repo.maven.apache.org/maven2/org/hdrhistogram/HdrHistogram/2.1.12/HdrHistogram-2.1.12-sources.jar (165 kB at 1.2 MB/s)
2026.05.02 12:36:20 INFO  [INFO] SUCCESS: org.hdrhistogram:HdrHistogram:jar:2.1.12:runtime (sources = true)
2026.05.02 12:36:20 INFO  [INFO] Resolving artifact: org.hibernate.orm:hibernate-core:jar:6.4.4.Final:compile (sources = false)
2026.05.02 12:36:20 INFO  [INFO] SUCCESS: org.hibernate.orm:hibernate-core:jar:6.4.4.Final:compile (sources = false)
2026.05.02 12:36:20 INFO  [INFO] Resolving artifact: org.hibernate.orm:hibernate-core:jar:6.4.4.Final:compile (sources = true)
2026.05.02 12:36:20 INFO  Downloading from central: https://repo.maven.apache.org/maven2/org/hibernate/orm/hibernate-core/6.4.4.Final/hibernate-core-6.4.4.Final-sources.jar
2026.05.02 12:36:20 INFO  Progress (1): 0/7.5 MB
2026.05.02 12:36:20 INFO  Progress (1): 0/7.5 MB
2026.05.02 12:36:20 INFO  Progress (1): 0/7.5 MB
2026.05.02 12:36:20 INFO  Progress (1): 0/7.5 MB
2026.05.02 12:36:20 INFO  Progress (1): 0.1/7.5 MB
2026.05.02 12:36:20 INFO  Progress (1): 0.1/7.5 MB
2026.05.02 12:36:20 INFO  Progress (1): 0.1/7.5 MB
2026.05.02 12:36:20 INFO  Progress (1): 0.1/7.5 MB
2026.05.02 12:36:20 INFO  Progress (1): 0.1/7.5 MB
2026.05.02 12:36:20 INFO  Progress (1): 0.1/7.5 MB
2026.05.02 12:36:20 INFO  Progress (1): 0.1/7.5 MB
2026.05.02 12:36:20 INFO  Progress (1): 0.2/7.5 MB
2026.05.02 12:36:20 INFO  Progress (1): 0.2/7.5 MB
2026.05.02 12:36:20 INFO  Progress (1): 0.2/7.5 MB
2026.05.02 12:36:20 INFO  Progress (1): 0.2/7.5 MB
2026.05.02 12:36:20 INFO  Progress (1): 0.2/7.5 MB
2026.05.02 12:36:20 INFO  Progress (1): 0.2/7.5 MB
2026.05.02 12:36:20 INFO  Progress (1): 0.2/7.5 MB
2026.05.02 12:36:20 INFO  Progress (1): 0.2/7.5 MB
2026.05.02 12:36:20 INFO  Progress (1): 0.3/7.5 MB
2026.05.02 12:36:20 INFO  Progress (1): 0.3/7.5 MB
2026.05.02 12:36:20 INFO  Progress (1): 0.3/7.5 MB
2026.05.02 12:36:20 INFO  Progress (1): 0.3/7.5 MB
2026.05.02 12:36:20 INFO  Progress (1): 0.3/7.5 MB
2026.05.02 12:36:20 INFO  Progress (1): 0.3/7.5 MB
2026.05.02 12:36:20 INFO  Progress (1): 0.4/7.5 MB
2026.05.02 12:36:20 INFO  Progress (1): 0.4/7.5 MB
2026.05.02 12:36:20 INFO  Progress (1): 0.4/7.5 MB
2026.05.02 12:36:20 INFO  Progress (1): 0.4/7.5 MB
2026.05.02 12:36:20 INFO  Progress (1): 0.4/7.5 MB
2026.05.02 12:36:20 INFO  Progress (1): 0.4/7.5 MB
2026.05.02 12:36:20 INFO  Progress (1): 0.5/7.5 MB
2026.05.02 12:36:20 INFO  Progress (1): 0.5/7.5 MB
2026.05.02 12:36:20 INFO  Progress (1): 0.5/7.5 MB
2026.05.02 12:36:20 INFO  Progress (1): 0.5/7.5 MB
2026.05.02 12:36:20 INFO  Progress (1): 0.5/7.5 MB
2026.05.02 12:36:20 INFO  Progress (1): 0.5/7.5 MB
2026.05.02 12:36:20 INFO  Progress (1): 0.5/7.5 MB
2026.05.02 12:36:20 INFO  Progress (1): 0.6/7.5 MB
2026.05.02 12:36:20 INFO  Progress (1): 0.6/7.5 MB
2026.05.02 12:36:20 INFO  Progress (1): 0.6/7.5 MB
2026.05.02 12:36:20 INFO  Progress (1): 0.6/7.5 MB
2026.05.02 12:36:20 INFO  Progress (1): 0.6/7.5 MB
2026.05.02 12:36:20 INFO  Progress (1): 0.6/7.5 MB
2026.05.02 12:36:20 INFO  Progress (1): 0.7/7.5 MB
2026.05.02 12:36:20 INFO  Progress (1): 0.7/7.5 MB
2026.05.02 12:36:20 INFO  Progress (1): 0.7/7.5 MB
2026.05.02 12:36:20 INFO  Progress (1): 0.7/7.5 MB
2026.05.02 12:36:20 INFO  Progress (1): 0.7/7.5 MB
2026.05.02 12:36:20 INFO  Progress (1): 0.7/7.5 MB
2026.05.02 12:36:20 INFO  Progress (1): 0.8/7.5 MB
2026.05.02 12:36:20 INFO  Progress (1): 0.8/7.5 MB
2026.05.02 12:36:20 INFO  Progress (1): 0.8/7.5 MB
2026.05.02 12:36:20 INFO  Progress (1): 0.8/7.5 MB
2026.05.02 12:36:20 INFO  Progress (1): 0.8/7.5 MB
2026.05.02 12:36:20 INFO  Progress (1): 0.8/7.5 MB
2026.05.02 12:36:20 INFO  Progress (1): 0.9/7.5 MB
2026.05.02 12:36:20 INFO  Progress (1): 0.9/7.5 MB
2026.05.02 12:36:20 INFO  Progress (1): 0.9/7.5 MB
2026.05.02 12:36:20 INFO  Progress (1): 0.9/7.5 MB
2026.05.02 12:36:20 INFO  Progress (1): 0.9/7.5 MB
2026.05.02 12:36:20 INFO  Progress (1): 0.9/7.5 MB
2026.05.02 12:36:20 INFO  Progress (1): 1.0/7.5 MB
2026.05.02 12:36:20 INFO  Progress (1): 1.0/7.5 MB
2026.05.02 12:36:20 INFO  Progress (1): 1.0/7.5 MB
2026.05.02 12:36:20 INFO  Progress (1): 1.0/7.5 MB
2026.05.02 12:36:20 INFO  Progress (1): 1.0/7.5 MB
2026.05.02 12:36:20 INFO  Progress (1): 1.0/7.5 MB
2026.05.02 12:36:20 INFO  Progress (1): 1.1/7.5 MB
2026.05.02 12:36:20 INFO  Progress (1): 1.1/7.5 MB
2026.05.02 12:36:20 INFO  Progress (1): 1.1/7.5 MB
2026.05.02 12:36:20 INFO  Progress (1): 1.1/7.5 MB
2026.05.02 12:36:20 INFO  Progress (1): 1.1/7.5 MB
2026.05.02 12:36:20 INFO  Progress (1): 1.1/7.5 MB
2026.05.02 12:36:20 INFO  Progress (1): 1.2/7.5 MB
2026.05.02 12:36:20 INFO  Progress (1): 1.2/7.5 MB
2026.05.02 12:36:20 INFO  Progress (1): 1.2/7.5 MB
2026.05.02 12:36:20 INFO  Progress (1): 1.2/7.5 MB
2026.05.02 12:36:20 INFO  Progress (1): 1.2/7.5 MB
2026.05.02 12:36:20 INFO  Progress (1): 1.2/7.5 MB
2026.05.02 12:36:20 INFO  Progress (1): 1.3/7.5 MB
2026.05.02 12:36:20 INFO  Progress (1): 1.3/7.5 MB
2026.05.02 12:36:20 INFO  Progress (1): 1.3/7.5 MB
2026.05.02 12:36:20 INFO  Progress (1): 1.3/7.5 MB
2026.05.02 12:36:20 INFO  Progress (1): 1.3/7.5 MB
2026.05.02 12:36:20 INFO  Progress (1): 1.3/7.5 MB
2026.05.02 12:36:20 INFO  Progress (1): 1.4/7.5 MB
2026.05.02 12:36:20 INFO  Progress (1): 1.4/7.5 MB
2026.05.02 12:36:20 INFO  Progress (1): 1.4/7.5 MB
2026.05.02 12:36:20 INFO  Progress (1): 1.4/7.5 MB
2026.05.02 12:36:20 INFO  Progress (1): 1.4/7.5 MB
2026.05.02 12:36:20 INFO  Progress (1): 1.4/7.5 MB
2026.05.02 12:36:20 INFO  Progress (1): 1.4/7.5 MB
2026.05.02 12:36:20 INFO  Progress (1): 1.5/7.5 MB
2026.05.02 12:36:20 INFO  Progress (1): 1.5/7.5 MB
2026.05.02 12:36:20 INFO  Progress (1): 1.5/7.5 MB
2026.05.02 12:36:20 INFO  Progress (1): 1.5/7.5 MB
2026.05.02 12:36:20 INFO  Progress (1): 1.5/7.5 MB
2026.05.02 12:36:20 INFO  Progress (1): 1.5/7.5 MB
2026.05.02 12:36:20 INFO  Progress (1): 1.6/7.5 MB
2026.05.02 12:36:20 INFO  Progress (1): 1.6/7.5 MB
2026.05.02 12:36:20 INFO  Progress (1): 1.6/7.5 MB
2026.05.02 12:36:20 INFO  Progress (1): 1.6/7.5 MB
2026.05.02 12:36:20 INFO  Progress (1): 1.6/7.5 MB
2026.05.02 12:36:20 INFO  Progress (1): 1.6/7.5 MB
2026.05.02 12:36:20 INFO  Progress (1): 1.7/7.5 MB
2026.05.02 12:36:20 INFO  Progress (1): 1.7/7.5 MB
2026.05.02 12:36:20 INFO  Progress (1): 1.7/7.5 MB
2026.05.02 12:36:20 INFO  Progress (1): 1.7/7.5 MB
2026.05.02 12:36:20 INFO  Progress (1): 1.7/7.5 MB
2026.05.02 12:36:20 INFO  Progress (1): 1.7/7.5 MB
2026.05.02 12:36:20 INFO  Progress (1): 1.8/7.5 MB
2026.05.02 12:36:20 INFO  Progress (1): 1.8/7.5 MB
2026.05.02 12:36:20 INFO  Progress (1): 1.8/7.5 MB
2026.05.02 12:36:20 INFO  Progress (1): 1.8/7.5 MB
2026.05.02 12:36:20 INFO  Progress (1): 1.8/7.5 MB
2026.05.02 12:36:20 INFO  Progress (1): 1.8/7.5 MB
2026.05.02 12:36:20 INFO  Progress (1): 1.9/7.5 MB
2026.05.02 12:36:20 INFO  Progress (1): 1.9/7.5 MB
2026.05.02 12:36:20 INFO  Progress (1): 1.9/7.5 MB
2026.05.02 12:36:20 INFO  Progress (1): 1.9/7.5 MB
2026.05.02 12:36:20 INFO  Progress (1): 1.9/7.5 MB
2026.05.02 12:36:20 INFO  Progress (1): 1.9/7.5 MB
2026.05.02 12:36:20 INFO  Progress (1): 2.0/7.5 MB
2026.05.02 12:36:20 INFO  Progress (1): 2.0/7.5 MB
2026.05.02 12:36:20 INFO  Progress (1): 2.0/7.5 MB
2026.05.02 12:36:20 INFO  Progress (1): 2.0/7.5 MB
2026.05.02 12:36:20 INFO  Progress (1): 2.0/7.5 MB
2026.05.02 12:36:20 INFO  Progress (1): 2.0/7.5 MB
2026.05.02 12:36:20 INFO  Progress (1): 2.1/7.5 MB
2026.05.02 12:36:20 INFO  Progress (1): 2.1/7.5 MB
2026.05.02 12:36:20 INFO  Progress (1): 2.1/7.5 MB
2026.05.02 12:36:20 INFO  Progress (1): 2.1/7.5 MB
2026.05.02 12:36:20 INFO  Progress (1): 2.1/7.5 MB
2026.05.02 12:36:20 INFO  Progress (1): 2.1/7.5 MB
2026.05.02 12:36:20 INFO  Progress (1): 2.2/7.5 MB
2026.05.02 12:36:20 INFO  Progress (1): 2.2/7.5 MB
2026.05.02 12:36:20 INFO  Progress (1): 2.2/7.5 MB
2026.05.02 12:36:20 INFO  Progress (1): 2.2/7.5 MB
2026.05.02 12:36:20 INFO  Progress (1): 2.2/7.5 MB
2026.05.02 12:36:20 INFO  Progress (1): 2.2/7.5 MB
2026.05.02 12:36:20 INFO  Progress (1): 2.3/7.5 MB
2026.05.02 12:36:20 INFO  Progress (1): 2.3/7.5 MB
2026.05.02 12:36:20 INFO  Progress (1): 2.3/7.5 MB
2026.05.02 12:36:20 INFO  Progress (1): 2.3/7.5 MB
2026.05.02 12:36:20 INFO  Progress (1): 2.3/7.5 MB
2026.05.02 12:36:20 INFO  Progress (1): 2.3/7.5 MB
2026.05.02 12:36:20 INFO  Progress (1): 2.4/7.5 MB
2026.05.02 12:36:20 INFO  Progress (1): 2.4/7.5 MB
2026.05.02 12:36:20 INFO  Progress (1): 2.4/7.5 MB
2026.05.02 12:36:20 INFO  Progress (1): 2.4/7.5 MB
2026.05.02 12:36:20 INFO  Progress (1): 2.4/7.5 MB
2026.05.02 12:36:20 INFO  Progress (1): 2.4/7.5 MB
2026.05.02 12:36:20 INFO  Progress (1): 2.4/7.5 MB
2026.05.02 12:36:20 INFO  Progress (1): 2.5/7.5 MB
2026.05.02 12:36:20 INFO  Progress (1): 2.5/7.5 MB
2026.05.02 12:36:20 INFO  Progress (1): 2.5/7.5 MB
2026.05.02 12:36:20 INFO  Progress (1): 2.5/7.5 MB
2026.05.02 12:36:20 INFO  Progress (1): 2.5/7.5 MB
2026.05.02 12:36:20 INFO  Progress (1): 2.5/7.5 MB
2026.05.02 12:36:20 INFO  Progress (1): 2.6/7.5 MB
2026.05.02 12:36:20 INFO  Progress (1): 2.6/7.5 MB
2026.05.02 12:36:20 INFO  Progress (1): 2.6/7.5 MB
2026.05.02 12:36:20 INFO  Progress (1): 2.6/7.5 MB
2026.05.02 12:36:20 INFO  Progress (1): 2.6/7.5 MB
2026.05.02 12:36:20 INFO  Progress (1): 2.6/7.5 MB
2026.05.02 12:36:20 INFO  Progress (1): 2.7/7.5 MB
2026.05.02 12:36:20 INFO  Progress (1): 2.7/7.5 MB
2026.05.02 12:36:20 INFO  Progress (1): 2.7/7.5 MB
2026.05.02 12:36:20 INFO  Progress (1): 2.7/7.5 MB
2026.05.02 12:36:20 INFO  Progress (1): 2.7/7.5 MB
2026.05.02 12:36:20 INFO  Progress (1): 2.7/7.5 MB
2026.05.02 12:36:20 INFO  Progress (1): 2.8/7.5 MB
2026.05.02 12:36:20 INFO  Progress (1): 2.8/7.5 MB
2026.05.02 12:36:20 INFO  Progress (1): 2.8/7.5 MB
2026.05.02 12:36:20 INFO  Progress (1): 2.8/7.5 MB
2026.05.02 12:36:20 INFO  Progress (1): 2.8/7.5 MB
2026.05.02 12:36:20 INFO  Progress (1): 2.8/7.5 MB
2026.05.02 12:36:20 INFO  Progress (1): 2.9/7.5 MB
2026.05.02 12:36:20 INFO  Progress (1): 2.9/7.5 MB
2026.05.02 12:36:20 INFO  Progress (1): 2.9/7.5 MB
2026.05.02 12:36:20 INFO  Progress (1): 2.9/7.5 MB
2026.05.02 12:36:20 INFO  Progress (1): 2.9/7.5 MB
2026.05.02 12:36:20 INFO  Progress (1): 2.9/7.5 MB
2026.05.02 12:36:20 INFO  Progress (1): 3.0/7.5 MB
2026.05.02 12:36:20 INFO  Progress (1): 3.0/7.5 MB
2026.05.02 12:36:20 INFO  Progress (1): 3.0/7.5 MB
2026.05.02 12:36:20 INFO  Progress (1): 3.0/7.5 MB
2026.05.02 12:36:20 INFO  Progress (1): 3.0/7.5 MB
2026.05.02 12:36:20 INFO  Progress (1): 3.0/7.5 MB
2026.05.02 12:36:20 INFO  Progress (1): 3.1/7.5 MB
2026.05.02 12:36:20 INFO  Progress (1): 3.1/7.5 MB
2026.05.02 12:36:20 INFO  Progress (1): 3.1/7.5 MB
2026.05.02 12:36:20 INFO  Progress (1): 3.1/7.5 MB
2026.05.02 12:36:20 INFO  Progress (1): 3.1/7.5 MB
2026.05.02 12:36:20 INFO  Progress (1): 3.1/7.5 MB
2026.05.02 12:36:20 INFO  Progress (1): 3.2/7.5 MB
2026.05.02 12:36:20 INFO  Progress (1): 3.2/7.5 MB
2026.05.02 12:36:20 INFO  Progress (1): 3.2/7.5 MB
2026.05.02 12:36:20 INFO  Progress (1): 3.2/7.5 MB
2026.05.02 12:36:20 INFO  Progress (1): 3.2/7.5 MB
2026.05.02 12:36:20 INFO  Progress (1): 3.2/7.5 MB
2026.05.02 12:36:20 INFO  Progress (1): 3.3/7.5 MB
2026.05.02 12:36:20 INFO  Progress (1): 3.3/7.5 MB
2026.05.02 12:36:20 INFO  Progress (1): 3.3/7.5 MB
2026.05.02 12:36:20 INFO  Progress (1): 3.3/7.5 MB
2026.05.02 12:36:20 INFO  Progress (1): 3.3/7.5 MB
2026.05.02 12:36:20 INFO  Progress (1): 3.3/7.5 MB
2026.05.02 12:36:20 INFO  Progress (1): 3.4/7.5 MB
2026.05.02 12:36:20 INFO  Progress (1): 3.4/7.5 MB
2026.05.02 12:36:20 INFO  Progress (1): 3.4/7.5 MB
2026.05.02 12:36:20 INFO  Progress (1): 3.4/7.5 MB
2026.05.02 12:36:20 INFO  Progress (1): 3.4/7.5 MB
2026.05.02 12:36:20 INFO  Progress (1): 3.4/7.5 MB
2026.05.02 12:36:20 INFO  Progress (1): 3.4/7.5 MB
2026.05.02 12:36:20 INFO  Progress (1): 3.5/7.5 MB
2026.05.02 12:36:20 INFO  Progress (1): 3.5/7.5 MB
2026.05.02 12:36:20 INFO  Progress (1): 3.5/7.5 MB
2026.05.02 12:36:20 INFO  Progress (1): 3.5/7.5 MB
2026.05.02 12:36:20 INFO  Progress (1): 3.5/7.5 MB
2026.05.02 12:36:20 INFO  Progress (1): 3.5/7.5 MB
2026.05.02 12:36:20 INFO  Progress (1): 3.6/7.5 MB
2026.05.02 12:36:20 INFO  Progress (1): 3.6/7.5 MB
2026.05.02 12:36:20 INFO  Progress (1): 3.6/7.5 MB
2026.05.02 12:36:20 INFO  Progress (1): 3.6/7.5 MB
2026.05.02 12:36:20 INFO  Progress (1): 3.6/7.5 MB
2026.05.02 12:36:20 INFO  Progress (1): 3.6/7.5 MB
2026.05.02 12:36:20 INFO  Progress (1): 3.7/7.5 MB
2026.05.02 12:36:20 INFO  Progress (1): 3.7/7.5 MB
2026.05.02 12:36:20 INFO  Progress (1): 3.7/7.5 MB
2026.05.02 12:36:20 INFO  Progress (1): 3.7/7.5 MB
2026.05.02 12:36:20 INFO  Progress (1): 3.7/7.5 MB
2026.05.02 12:36:20 INFO  Progress (1): 3.7/7.5 MB
2026.05.02 12:36:20 INFO  Progress (1): 3.8/7.5 MB
2026.05.02 12:36:20 INFO  Progress (1): 3.8/7.5 MB
2026.05.02 12:36:20 INFO  Progress (1): 3.8/7.5 MB
2026.05.02 12:36:20 INFO  Progress (1): 3.8/7.5 MB
2026.05.02 12:36:20 INFO  Progress (1): 3.8/7.5 MB
2026.05.02 12:36:20 INFO  Progress (1): 3.8/7.5 MB
2026.05.02 12:36:20 INFO  Progress (1): 3.9/7.5 MB
2026.05.02 12:36:20 INFO  Progress (1): 3.9/7.5 MB
2026.05.02 12:36:20 INFO  Progress (1): 3.9/7.5 MB
2026.05.02 12:36:20 INFO  Progress (1): 3.9/7.5 MB
2026.05.02 12:36:20 INFO  Progress (1): 3.9/7.5 MB
2026.05.02 12:36:20 INFO  Progress (1): 3.9/7.5 MB
2026.05.02 12:36:20 INFO  Progress (1): 4.0/7.5 MB
2026.05.02 12:36:20 INFO  Progress (1): 4.0/7.5 MB
2026.05.02 12:36:20 INFO  Progress (1): 4.0/7.5 MB
2026.05.02 12:36:20 INFO  Progress (1): 4.0/7.5 MB
2026.05.02 12:36:20 INFO  Progress (1): 4.0/7.5 MB
2026.05.02 12:36:20 INFO  Progress (1): 4.0/7.5 MB
2026.05.02 12:36:20 INFO  Progress (1): 4.1/7.5 MB
2026.05.02 12:36:20 INFO  Progress (1): 4.1/7.5 MB
2026.05.02 12:36:20 INFO  Progress (1): 4.1/7.5 MB
2026.05.02 12:36:20 INFO  Progress (1): 4.1/7.5 MB
2026.05.02 12:36:20 INFO  Progress (1): 4.1/7.5 MB
2026.05.02 12:36:20 INFO  Progress (1): 4.1/7.5 MB
2026.05.02 12:36:20 INFO  Progress (1): 4.2/7.5 MB
2026.05.02 12:36:20 INFO  Progress (1): 4.2/7.5 MB
2026.05.02 12:36:20 INFO  Progress (1): 4.2/7.5 MB
2026.05.02 12:36:20 INFO  Progress (1): 4.2/7.5 MB
2026.05.02 12:36:20 INFO  Progress (1): 4.2/7.5 MB
2026.05.02 12:36:20 INFO  Progress (1): 4.2/7.5 MB
2026.05.02 12:36:20 INFO  Progress (1): 4.3/7.5 MB
2026.05.02 12:36:20 INFO  Progress (1): 4.3/7.5 MB
2026.05.02 12:36:20 INFO  Progress (1): 4.3/7.5 MB
2026.05.02 12:36:20 INFO  Progress (1): 4.3/7.5 MB
2026.05.02 12:36:20 INFO  Progress (1): 4.3/7.5 MB
2026.05.02 12:36:20 INFO  Progress (1): 4.3/7.5 MB
2026.05.02 12:36:20 INFO  Progress (1): 4.3/7.5 MB
2026.05.02 12:36:20 INFO  Progress (1): 4.4/7.5 MB
2026.05.02 12:36:20 INFO  Progress (1): 4.4/7.5 MB
2026.05.02 12:36:20 INFO  Progress (1): 4.4/7.5 MB
2026.05.02 12:36:20 INFO  Progress (1): 4.4/7.5 MB
2026.05.02 12:36:20 INFO  Progress (1): 4.4/7.5 MB
2026.05.02 12:36:20 INFO  Progress (1): 4.4/7.5 MB
2026.05.02 12:36:20 INFO  Progress (1): 4.5/7.5 MB
2026.05.02 12:36:20 INFO  Progress (1): 4.5/7.5 MB
2026.05.02 12:36:20 INFO  Progress (1): 4.5/7.5 MB
2026.05.02 12:36:20 INFO  Progress (1): 4.5/7.5 MB
2026.05.02 12:36:20 INFO  Progress (1): 4.5/7.5 MB
2026.05.02 12:36:20 INFO  Progress (1): 4.5/7.5 MB
2026.05.02 12:36:20 INFO  Progress (1): 4.6/7.5 MB
2026.05.02 12:36:20 INFO  Progress (1): 4.6/7.5 MB
2026.05.02 12:36:20 INFO  Progress (1): 4.6/7.5 MB
2026.05.02 12:36:20 INFO  Progress (1): 4.6/7.5 MB
2026.05.02 12:36:20 INFO  Progress (1): 4.6/7.5 MB
2026.05.02 12:36:20 INFO  Progress (1): 4.6/7.5 MB
2026.05.02 12:36:20 INFO  Progress (1): 4.7/7.5 MB
2026.05.02 12:36:20 INFO  Progress (1): 4.7/7.5 MB
2026.05.02 12:36:20 INFO  Progress (1): 4.7/7.5 MB
2026.05.02 12:36:20 INFO  Progress (1): 4.7/7.5 MB
2026.05.02 12:36:20 INFO  Progress (1): 4.7/7.5 MB
2026.05.02 12:36:20 INFO  Progress (1): 4.7/7.5 MB
2026.05.02 12:36:20 INFO  Progress (1): 4.8/7.5 MB
2026.05.02 12:36:20 INFO  Progress (1): 4.8/7.5 MB
2026.05.02 12:36:20 INFO  Progress (1): 4.8/7.5 MB
2026.05.02 12:36:20 INFO  Progress (1): 4.8/7.5 MB
2026.05.02 12:36:20 INFO  Progress (1): 4.8/7.5 MB
2026.05.02 12:36:20 INFO  Progress (1): 4.8/7.5 MB
2026.05.02 12:36:20 INFO  Progress (1): 4.9/7.5 MB
2026.05.02 12:36:20 INFO  Progress (1): 4.9/7.5 MB
2026.05.02 12:36:20 INFO  Progress (1): 4.9/7.5 MB
2026.05.02 12:36:20 INFO  Progress (1): 4.9/7.5 MB
2026.05.02 12:36:20 INFO  Progress (1): 4.9/7.5 MB
2026.05.02 12:36:20 INFO  Progress (1): 4.9/7.5 MB
2026.05.02 12:36:20 INFO  Progress (1): 4.9/7.5 MB
2026.05.02 12:36:20 INFO  Progress (1): 5.0/7.5 MB
2026.05.02 12:36:20 INFO  Progress (1): 5.0/7.5 MB
2026.05.02 12:36:20 INFO  Progress (1): 5.0/7.5 MB
2026.05.02 12:36:20 INFO  Progress (1): 5.0/7.5 MB
2026.05.02 12:36:20 INFO  Progress (1): 5.0/7.5 MB
2026.05.02 12:36:20 INFO  Progress (1): 5.0/7.5 MB
2026.05.02 12:36:20 INFO  Progress (1): 5.1/7.5 MB
2026.05.02 12:36:20 INFO  Progress (1): 5.1/7.5 MB
2026.05.02 12:36:20 INFO  Progress (1): 5.1/7.5 MB
2026.05.02 12:36:20 INFO  Progress (1): 5.1/7.5 MB
2026.05.02 12:36:20 INFO  Progress (1): 5.1/7.5 MB
2026.05.02 12:36:20 INFO  Progress (1): 5.1/7.5 MB
2026.05.02 12:36:20 INFO  Progress (1): 5.2/7.5 MB
2026.05.02 12:36:20 INFO  Progress (1): 5.2/7.5 MB
2026.05.02 12:36:20 INFO  Progress (1): 5.2/7.5 MB
2026.05.02 12:36:20 INFO  Progress (1): 5.2/7.5 MB
2026.05.02 12:36:20 INFO  Progress (1): 5.2/7.5 MB
2026.05.02 12:36:20 INFO  Progress (1): 5.2/7.5 MB
2026.05.02 12:36:20 INFO  Progress (1): 5.3/7.5 MB
2026.05.02 12:36:20 INFO  Progress (1): 5.3/7.5 MB
2026.05.02 12:36:20 INFO  Progress (1): 5.3/7.5 MB
2026.05.02 12:36:20 INFO  Progress (1): 5.3/7.5 MB
2026.05.02 12:36:20 INFO  Progress (1): 5.3/7.5 MB
2026.05.02 12:36:20 INFO  Progress (1): 5.3/7.5 MB
2026.05.02 12:36:20 INFO  Progress (1): 5.4/7.5 MB
2026.05.02 12:36:21 INFO  Progress (1): 5.4/7.5 MB
2026.05.02 12:36:21 INFO  Progress (1): 5.4/7.5 MB
2026.05.02 12:36:21 INFO  Progress (1): 5.4/7.5 MB
2026.05.02 12:36:21 INFO  Progress (1): 5.4/7.5 MB
2026.05.02 12:36:21 INFO  Progress (1): 5.4/7.5 MB
2026.05.02 12:36:21 INFO  Progress (1): 5.5/7.5 MB
2026.05.02 12:36:21 INFO  Progress (1): 5.5/7.5 MB
2026.05.02 12:36:21 INFO  Progress (1): 5.5/7.5 MB
2026.05.02 12:36:21 INFO  Progress (1): 5.5/7.5 MB
2026.05.02 12:36:21 INFO  Progress (1): 5.5/7.5 MB
2026.05.02 12:36:21 INFO  Progress (1): 5.5/7.5 MB
2026.05.02 12:36:21 INFO  Progress (1): 5.6/7.5 MB
2026.05.02 12:36:21 INFO  Progress (1): 5.6/7.5 MB
2026.05.02 12:36:21 INFO  Progress (1): 5.6/7.5 MB
2026.05.02 12:36:21 INFO  Progress (1): 5.6/7.5 MB
2026.05.02 12:36:21 INFO  Progress (1): 5.6/7.5 MB
2026.05.02 12:36:21 INFO  Progress (1): 5.6/7.5 MB
2026.05.02 12:36:21 INFO  Progress (1): 5.7/7.5 MB
2026.05.02 12:36:21 INFO  Progress (1): 5.7/7.5 MB
2026.05.02 12:36:21 INFO  Progress (1): 5.7/7.5 MB
2026.05.02 12:36:21 INFO  Progress (1): 5.7/7.5 MB
2026.05.02 12:36:21 INFO  Progress (1): 5.7/7.5 MB
2026.05.02 12:36:21 INFO  Progress (1): 5.7/7.5 MB
2026.05.02 12:36:21 INFO  Progress (1): 5.8/7.5 MB
2026.05.02 12:36:21 INFO  Progress (1): 5.8/7.5 MB
2026.05.02 12:36:21 INFO  Progress (1): 5.8/7.5 MB
2026.05.02 12:36:21 INFO  Progress (1): 5.8/7.5 MB
2026.05.02 12:36:21 INFO  Progress (1): 5.8/7.5 MB
2026.05.02 12:36:21 INFO  Progress (1): 5.8/7.5 MB
2026.05.02 12:36:21 INFO  Progress (1): 5.9/7.5 MB
2026.05.02 12:36:21 INFO  Progress (1): 5.9/7.5 MB
2026.05.02 12:36:21 INFO  Progress (1): 5.9/7.5 MB
2026.05.02 12:36:21 INFO  Progress (1): 5.9/7.5 MB
2026.05.02 12:36:21 INFO  Progress (1): 5.9/7.5 MB
2026.05.02 12:36:21 INFO  Progress (1): 5.9/7.5 MB
2026.05.02 12:36:21 INFO  Progress (1): 5.9/7.5 MB
2026.05.02 12:36:21 INFO  Progress (1): 6.0/7.5 MB
2026.05.02 12:36:21 INFO  Progress (1): 6.0/7.5 MB
2026.05.02 12:36:21 INFO  Progress (1): 6.0/7.5 MB
2026.05.02 12:36:21 INFO  Progress (1): 6.0/7.5 MB
2026.05.02 12:36:21 INFO  Progress (1): 6.0/7.5 MB
2026.05.02 12:36:21 INFO  Progress (1): 6.0/7.5 MB
2026.05.02 12:36:21 INFO  Progress (1): 6.1/7.5 MB
2026.05.02 12:36:21 INFO  Progress (1): 6.1/7.5 MB
2026.05.02 12:36:21 INFO  Progress (1): 6.1/7.5 MB
2026.05.02 12:36:21 INFO  Progress (1): 6.1/7.5 MB
2026.05.02 12:36:21 INFO  Progress (1): 6.1/7.5 MB
2026.05.02 12:36:21 INFO  Progress (1): 6.1/7.5 MB
2026.05.02 12:36:21 INFO  Progress (1): 6.2/7.5 MB
2026.05.02 12:36:21 INFO  Progress (1): 6.2/7.5 MB
2026.05.02 12:36:21 INFO  Progress (1): 6.2/7.5 MB
2026.05.02 12:36:21 INFO  Progress (1): 6.2/7.5 MB
2026.05.02 12:36:21 INFO  Progress (1): 6.2/7.5 MB
2026.05.02 12:36:21 INFO  Progress (1): 6.2/7.5 MB
2026.05.02 12:36:21 INFO  Progress (1): 6.3/7.5 MB
2026.05.02 12:36:21 INFO  Progress (1): 6.3/7.5 MB
2026.05.02 12:36:21 INFO  Progress (1): 6.3/7.5 MB
2026.05.02 12:36:21 INFO  Progress (1): 6.3/7.5 MB
2026.05.02 12:36:21 INFO  Progress (1): 6.3/7.5 MB
2026.05.02 12:36:21 INFO  Progress (1): 6.3/7.5 MB
2026.05.02 12:36:21 INFO  Progress (1): 6.4/7.5 MB
2026.05.02 12:36:21 INFO  Progress (1): 6.4/7.5 MB
2026.05.02 12:36:21 INFO  Progress (1): 6.4/7.5 MB
2026.05.02 12:36:21 INFO  Progress (1): 6.4/7.5 MB
2026.05.02 12:36:21 INFO  Progress (1): 6.4/7.5 MB
2026.05.02 12:36:21 INFO  Progress (1): 6.4/7.5 MB
2026.05.02 12:36:21 INFO  Progress (1): 6.5/7.5 MB
2026.05.02 12:36:21 INFO  Progress (1): 6.5/7.5 MB
2026.05.02 12:36:21 INFO  Progress (1): 6.5/7.5 MB
2026.05.02 12:36:21 INFO  Progress (1): 6.5/7.5 MB
2026.05.02 12:36:21 INFO  Progress (1): 6.5/7.5 MB
2026.05.02 12:36:21 INFO  Progress (1): 6.5/7.5 MB
2026.05.02 12:36:21 INFO  Progress (1): 6.6/7.5 MB
2026.05.02 12:36:21 INFO  Progress (1): 6.6/7.5 MB
2026.05.02 12:36:21 INFO  Progress (1): 6.6/7.5 MB
2026.05.02 12:36:21 INFO  Progress (1): 6.6/7.5 MB
2026.05.02 12:36:21 INFO  Progress (1): 6.6/7.5 MB
2026.05.02 12:36:21 INFO  Progress (1): 6.6/7.5 MB
2026.05.02 12:36:21 INFO  Progress (1): 6.7/7.5 MB
2026.05.02 12:36:21 INFO  Progress (1): 6.7/7.5 MB
2026.05.02 12:36:21 INFO  Progress (1): 6.7/7.5 MB
2026.05.02 12:36:21 INFO  Progress (1): 6.7/7.5 MB
2026.05.02 12:36:21 INFO  Progress (1): 6.7/7.5 MB
2026.05.02 12:36:21 INFO  Progress (1): 6.7/7.5 MB
2026.05.02 12:36:21 INFO  Progress (1): 6.8/7.5 MB
2026.05.02 12:36:21 INFO  Progress (1): 6.8/7.5 MB
2026.05.02 12:36:21 INFO  Progress (1): 6.8/7.5 MB
2026.05.02 12:36:21 INFO  Progress (1): 6.8/7.5 MB
2026.05.02 12:36:21 INFO  Progress (1): 6.8/7.5 MB
2026.05.02 12:36:21 INFO  Progress (1): 6.8/7.5 MB
2026.05.02 12:36:21 INFO  Progress (1): 6.8/7.5 MB
2026.05.02 12:36:21 INFO  Progress (1): 6.9/7.5 MB
2026.05.02 12:36:21 INFO  Progress (1): 6.9/7.5 MB
2026.05.02 12:36:21 INFO  Progress (1): 6.9/7.5 MB
2026.05.02 12:36:21 INFO  Progress (1): 6.9/7.5 MB
2026.05.02 12:36:21 INFO  Progress (1): 6.9/7.5 MB
2026.05.02 12:36:21 INFO  Progress (1): 6.9/7.5 MB
2026.05.02 12:36:21 INFO  Progress (1): 7.0/7.5 MB
2026.05.02 12:36:21 INFO  Progress (1): 7.0/7.5 MB
2026.05.02 12:36:21 INFO  Progress (1): 7.0/7.5 MB
2026.05.02 12:36:21 INFO  Progress (1): 7.0/7.5 MB
2026.05.02 12:36:21 INFO  Progress (1): 7.0/7.5 MB
2026.05.02 12:36:21 INFO  Progress (1): 7.0/7.5 MB
2026.05.02 12:36:21 INFO  Progress (1): 7.1/7.5 MB
2026.05.02 12:36:21 INFO  Progress (1): 7.1/7.5 MB
2026.05.02 12:36:21 INFO  Progress (1): 7.1/7.5 MB
2026.05.02 12:36:21 INFO  Progress (1): 7.1/7.5 MB
2026.05.02 12:36:21 INFO  Progress (1): 7.1/7.5 MB
2026.05.02 12:36:21 INFO  Progress (1): 7.1/7.5 MB
2026.05.02 12:36:21 INFO  Progress (1): 7.2/7.5 MB
2026.05.02 12:36:21 INFO  Progress (1): 7.2/7.5 MB
2026.05.02 12:36:21 INFO  Progress (1): 7.2/7.5 MB
2026.05.02 12:36:21 INFO  Progress (1): 7.2/7.5 MB
2026.05.02 12:36:21 INFO  Progress (1): 7.2/7.5 MB
2026.05.02 12:36:21 INFO  Progress (1): 7.2/7.5 MB
2026.05.02 12:36:21 INFO  Progress (1): 7.3/7.5 MB
2026.05.02 12:36:21 INFO  Progress (1): 7.3/7.5 MB
2026.05.02 12:36:21 INFO  Progress (1): 7.3/7.5 MB
2026.05.02 12:36:21 INFO  Progress (1): 7.3/7.5 MB
2026.05.02 12:36:21 INFO  Progress (1): 7.3/7.5 MB
2026.05.02 12:36:21 INFO  Progress (1): 7.3/7.5 MB
2026.05.02 12:36:21 INFO  Progress (1): 7.3/7.5 MB
2026.05.02 12:36:21 INFO  Progress (1): 7.4/7.5 MB
2026.05.02 12:36:21 INFO  Progress (1): 7.4/7.5 MB
2026.05.02 12:36:21 INFO  Progress (1): 7.4/7.5 MB
2026.05.02 12:36:21 INFO  Progress (1): 7.4/7.5 MB
2026.05.02 12:36:21 INFO  Progress (1): 7.4/7.5 MB
2026.05.02 12:36:21 INFO  Progress (1): 7.4/7.5 MB
2026.05.02 12:36:21 INFO  Progress (1): 7.5/7.5 MB
2026.05.02 12:36:21 INFO  Progress (1): 7.5/7.5 MB
2026.05.02 12:36:21 INFO  Progress (1): 7.5/7.5 MB
2026.05.02 12:36:21 INFO  Progress (1): 7.5/7.5 MB
2026.05.02 12:36:21 INFO  Progress (1): 7.5/7.5 MB
2026.05.02 12:36:21 INFO  Progress (1): 7.5 MB    
2026.05.02 12:36:21 INFO                      
2026.05.02 12:36:21 INFO  Downloaded from central: https://repo.maven.apache.org/maven2/org/hibernate/orm/hibernate-core/6.4.4.Final/hibernate-core-6.4.4.Final-sources.jar (7.5 MB at 5.5 MB/s)
2026.05.02 12:36:21 INFO  [INFO] SUCCESS: org.hibernate.orm:hibernate-core:jar:6.4.4.Final:compile (sources = true)
2026.05.02 12:36:21 INFO  [INFO] Resolving artifact: com.vaadin.external.google:android-json:jar:0.0.20131108.vaadin1:test (sources = false)
2026.05.02 12:36:21 INFO  [INFO] SUCCESS: com.vaadin.external.google:android-json:jar:0.0.20131108.vaadin1:test (sources = false)
2026.05.02 12:36:21 INFO  [INFO] Resolving artifact: com.vaadin.external.google:android-json:jar:0.0.20131108.vaadin1:test (sources = true)
2026.05.02 12:36:21 INFO  [INFO] SUCCESS: com.vaadin.external.google:android-json:jar:0.0.20131108.vaadin1:test (sources = true)
2026.05.02 12:36:21 INFO  [INFO] Resolving artifact: org.springframework.boot:spring-boot-starter-web:jar:3.2.4:compile (sources = false)
2026.05.02 12:36:21 INFO  [INFO] SUCCESS: org.springframework.boot:spring-boot-starter-web:jar:3.2.4:compile (sources = false)
2026.05.02 12:36:21 INFO  [INFO] Resolving artifact: org.springframework.boot:spring-boot-starter-web:jar:3.2.4:compile (sources = true)
2026.05.02 12:36:21 INFO  Downloading from central: https://repo.maven.apache.org/maven2/org/springframework/boot/spring-boot-starter-web/3.2.4/spring-boot-starter-web-3.2.4-sources.jar
2026.05.02 12:36:21 INFO  Progress (1): 4.7 kB
2026.05.02 12:36:21 INFO                      
2026.05.02 12:36:21 INFO  Downloaded from central: https://repo.maven.apache.org/maven2/org/springframework/boot/spring-boot-starter-web/3.2.4/spring-boot-starter-web-3.2.4-sources.jar (4.7 kB at 29 kB/s)
2026.05.02 12:36:21 INFO  [INFO] SUCCESS: org.springframework.boot:spring-boot-starter-web:jar:3.2.4:compile (sources = true)
2026.05.02 12:36:21 INFO  [INFO] Resolving artifact: org.projectlombok:lombok:jar:1.18.30:compile (sources = false)
2026.05.02 12:36:21 INFO  [INFO] SUCCESS: org.projectlombok:lombok:jar:1.18.30:compile (sources = false)
2026.05.02 12:36:21 INFO  [INFO] Resolving artifact: org.projectlombok:lombok:jar:1.18.30:compile (sources = true)
2026.05.02 12:36:21 INFO  Downloading from central: https://repo.maven.apache.org/maven2/org/projectlombok/lombok/1.18.30/lombok-1.18.30-sources.jar
2026.05.02 12:36:21 INFO  Progress (1): 7.7/998 kB
2026.05.02 12:36:21 INFO  Progress (1): 16/998 kB 
2026.05.02 12:36:21 INFO  Progress (1): 25/998 kB
2026.05.02 12:36:21 INFO  Progress (1): 41/998 kB
2026.05.02 12:36:21 INFO  Progress (1): 57/998 kB
2026.05.02 12:36:21 INFO  Progress (1): 74/998 kB
2026.05.02 12:36:21 INFO  Progress (1): 90/998 kB
2026.05.02 12:36:21 INFO  Progress (1): 98/998 kB
2026.05.02 12:36:21 INFO  Progress (1): 115/998 kB
2026.05.02 12:36:21 INFO  Progress (1): 131/998 kB
2026.05.02 12:36:21 INFO  Progress (1): 147/998 kB
2026.05.02 12:36:21 INFO  Progress (1): 164/998 kB
2026.05.02 12:36:21 INFO  Progress (1): 180/998 kB
2026.05.02 12:36:21 INFO  Progress (1): 197/998 kB
2026.05.02 12:36:21 INFO  Progress (1): 213/998 kB
2026.05.02 12:36:21 INFO  Progress (1): 229/998 kB
2026.05.02 12:36:21 INFO  Progress (1): 246/998 kB
2026.05.02 12:36:21 INFO  Progress (1): 262/998 kB
2026.05.02 12:36:21 INFO  Progress (1): 279/998 kB
2026.05.02 12:36:21 INFO  Progress (1): 295/998 kB
2026.05.02 12:36:21 INFO  Progress (1): 311/998 kB
2026.05.02 12:36:21 INFO  Progress (1): 328/998 kB
2026.05.02 12:36:21 INFO  Progress (1): 344/998 kB
2026.05.02 12:36:21 INFO  Progress (1): 360/998 kB
2026.05.02 12:36:21 INFO  Progress (1): 377/998 kB
2026.05.02 12:36:21 INFO  Progress (1): 393/998 kB
2026.05.02 12:36:21 INFO  Progress (1): 410/998 kB
2026.05.02 12:36:21 INFO  Progress (1): 426/998 kB
2026.05.02 12:36:21 INFO  Progress (1): 442/998 kB
2026.05.02 12:36:21 INFO  Progress (1): 459/998 kB
2026.05.02 12:36:21 INFO  Progress (1): 475/998 kB
2026.05.02 12:36:21 INFO  Progress (1): 492/998 kB
2026.05.02 12:36:21 INFO  Progress (1): 508/998 kB
2026.05.02 12:36:21 INFO  Progress (1): 524/998 kB
2026.05.02 12:36:21 INFO  Progress (1): 541/998 kB
2026.05.02 12:36:21 INFO  Progress (1): 557/998 kB
2026.05.02 12:36:21 INFO  Progress (1): 573/998 kB
2026.05.02 12:36:21 INFO  Progress (1): 590/998 kB
2026.05.02 12:36:21 INFO  Progress (1): 606/998 kB
2026.05.02 12:36:21 INFO  Progress (1): 623/998 kB
2026.05.02 12:36:21 INFO  Progress (1): 639/998 kB
2026.05.02 12:36:21 INFO  Progress (1): 655/998 kB
2026.05.02 12:36:21 INFO  Progress (1): 672/998 kB
2026.05.02 12:36:21 INFO  Progress (1): 688/998 kB
2026.05.02 12:36:21 INFO  Progress (1): 705/998 kB
2026.05.02 12:36:21 INFO  Progress (1): 721/998 kB
2026.05.02 12:36:21 INFO  Progress (1): 737/998 kB
2026.05.02 12:36:21 INFO  Progress (1): 754/998 kB
2026.05.02 12:36:21 INFO  Progress (1): 770/998 kB
2026.05.02 12:36:21 INFO  Progress (1): 786/998 kB
2026.05.02 12:36:21 INFO  Progress (1): 803/998 kB
2026.05.02 12:36:21 INFO  Progress (1): 819/998 kB
2026.05.02 12:36:21 INFO  Progress (1): 836/998 kB
2026.05.02 12:36:21 INFO  Progress (1): 852/998 kB
2026.05.02 12:36:21 INFO  Progress (1): 868/998 kB
2026.05.02 12:36:21 INFO  Progress (1): 885/998 kB
2026.05.02 12:36:21 INFO  Progress (1): 901/998 kB
2026.05.02 12:36:21 INFO  Progress (1): 918/998 kB
2026.05.02 12:36:21 INFO  Progress (1): 934/998 kB
2026.05.02 12:36:21 INFO  Progress (1): 950/998 kB
2026.05.02 12:36:21 INFO  Progress (1): 967/998 kB
2026.05.02 12:36:21 INFO  Progress (1): 983/998 kB
2026.05.02 12:36:21 INFO  Progress (1): 998 kB    
2026.05.02 12:36:22 INFO                      
2026.05.02 12:36:22 INFO  Downloaded from central: https://repo.maven.apache.org/maven2/org/projectlombok/lombok/1.18.30/lombok-1.18.30-sources.jar (998 kB at 2.9 MB/s)
2026.05.02 12:36:22 INFO  [INFO] SUCCESS: org.projectlombok:lombok:jar:1.18.30:compile (sources = true)
2026.05.02 12:36:22 INFO  [INFO] Generated .bloop\portal.json
2026.05.02 12:36:24 INFO  [INFO] Resolving artifact: org.springframework.boot:spring-boot-starter-data-jpa:jar:3.2.4:compile (sources = false)
2026.05.02 12:36:24 INFO  [INFO] SUCCESS: org.springframework.boot:spring-boot-starter-data-jpa:jar:3.2.4:compile (sources = false)
2026.05.02 12:36:24 INFO  [INFO] Resolving artifact: org.springframework.boot:spring-boot-starter-data-jpa:jar:3.2.4:compile (sources = true)
2026.05.02 12:36:24 INFO  [INFO] SUCCESS: org.springframework.boot:spring-boot-starter-data-jpa:jar:3.2.4:compile (sources = true)
2026.05.02 12:36:24 INFO  [INFO] Resolving artifact: org.springframework.boot:spring-boot-starter:jar:3.2.4:compile (sources = false)
2026.05.02 12:36:24 INFO  [INFO] SUCCESS: org.springframework.boot:spring-boot-starter:jar:3.2.4:compile (sources = false)
2026.05.02 12:36:24 INFO  [INFO] Resolving artifact: org.springframework.boot:spring-boot-starter:jar:3.2.4:compile (sources = true)
2026.05.02 12:36:24 INFO  [INFO] SUCCESS: org.springframework.boot:spring-boot-starter:jar:3.2.4:compile (sources = true)
2026.05.02 12:36:24 INFO  [INFO] Resolving artifact: org.apache.tomcat.embed:tomcat-embed-websocket:jar:10.1.19:compile (sources = false)
2026.05.02 12:36:24 INFO  [INFO] SUCCESS: org.apache.tomcat.embed:tomcat-embed-websocket:jar:10.1.19:compile (sources = false)
2026.05.02 12:36:24 INFO  [INFO] Resolving artifact: org.apache.tomcat.embed:tomcat-embed-websocket:jar:10.1.19:compile (sources = true)
2026.05.02 12:36:24 INFO  [INFO] SUCCESS: org.apache.tomcat.embed:tomcat-embed-websocket:jar:10.1.19:compile (sources = true)
2026.05.02 12:36:24 INFO  [INFO] Resolving artifact: org.springframework.boot:spring-boot-starter-aop:jar:3.2.4:compile (sources = false)
2026.05.02 12:36:24 INFO  [INFO] SUCCESS: org.springframework.boot:spring-boot-starter-aop:jar:3.2.4:compile (sources = false)
2026.05.02 12:36:24 INFO  [INFO] Resolving artifact: org.springframework.boot:spring-boot-starter-aop:jar:3.2.4:compile (sources = true)
2026.05.02 12:36:24 INFO  [INFO] SUCCESS: org.springframework.boot:spring-boot-starter-aop:jar:3.2.4:compile (sources = true)
2026.05.02 12:36:24 INFO  [INFO] Resolving artifact: com.fasterxml.jackson.core:jackson-core:jar:2.15.4:compile (sources = false)
2026.05.02 12:36:24 INFO  [INFO] SUCCESS: com.fasterxml.jackson.core:jackson-core:jar:2.15.4:compile (sources = false)
2026.05.02 12:36:24 INFO  [INFO] Resolving artifact: com.fasterxml.jackson.core:jackson-core:jar:2.15.4:compile (sources = true)
2026.05.02 12:36:24 INFO  [INFO] SUCCESS: com.fasterxml.jackson.core:jackson-core:jar:2.15.4:compile (sources = true)
2026.05.02 12:36:24 INFO  [INFO] Resolving artifact: io.jsonwebtoken:jjwt-api:jar:0.11.5:compile (sources = false)
2026.05.02 12:36:24 INFO  [INFO] SUCCESS: io.jsonwebtoken:jjwt-api:jar:0.11.5:compile (sources = false)
2026.05.02 12:36:24 INFO  [INFO] Resolving artifact: io.jsonwebtoken:jjwt-api:jar:0.11.5:compile (sources = true)
2026.05.02 12:36:24 INFO  [INFO] SUCCESS: io.jsonwebtoken:jjwt-api:jar:0.11.5:compile (sources = true)
2026.05.02 12:36:24 INFO  [INFO] Resolving artifact: com.sun.istack:istack-commons-runtime:jar:4.1.2:runtime (sources = false)
2026.05.02 12:36:24 INFO  [INFO] SUCCESS: com.sun.istack:istack-commons-runtime:jar:4.1.2:runtime (sources = false)
2026.05.02 12:36:24 INFO  [INFO] Resolving artifact: com.sun.istack:istack-commons-runtime:jar:4.1.2:runtime (sources = true)
2026.05.02 12:36:24 INFO  [INFO] SUCCESS: com.sun.istack:istack-commons-runtime:jar:4.1.2:runtime (sources = true)
2026.05.02 12:36:24 INFO  [INFO] Resolving artifact: com.fasterxml.jackson.datatype:jackson-datatype-jdk8:jar:2.15.4:compile (sources = false)
2026.05.02 12:36:24 INFO  [INFO] SUCCESS: com.fasterxml.jackson.datatype:jackson-datatype-jdk8:jar:2.15.4:compile (sources = false)
2026.05.02 12:36:24 INFO  [INFO] Resolving artifact: com.fasterxml.jackson.datatype:jackson-datatype-jdk8:jar:2.15.4:compile (sources = true)
2026.05.02 12:36:24 INFO  [INFO] SUCCESS: com.fasterxml.jackson.datatype:jackson-datatype-jdk8:jar:2.15.4:compile (sources = true)
2026.05.02 12:36:24 INFO  [INFO] Resolving artifact: org.apache.logging.log4j:log4j-to-slf4j:jar:2.21.1:compile (sources = false)
2026.05.02 12:36:24 INFO  [INFO] SUCCESS: org.apache.logging.log4j:log4j-to-slf4j:jar:2.21.1:compile (sources = false)
2026.05.02 12:36:24 INFO  [INFO] Resolving artifact: org.apache.logging.log4j:log4j-to-slf4j:jar:2.21.1:compile (sources = true)
2026.05.02 12:36:24 INFO  [INFO] SUCCESS: org.apache.logging.log4j:log4j-to-slf4j:jar:2.21.1:compile (sources = true)
2026.05.02 12:36:24 INFO  [INFO] Resolving artifact: com.fasterxml.jackson.core:jackson-annotations:jar:2.15.4:compile (sources = false)
2026.05.02 12:36:24 INFO  [INFO] SUCCESS: com.fasterxml.jackson.core:jackson-annotations:jar:2.15.4:compile (sources = false)
2026.05.02 12:36:24 INFO  [INFO] Resolving artifact: com.fasterxml.jackson.core:jackson-annotations:jar:2.15.4:compile (sources = true)
2026.05.02 12:36:24 INFO  [INFO] SUCCESS: com.fasterxml.jackson.core:jackson-annotations:jar:2.15.4:compile (sources = true)
2026.05.02 12:36:24 INFO  [INFO] Resolving artifact: org.springframework:spring-webmvc:jar:6.1.5:compile (sources = false)
2026.05.02 12:36:24 INFO  [INFO] SUCCESS: org.springframework:spring-webmvc:jar:6.1.5:compile (sources = false)
2026.05.02 12:36:24 INFO  [INFO] Resolving artifact: org.springframework:spring-webmvc:jar:6.1.5:compile (sources = true)
2026.05.02 12:36:24 INFO  [INFO] SUCCESS: org.springframework:spring-webmvc:jar:6.1.5:compile (sources = true)
2026.05.02 12:36:24 INFO  [INFO] Resolving artifact: org.springframework:spring-context:jar:6.1.5:compile (sources = false)
2026.05.02 12:36:24 INFO  [INFO] SUCCESS: org.springframework:spring-context:jar:6.1.5:compile (sources = false)
2026.05.02 12:36:24 INFO  [INFO] Resolving artifact: org.springframework:spring-context:jar:6.1.5:compile (sources = true)
2026.05.02 12:36:24 INFO  [INFO] SUCCESS: org.springframework:spring-context:jar:6.1.5:compile (sources = true)
2026.05.02 12:36:24 INFO  [INFO] Resolving artifact: org.springframework:spring-test:jar:6.1.5:test (sources = false)
2026.05.02 12:36:24 INFO  [INFO] SUCCESS: org.springframework:spring-test:jar:6.1.5:test (sources = false)
2026.05.02 12:36:24 INFO  [INFO] Resolving artifact: org.springframework:spring-test:jar:6.1.5:test (sources = true)
2026.05.02 12:36:24 INFO  [INFO] SUCCESS: org.springframework:spring-test:jar:6.1.5:test (sources = true)
2026.05.02 12:36:24 INFO  [INFO] Resolving artifact: com.mysql:mysql-connector-j:jar:8.3.0:runtime (sources = false)
2026.05.02 12:36:24 INFO  [INFO] SUCCESS: com.mysql:mysql-connector-j:jar:8.3.0:runtime (sources = false)
2026.05.02 12:36:24 INFO  [INFO] Resolving artifact: com.mysql:mysql-connector-j:jar:8.3.0:runtime (sources = true)
2026.05.02 12:36:24 INFO  [INFO] SUCCESS: com.mysql:mysql-connector-j:jar:8.3.0:runtime (sources = true)
2026.05.02 12:36:24 INFO  [INFO] Resolving artifact: org.springframework.security:spring-security-crypto:jar:6.2.3:compile (sources = false)
2026.05.02 12:36:24 INFO  [INFO] SUCCESS: org.springframework.security:spring-security-crypto:jar:6.2.3:compile (sources = false)
2026.05.02 12:36:24 INFO  [INFO] Resolving artifact: org.springframework.security:spring-security-crypto:jar:6.2.3:compile (sources = true)
2026.05.02 12:36:24 INFO  [INFO] SUCCESS: org.springframework.security:spring-security-crypto:jar:6.2.3:compile (sources = true)
2026.05.02 12:36:24 INFO  [INFO] Resolving artifact: org.springframework.boot:spring-boot-starter-test:jar:3.2.4:test (sources = false)
2026.05.02 12:36:24 INFO  [INFO] SUCCESS: org.springframework.boot:spring-boot-starter-test:jar:3.2.4:test (sources = false)
2026.05.02 12:36:24 INFO  [INFO] Resolving artifact: org.springframework.boot:spring-boot-starter-test:jar:3.2.4:test (sources = true)
2026.05.02 12:36:24 INFO  [INFO] SUCCESS: org.springframework.boot:spring-boot-starter-test:jar:3.2.4:test (sources = true)
2026.05.02 12:36:24 INFO  [INFO] Resolving artifact: org.opentest4j:opentest4j:jar:1.3.0:test (sources = false)
2026.05.02 12:36:24 INFO  [INFO] SUCCESS: org.opentest4j:opentest4j:jar:1.3.0:test (sources = false)
2026.05.02 12:36:24 INFO  [INFO] Resolving artifact: org.opentest4j:opentest4j:jar:1.3.0:test (sources = true)
2026.05.02 12:36:24 INFO  [INFO] SUCCESS: org.opentest4j:opentest4j:jar:1.3.0:test (sources = true)
2026.05.02 12:36:24 INFO  [INFO] Resolving artifact: org.xmlunit:xmlunit-core:jar:2.9.1:test (sources = false)
2026.05.02 12:36:24 INFO  [INFO] SUCCESS: org.xmlunit:xmlunit-core:jar:2.9.1:test (sources = false)
2026.05.02 12:36:24 INFO  [INFO] Resolving artifact: org.xmlunit:xmlunit-core:jar:2.9.1:test (sources = true)
2026.05.02 12:36:24 INFO  [INFO] SUCCESS: org.xmlunit:xmlunit-core:jar:2.9.1:test (sources = true)
2026.05.02 12:36:24 INFO  [INFO] Resolving artifact: org.springframework:spring-orm:jar:6.1.5:compile (sources = false)
2026.05.02 12:36:24 INFO  [INFO] SUCCESS: org.springframework:spring-orm:jar:6.1.5:compile (sources = false)
2026.05.02 12:36:24 INFO  [INFO] Resolving artifact: org.springframework:spring-orm:jar:6.1.5:compile (sources = true)
2026.05.02 12:36:24 INFO  [INFO] SUCCESS: org.springframework:spring-orm:jar:6.1.5:compile (sources = true)
2026.05.02 12:36:24 INFO  [INFO] Resolving artifact: org.junit.platform:junit-platform-commons:jar:1.10.2:test (sources = false)
2026.05.02 12:36:24 INFO  [INFO] SUCCESS: org.junit.platform:junit-platform-commons:jar:1.10.2:test (sources = false)
2026.05.02 12:36:24 INFO  [INFO] Resolving artifact: org.junit.platform:junit-platform-commons:jar:1.10.2:test (sources = true)
2026.05.02 12:36:24 INFO  [INFO] SUCCESS: org.junit.platform:junit-platform-commons:jar:1.10.2:test (sources = true)
2026.05.02 12:36:24 INFO  [INFO] Resolving artifact: jakarta.transaction:jakarta.transaction-api:jar:2.0.1:compile (sources = false)
2026.05.02 12:36:24 INFO  [INFO] SUCCESS: jakarta.transaction:jakarta.transaction-api:jar:2.0.1:compile (sources = false)
2026.05.02 12:36:24 INFO  [INFO] Resolving artifact: jakarta.transaction:jakarta.transaction-api:jar:2.0.1:compile (sources = true)
2026.05.02 12:36:24 INFO  [INFO] SUCCESS: jakarta.transaction:jakarta.transaction-api:jar:2.0.1:compile (sources = true)
2026.05.02 12:36:24 INFO  [INFO] Resolving artifact: com.fasterxml:classmate:jar:1.6.0:runtime (sources = false)
2026.05.02 12:36:24 INFO  [INFO] SUCCESS: com.fasterxml:classmate:jar:1.6.0:runtime (sources = false)
2026.05.02 12:36:24 INFO  [INFO] Resolving artifact: com.fasterxml:classmate:jar:1.6.0:runtime (sources = true)
2026.05.02 12:36:24 INFO  [INFO] SUCCESS: com.fasterxml:classmate:jar:1.6.0:runtime (sources = true)
2026.05.02 12:36:24 INFO  [INFO] Resolving artifact: org.springframework.boot:spring-boot-test:jar:3.2.4:test (sources = false)
2026.05.02 12:36:24 INFO  [INFO] SUCCESS: org.springframework.boot:spring-boot-test:jar:3.2.4:test (sources = false)
2026.05.02 12:36:24 INFO  [INFO] Resolving artifact: org.springframework.boot:spring-boot-test:jar:3.2.4:test (sources = true)
2026.05.02 12:36:24 INFO  [INFO] SUCCESS: org.springframework.boot:spring-boot-test:jar:3.2.4:test (sources = true)
2026.05.02 12:36:24 INFO  [INFO] Resolving artifact: org.springframework.boot:spring-boot-starter-tomcat:jar:3.2.4:compile (sources = false)
2026.05.02 12:36:25 INFO  [INFO] SUCCESS: org.springframework.boot:spring-boot-starter-tomcat:jar:3.2.4:compile (sources = false)
2026.05.02 12:36:25 INFO  [INFO] Resolving artifact: org.springframework.boot:spring-boot-starter-tomcat:jar:3.2.4:compile (sources = true)
2026.05.02 12:36:25 INFO  [INFO] SUCCESS: org.springframework.boot:spring-boot-starter-tomcat:jar:3.2.4:compile (sources = true)
2026.05.02 12:36:25 INFO  [INFO] Resolving artifact: org.springframework:spring-jdbc:jar:6.1.5:compile (sources = false)
2026.05.02 12:36:25 INFO  [INFO] SUCCESS: org.springframework:spring-jdbc:jar:6.1.5:compile (sources = false)
2026.05.02 12:36:25 INFO  [INFO] Resolving artifact: org.springframework:spring-jdbc:jar:6.1.5:compile (sources = true)
2026.05.02 12:36:25 INFO  [INFO] SUCCESS: org.springframework:spring-jdbc:jar:6.1.5:compile (sources = true)
2026.05.02 12:36:25 INFO  [INFO] Resolving artifact: org.glassfish.jaxb:jaxb-runtime:jar:4.0.5:runtime (sources = false)
2026.05.02 12:36:25 INFO  [INFO] SUCCESS: org.glassfish.jaxb:jaxb-runtime:jar:4.0.5:runtime (sources = false)
2026.05.02 12:36:25 INFO  [INFO] Resolving artifact: org.glassfish.jaxb:jaxb-runtime:jar:4.0.5:runtime (sources = true)
2026.05.02 12:36:25 INFO  [INFO] SUCCESS: org.glassfish.jaxb:jaxb-runtime:jar:4.0.5:runtime (sources = true)
2026.05.02 12:36:25 INFO  [INFO] Resolving artifact: com.zaxxer:HikariCP:jar:5.0.1:compile (sources = false)
2026.05.02 12:36:25 INFO  [INFO] SUCCESS: com.zaxxer:HikariCP:jar:5.0.1:compile (sources = false)
2026.05.02 12:36:25 INFO  [INFO] Resolving artifact: com.zaxxer:HikariCP:jar:5.0.1:compile (sources = true)
2026.05.02 12:36:25 INFO  [INFO] SUCCESS: com.zaxxer:HikariCP:jar:5.0.1:compile (sources = true)
2026.05.02 12:36:25 INFO  [INFO] Resolving artifact: org.yaml:snakeyaml:jar:2.2:compile (sources = false)
2026.05.02 12:36:25 INFO  [INFO] SUCCESS: org.yaml:snakeyaml:jar:2.2:compile (sources = false)
2026.05.02 12:36:25 INFO  [INFO] Resolving artifact: org.yaml:snakeyaml:jar:2.2:compile (sources = true)
2026.05.02 12:36:25 INFO  [INFO] SUCCESS: org.yaml:snakeyaml:jar:2.2:compile (sources = true)
2026.05.02 12:36:25 INFO  [INFO] Resolving artifact: org.mockito:mockito-core:jar:5.7.0:test (sources = false)
2026.05.02 12:36:25 INFO  [INFO] SUCCESS: org.mockito:mockito-core:jar:5.7.0:test (sources = false)
2026.05.02 12:36:25 INFO  [INFO] Resolving artifact: org.mockito:mockito-core:jar:5.7.0:test (sources = true)
2026.05.02 12:36:25 INFO  [INFO] SUCCESS: org.mockito:mockito-core:jar:5.7.0:test (sources = true)
2026.05.02 12:36:25 INFO  [INFO] Resolving artifact: net.minidev:json-smart:jar:2.5.0:test (sources = false)
2026.05.02 12:36:25 INFO  [INFO] SUCCESS: net.minidev:json-smart:jar:2.5.0:test (sources = false)
2026.05.02 12:36:25 INFO  [INFO] Resolving artifact: net.minidev:json-smart:jar:2.5.0:test (sources = true)
2026.05.02 12:36:25 INFO  [INFO] SUCCESS: net.minidev:json-smart:jar:2.5.0:test (sources = true)
2026.05.02 12:36:25 INFO  [INFO] Resolving artifact: org.mockito:mockito-junit-jupiter:jar:5.7.0:test (sources = false)
2026.05.02 12:36:25 INFO  [INFO] SUCCESS: org.mockito:mockito-junit-jupiter:jar:5.7.0:test (sources = false)
2026.05.02 12:36:25 INFO  [INFO] Resolving artifact: org.mockito:mockito-junit-jupiter:jar:5.7.0:test (sources = true)
2026.05.02 12:36:25 INFO  [INFO] SUCCESS: org.mockito:mockito-junit-jupiter:jar:5.7.0:test (sources = true)
2026.05.02 12:36:25 INFO  [INFO] Resolving artifact: org.jboss.logging:jboss-logging:jar:3.5.3.Final:runtime (sources = false)
2026.05.02 12:36:25 INFO  [INFO] SUCCESS: org.jboss.logging:jboss-logging:jar:3.5.3.Final:runtime (sources = false)
2026.05.02 12:36:25 INFO  [INFO] Resolving artifact: org.jboss.logging:jboss-logging:jar:3.5.3.Final:runtime (sources = true)
2026.05.02 12:36:25 INFO  [INFO] SUCCESS: org.jboss.logging:jboss-logging:jar:3.5.3.Final:runtime (sources = true)
2026.05.02 12:36:25 INFO  [INFO] Resolving artifact: org.springframework:spring-beans:jar:6.1.5:compile (sources = false)
2026.05.02 12:36:25 INFO  [INFO] SUCCESS: org.springframework:spring-beans:jar:6.1.5:compile (sources = false)
2026.05.02 12:36:25 INFO  [INFO] Resolving artifact: org.springframework:spring-beans:jar:6.1.5:compile (sources = true)
2026.05.02 12:36:25 INFO  [INFO] SUCCESS: org.springframework:spring-beans:jar:6.1.5:compile (sources = true)
2026.05.02 12:36:25 INFO  [INFO] Resolving artifact: org.springframework.security:spring-security-core:jar:6.2.3:compile (sources = false)
2026.05.02 12:36:25 INFO  [INFO] SUCCESS: org.springframework.security:spring-security-core:jar:6.2.3:compile (sources = false)
2026.05.02 12:36:25 INFO  [INFO] Resolving artifact: org.springframework.security:spring-security-core:jar:6.2.3:compile (sources = true)
2026.05.02 12:36:25 INFO  [INFO] SUCCESS: org.springframework.security:spring-security-core:jar:6.2.3:compile (sources = true)
2026.05.02 12:36:25 INFO  [INFO] Resolving artifact: org.springframework.boot:spring-boot-actuator-autoconfigure:jar:3.2.4:compile (sources = false)
2026.05.02 12:36:25 INFO  [INFO] SUCCESS: org.springframework.boot:spring-boot-actuator-autoconfigure:jar:3.2.4:compile (sources = false)
2026.05.02 12:36:25 INFO  [INFO] Resolving artifact: org.springframework.boot:spring-boot-actuator-autoconfigure:jar:3.2.4:compile (sources = true)
2026.05.02 12:36:25 INFO  [INFO] SUCCESS: org.springframework.boot:spring-boot-actuator-autoconfigure:jar:3.2.4:compile (sources = true)
2026.05.02 12:36:25 INFO  [INFO] Resolving artifact: net.minidev:accessors-smart:jar:2.5.0:test (sources = false)
2026.05.02 12:36:25 INFO  [INFO] SUCCESS: net.minidev:accessors-smart:jar:2.5.0:test (sources = false)
2026.05.02 12:36:25 INFO  [INFO] Resolving artifact: net.minidev:accessors-smart:jar:2.5.0:test (sources = true)
2026.05.02 12:36:25 INFO  [INFO] SUCCESS: net.minidev:accessors-smart:jar:2.5.0:test (sources = true)
2026.05.02 12:36:25 INFO  [INFO] Resolving artifact: org.assertj:assertj-core:jar:3.24.2:test (sources = false)
2026.05.02 12:36:25 INFO  [INFO] SUCCESS: org.assertj:assertj-core:jar:3.24.2:test (sources = false)
2026.05.02 12:36:25 INFO  [INFO] Resolving artifact: org.assertj:assertj-core:jar:3.24.2:test (sources = true)
2026.05.02 12:36:25 INFO  [INFO] SUCCESS: org.assertj:assertj-core:jar:3.24.2:test (sources = true)
2026.05.02 12:36:25 INFO  [INFO] Resolving artifact: org.slf4j:slf4j-api:jar:2.0.12:compile (sources = false)
2026.05.02 12:36:25 INFO  [INFO] SUCCESS: org.slf4j:slf4j-api:jar:2.0.12:compile (sources = false)
2026.05.02 12:36:25 INFO  [INFO] Resolving artifact: org.slf4j:slf4j-api:jar:2.0.12:compile (sources = true)
2026.05.02 12:36:25 INFO  [INFO] SUCCESS: org.slf4j:slf4j-api:jar:2.0.12:compile (sources = true)
2026.05.02 12:36:25 INFO  [INFO] Resolving artifact: io.jsonwebtoken:jjwt-jackson:jar:0.11.5:runtime (sources = false)
2026.05.02 12:36:25 INFO  [INFO] SUCCESS: io.jsonwebtoken:jjwt-jackson:jar:0.11.5:runtime (sources = false)
2026.05.02 12:36:25 INFO  [INFO] Resolving artifact: io.jsonwebtoken:jjwt-jackson:jar:0.11.5:runtime (sources = true)
2026.05.02 12:36:25 INFO  [INFO] SUCCESS: io.jsonwebtoken:jjwt-jackson:jar:0.11.5:runtime (sources = true)
2026.05.02 12:36:25 INFO  [INFO] Resolving artifact: com.fasterxml.jackson.datatype:jackson-datatype-jsr310:jar:2.15.4:compile (sources = false)
2026.05.02 12:36:25 INFO  [INFO] SUCCESS: com.fasterxml.jackson.datatype:jackson-datatype-jsr310:jar:2.15.4:compile (sources = false)
2026.05.02 12:36:25 INFO  [INFO] Resolving artifact: com.fasterxml.jackson.datatype:jackson-datatype-jsr310:jar:2.15.4:compile (sources = true)
2026.05.02 12:36:25 INFO  [INFO] SUCCESS: com.fasterxml.jackson.datatype:jackson-datatype-jsr310:jar:2.15.4:compile (sources = true)
2026.05.02 12:36:25 INFO  [INFO] Resolving artifact: org.springframework.security:spring-security-test:jar:6.2.3:test (sources = false)
2026.05.02 12:36:25 INFO  [INFO] SUCCESS: org.springframework.security:spring-security-test:jar:6.2.3:test (sources = false)
2026.05.02 12:36:25 INFO  [INFO] Resolving artifact: org.springframework.security:spring-security-test:jar:6.2.3:test (sources = true)
2026.05.02 12:36:25 INFO  [INFO] SUCCESS: org.springframework.security:spring-security-test:jar:6.2.3:test (sources = true)
2026.05.02 12:36:25 INFO  [INFO] Resolving artifact: org.springframework.boot:spring-boot-autoconfigure:jar:3.2.4:compile (sources = false)
2026.05.02 12:36:25 INFO  [INFO] SUCCESS: org.springframework.boot:spring-boot-autoconfigure:jar:3.2.4:compile (sources = false)
2026.05.02 12:36:25 INFO  [INFO] Resolving artifact: org.springframework.boot:spring-boot-autoconfigure:jar:3.2.4:compile (sources = true)
2026.05.02 12:36:25 INFO  [INFO] SUCCESS: org.springframework.boot:spring-boot-autoconfigure:jar:3.2.4:compile (sources = true)
2026.05.02 12:36:25 INFO  [INFO] Resolving artifact: net.bytebuddy:byte-buddy-agent:jar:1.14.12:test (sources = false)
2026.05.02 12:36:25 INFO  [INFO] SUCCESS: net.bytebuddy:byte-buddy-agent:jar:1.14.12:test (sources = false)
2026.05.02 12:36:25 INFO  [INFO] Resolving artifact: net.bytebuddy:byte-buddy-agent:jar:1.14.12:test (sources = true)
2026.05.02 12:36:25 INFO  [INFO] SUCCESS: net.bytebuddy:byte-buddy-agent:jar:1.14.12:test (sources = true)
2026.05.02 12:36:25 INFO  [INFO] Resolving artifact: io.micrometer:micrometer-commons:jar:1.12.4:compile (sources = false)
2026.05.02 12:36:25 INFO  [INFO] SUCCESS: io.micrometer:micrometer-commons:jar:1.12.4:compile (sources = false)
2026.05.02 12:36:25 INFO  [INFO] Resolving artifact: io.micrometer:micrometer-commons:jar:1.12.4:compile (sources = true)
2026.05.02 12:36:25 INFO  [INFO] SUCCESS: io.micrometer:micrometer-commons:jar:1.12.4:compile (sources = true)
2026.05.02 12:36:25 INFO  [INFO] Resolving artifact: org.hamcrest:hamcrest:jar:2.2:test (sources = false)
2026.05.02 12:36:25 INFO  [INFO] SUCCESS: org.hamcrest:hamcrest:jar:2.2:test (sources = false)
2026.05.02 12:36:25 INFO  [INFO] Resolving artifact: org.hamcrest:hamcrest:jar:2.2:test (sources = true)
2026.05.02 12:36:25 INFO  [INFO] SUCCESS: org.hamcrest:hamcrest:jar:2.2:test (sources = true)
2026.05.02 12:36:25 INFO  [INFO] Resolving artifact: org.springframework:spring-aop:jar:6.1.5:compile (sources = false)
2026.05.02 12:36:25 INFO  [INFO] SUCCESS: org.springframework:spring-aop:jar:6.1.5:compile (sources = false)
2026.05.02 12:36:25 INFO  [INFO] Resolving artifact: org.springframework:spring-aop:jar:6.1.5:compile (sources = true)
2026.05.02 12:36:25 INFO  [INFO] SUCCESS: org.springframework:spring-aop:jar:6.1.5:compile (sources = true)
2026.05.02 12:36:25 INFO  [INFO] Resolving artifact: org.springframework.security:spring-security-config:jar:6.2.3:compile (sources = false)
2026.05.02 12:36:25 INFO  [INFO] SUCCESS: org.springframework.security:spring-security-config:jar:6.2.3:compile (sources = false)
2026.05.02 12:36:25 INFO  [INFO] Resolving artifact: org.springframework.security:spring-security-config:jar:6.2.3:compile (sources = true)
2026.05.02 12:36:25 INFO  [INFO] SUCCESS: org.springframework.security:spring-security-config:jar:6.2.3:compile (sources = true)
2026.05.02 12:36:25 INFO  [INFO] Resolving artifact: org.skyscreamer:jsonassert:jar:1.5.1:test (sources = false)
2026.05.02 12:36:26 INFO  [INFO] SUCCESS: org.skyscreamer:jsonassert:jar:1.5.1:test (sources = false)
2026.05.02 12:36:26 INFO  [INFO] Resolving artifact: org.skyscreamer:jsonassert:jar:1.5.1:test (sources = true)
2026.05.02 12:36:26 INFO  [INFO] SUCCESS: org.skyscreamer:jsonassert:jar:1.5.1:test (sources = true)
2026.05.02 12:36:26 INFO  [INFO] Resolving artifact: org.springframework:spring-jcl:jar:6.1.5:compile (sources = false)
2026.05.02 12:36:26 INFO  [INFO] SUCCESS: org.springframework:spring-jcl:jar:6.1.5:compile (sources = false)
2026.05.02 12:36:26 INFO  [INFO] Resolving artifact: org.springframework:spring-jcl:jar:6.1.5:compile (sources = true)
2026.05.02 12:36:26 INFO  [INFO] SUCCESS: org.springframework:spring-jcl:jar:6.1.5:compile (sources = true)
2026.05.02 12:36:26 INFO  [INFO] Resolving artifact: org.awaitility:awaitility:jar:4.2.0:test (sources = false)
2026.05.02 12:36:26 INFO  [INFO] SUCCESS: org.awaitility:awaitility:jar:4.2.0:test (sources = false)
2026.05.02 12:36:26 INFO  [INFO] Resolving artifact: org.awaitility:awaitility:jar:4.2.0:test (sources = true)
2026.05.02 12:36:26 INFO  [INFO] SUCCESS: org.awaitility:awaitility:jar:4.2.0:test (sources = true)
2026.05.02 12:36:26 INFO  [INFO] Resolving artifact: org.springframework:spring-expression:jar:6.1.5:compile (sources = false)
2026.05.02 12:36:26 INFO  [INFO] SUCCESS: org.springframework:spring-expression:jar:6.1.5:compile (sources = false)
2026.05.02 12:36:26 INFO  [INFO] Resolving artifact: org.springframework:spring-expression:jar:6.1.5:compile (sources = true)
2026.05.02 12:36:26 INFO  [INFO] SUCCESS: org.springframework:spring-expression:jar:6.1.5:compile (sources = true)
2026.05.02 12:36:26 INFO  [INFO] Resolving artifact: org.apache.logging.log4j:log4j-api:jar:2.21.1:compile (sources = false)
2026.05.02 12:36:26 INFO  [INFO] SUCCESS: org.apache.logging.log4j:log4j-api:jar:2.21.1:compile (sources = false)
2026.05.02 12:36:26 INFO  [INFO] Resolving artifact: org.apache.logging.log4j:log4j-api:jar:2.21.1:compile (sources = true)
2026.05.02 12:36:26 INFO  [INFO] SUCCESS: org.apache.logging.log4j:log4j-api:jar:2.21.1:compile (sources = true)
2026.05.02 12:36:26 INFO  [INFO] Resolving artifact: org.springframework.boot:spring-boot-starter-security:jar:3.2.4:compile (sources = false)
2026.05.02 12:36:26 INFO  [INFO] SUCCESS: org.springframework.boot:spring-boot-starter-security:jar:3.2.4:compile (sources = false)
2026.05.02 12:36:26 INFO  [INFO] Resolving artifact: org.springframework.boot:spring-boot-starter-security:jar:3.2.4:compile (sources = true)
2026.05.02 12:36:26 INFO  [INFO] SUCCESS: org.springframework.boot:spring-boot-starter-security:jar:3.2.4:compile (sources = true)
2026.05.02 12:36:26 INFO  [INFO] Resolving artifact: io.micrometer:micrometer-jakarta9:jar:1.12.4:compile (sources = false)
2026.05.02 12:36:26 INFO  [INFO] SUCCESS: io.micrometer:micrometer-jakarta9:jar:1.12.4:compile (sources = false)
2026.05.02 12:36:26 INFO  [INFO] Resolving artifact: io.micrometer:micrometer-jakarta9:jar:1.12.4:compile (sources = true)
2026.05.02 12:36:26 INFO  [INFO] SUCCESS: io.micrometer:micrometer-jakarta9:jar:1.12.4:compile (sources = true)
2026.05.02 12:36:26 INFO  [INFO] Resolving artifact: org.junit.jupiter:junit-jupiter-engine:jar:5.10.2:test (sources = false)
2026.05.02 12:36:26 INFO  [INFO] SUCCESS: org.junit.jupiter:junit-jupiter-engine:jar:5.10.2:test (sources = false)
2026.05.02 12:36:26 INFO  [INFO] Resolving artifact: org.junit.jupiter:junit-jupiter-engine:jar:5.10.2:test (sources = true)
2026.05.02 12:36:26 INFO  [INFO] SUCCESS: org.junit.jupiter:junit-jupiter-engine:jar:5.10.2:test (sources = true)
2026.05.02 12:36:26 INFO  [INFO] Resolving artifact: org.springframework:spring-aspects:jar:6.1.5:compile (sources = false)
2026.05.02 12:36:26 INFO  [INFO] SUCCESS: org.springframework:spring-aspects:jar:6.1.5:compile (sources = false)
2026.05.02 12:36:26 INFO  [INFO] Resolving artifact: org.springframework:spring-aspects:jar:6.1.5:compile (sources = true)
2026.05.02 12:36:26 INFO  [INFO] SUCCESS: org.springframework:spring-aspects:jar:6.1.5:compile (sources = true)
2026.05.02 12:36:26 INFO  [INFO] Resolving artifact: org.glassfish.jaxb:jaxb-core:jar:4.0.5:runtime (sources = false)
2026.05.02 12:36:26 INFO  [INFO] SUCCESS: org.glassfish.jaxb:jaxb-core:jar:4.0.5:runtime (sources = false)
2026.05.02 12:36:26 INFO  [INFO] Resolving artifact: org.glassfish.jaxb:jaxb-core:jar:4.0.5:runtime (sources = true)
2026.05.02 12:36:26 INFO  [INFO] SUCCESS: org.glassfish.jaxb:jaxb-core:jar:4.0.5:runtime (sources = true)
2026.05.02 12:36:26 INFO  [INFO] Resolving artifact: org.springframework.boot:spring-boot-starter-jdbc:jar:3.2.4:compile (sources = false)
2026.05.02 12:36:26 INFO  [INFO] SUCCESS: org.springframework.boot:spring-boot-starter-jdbc:jar:3.2.4:compile (sources = false)
2026.05.02 12:36:26 INFO  [INFO] Resolving artifact: org.springframework.boot:spring-boot-starter-jdbc:jar:3.2.4:compile (sources = true)
2026.05.02 12:36:26 INFO  [INFO] SUCCESS: org.springframework.boot:spring-boot-starter-jdbc:jar:3.2.4:compile (sources = true)
2026.05.02 12:36:26 INFO  [INFO] Resolving artifact: org.springframework.boot:spring-boot-starter-logging:jar:3.2.4:compile (sources = false)
2026.05.02 12:36:26 INFO  [INFO] SUCCESS: org.springframework.boot:spring-boot-starter-logging:jar:3.2.4:compile (sources = false)
2026.05.02 12:36:26 INFO  [INFO] Resolving artifact: org.springframework.boot:spring-boot-starter-logging:jar:3.2.4:compile (sources = true)
2026.05.02 12:36:26 INFO  [INFO] SUCCESS: org.springframework.boot:spring-boot-starter-logging:jar:3.2.4:compile (sources = true)
2026.05.02 12:36:26 INFO  [INFO] Resolving artifact: net.bytebuddy:byte-buddy:jar:1.14.12:runtime (sources = false)
2026.05.02 12:36:26 INFO  [INFO] SUCCESS: net.bytebuddy:byte-buddy:jar:1.14.12:runtime (sources = false)
2026.05.02 12:36:26 INFO  [INFO] Resolving artifact: net.bytebuddy:byte-buddy:jar:1.14.12:runtime (sources = true)
2026.05.02 12:36:26 INFO  [INFO] SUCCESS: net.bytebuddy:byte-buddy:jar:1.14.12:runtime (sources = true)
2026.05.02 12:36:26 INFO  [INFO] Resolving artifact: org.objenesis:objenesis:jar:3.3:test (sources = false)
2026.05.02 12:36:26 INFO  [INFO] SUCCESS: org.objenesis:objenesis:jar:3.3:test (sources = false)
2026.05.02 12:36:26 INFO  [INFO] Resolving artifact: org.objenesis:objenesis:jar:3.3:test (sources = true)
2026.05.02 12:36:26 INFO  [INFO] SUCCESS: org.objenesis:objenesis:jar:3.3:test (sources = true)
2026.05.02 12:36:26 INFO  [INFO] Resolving artifact: org.hibernate.common:hibernate-commons-annotations:jar:6.0.6.Final:runtime (sources = false)
2026.05.02 12:36:26 INFO  [INFO] SUCCESS: org.hibernate.common:hibernate-commons-annotations:jar:6.0.6.Final:runtime (sources = false)
2026.05.02 12:36:26 INFO  [INFO] Resolving artifact: org.hibernate.common:hibernate-commons-annotations:jar:6.0.6.Final:runtime (sources = true)
2026.05.02 12:36:26 INFO  [INFO] SUCCESS: org.hibernate.common:hibernate-commons-annotations:jar:6.0.6.Final:runtime (sources = true)
2026.05.02 12:36:26 INFO  [INFO] Resolving artifact: org.antlr:antlr4-runtime:jar:4.13.0:compile (sources = false)
2026.05.02 12:36:26 INFO  [INFO] SUCCESS: org.antlr:antlr4-runtime:jar:4.13.0:compile (sources = false)
2026.05.02 12:36:26 INFO  [INFO] Resolving artifact: org.antlr:antlr4-runtime:jar:4.13.0:compile (sources = true)
2026.05.02 12:36:26 INFO  [INFO] SUCCESS: org.antlr:antlr4-runtime:jar:4.13.0:compile (sources = true)
2026.05.02 12:36:26 INFO  [INFO] Resolving artifact: io.jsonwebtoken:jjwt-impl:jar:0.11.5:runtime (sources = false)
2026.05.02 12:36:26 INFO  [INFO] SUCCESS: io.jsonwebtoken:jjwt-impl:jar:0.11.5:runtime (sources = false)
2026.05.02 12:36:26 INFO  [INFO] Resolving artifact: io.jsonwebtoken:jjwt-impl:jar:0.11.5:runtime (sources = true)
2026.05.02 12:36:26 INFO  [INFO] SUCCESS: io.jsonwebtoken:jjwt-impl:jar:0.11.5:runtime (sources = true)
2026.05.02 12:36:26 INFO  [INFO] Resolving artifact: org.junit.platform:junit-platform-engine:jar:1.10.2:test (sources = false)
2026.05.02 12:36:26 INFO  [INFO] SUCCESS: org.junit.platform:junit-platform-engine:jar:1.10.2:test (sources = false)
2026.05.02 12:36:26 INFO  [INFO] Resolving artifact: org.junit.platform:junit-platform-engine:jar:1.10.2:test (sources = true)
2026.05.02 12:36:26 INFO  [INFO] SUCCESS: org.junit.platform:junit-platform-engine:jar:1.10.2:test (sources = true)
2026.05.02 12:36:26 INFO  [INFO] Resolving artifact: org.ow2.asm:asm:jar:9.3:test (sources = false)
2026.05.02 12:36:26 INFO  [INFO] SUCCESS: org.ow2.asm:asm:jar:9.3:test (sources = false)
2026.05.02 12:36:26 INFO  [INFO] Resolving artifact: org.ow2.asm:asm:jar:9.3:test (sources = true)
2026.05.02 12:36:26 INFO  [INFO] SUCCESS: org.ow2.asm:asm:jar:9.3:test (sources = true)
2026.05.02 12:36:26 INFO  [INFO] Resolving artifact: org.springframework.security:spring-security-web:jar:6.2.3:compile (sources = false)
2026.05.02 12:36:26 INFO  [INFO] SUCCESS: org.springframework.security:spring-security-web:jar:6.2.3:compile (sources = false)
2026.05.02 12:36:26 INFO  [INFO] Resolving artifact: org.springframework.security:spring-security-web:jar:6.2.3:compile (sources = true)
2026.05.02 12:36:26 INFO  [INFO] SUCCESS: org.springframework.security:spring-security-web:jar:6.2.3:compile (sources = true)
2026.05.02 12:36:26 INFO  [INFO] Resolving artifact: org.eclipse.angus:angus-activation:jar:2.0.2:runtime (sources = false)
2026.05.02 12:36:26 INFO  [INFO] SUCCESS: org.eclipse.angus:angus-activation:jar:2.0.2:runtime (sources = false)
2026.05.02 12:36:26 INFO  [INFO] Resolving artifact: org.eclipse.angus:angus-activation:jar:2.0.2:runtime (sources = true)
2026.05.02 12:36:26 INFO  [INFO] SUCCESS: org.eclipse.angus:angus-activation:jar:2.0.2:runtime (sources = true)
2026.05.02 12:36:26 INFO  [INFO] Resolving artifact: org.apache.tomcat.embed:tomcat-embed-el:jar:10.1.19:compile (sources = false)
2026.05.02 12:36:26 INFO  [INFO] SUCCESS: org.apache.tomcat.embed:tomcat-embed-el:jar:10.1.19:compile (sources = false)
2026.05.02 12:36:26 INFO  [INFO] Resolving artifact: org.apache.tomcat.embed:tomcat-embed-el:jar:10.1.19:compile (sources = true)
2026.05.02 12:36:26 INFO  [INFO] SUCCESS: org.apache.tomcat.embed:tomcat-embed-el:jar:10.1.19:compile (sources = true)
2026.05.02 12:36:26 INFO  [INFO] Resolving artifact: org.slf4j:jul-to-slf4j:jar:2.0.12:compile (sources = false)
2026.05.02 12:36:26 INFO  [INFO] SUCCESS: org.slf4j:jul-to-slf4j:jar:2.0.12:compile (sources = false)
2026.05.02 12:36:26 INFO  [INFO] Resolving artifact: org.slf4j:jul-to-slf4j:jar:2.0.12:compile (sources = true)
2026.05.02 12:36:26 INFO  [INFO] SUCCESS: org.slf4j:jul-to-slf4j:jar:2.0.12:compile (sources = true)
2026.05.02 12:36:26 INFO  [INFO] Resolving artifact: com.fasterxml.jackson.core:jackson-databind:jar:2.15.4:compile (sources = false)
2026.05.02 12:36:26 INFO  [INFO] SUCCESS: com.fasterxml.jackson.core:jackson-databind:jar:2.15.4:compile (sources = false)
2026.05.02 12:36:26 INFO  [INFO] Resolving artifact: com.fasterxml.jackson.core:jackson-databind:jar:2.15.4:compile (sources = true)
2026.05.02 12:36:26 INFO  [INFO] SUCCESS: com.fasterxml.jackson.core:jackson-databind:jar:2.15.4:compile (sources = true)
2026.05.02 12:36:26 INFO  [INFO] Resolving artifact: ch.qos.logback:logback-classic:jar:1.4.14:compile (sources = false)
2026.05.02 12:36:26 INFO  [INFO] SUCCESS: ch.qos.logback:logback-classic:jar:1.4.14:compile (sources = false)
2026.05.02 12:36:26 INFO  [INFO] Resolving artifact: ch.qos.logback:logback-classic:jar:1.4.14:compile (sources = true)
2026.05.02 12:36:26 INFO  [INFO] SUCCESS: ch.qos.logback:logback-classic:jar:1.4.14:compile (sources = true)
2026.05.02 12:36:26 INFO  [INFO] Resolving artifact: org.springframework:spring-web:jar:6.1.5:compile (sources = false)
2026.05.02 12:36:26 INFO  [INFO] SUCCESS: org.springframework:spring-web:jar:6.1.5:compile (sources = false)
2026.05.02 12:36:26 INFO  [INFO] Resolving artifact: org.springframework:spring-web:jar:6.1.5:compile (sources = true)
2026.05.02 12:36:26 INFO  [INFO] SUCCESS: org.springframework:spring-web:jar:6.1.5:compile (sources = true)
2026.05.02 12:36:26 INFO  [INFO] Resolving artifact: org.springframework.boot:spring-boot-test-autoconfigure:jar:3.2.4:test (sources = false)
2026.05.02 12:36:26 INFO  [INFO] SUCCESS: org.springframework.boot:spring-boot-test-autoconfigure:jar:3.2.4:test (sources = false)
2026.05.02 12:36:26 INFO  [INFO] Resolving artifact: org.springframework.boot:spring-boot-test-autoconfigure:jar:3.2.4:test (sources = true)
2026.05.02 12:36:26 INFO  [INFO] SUCCESS: org.springframework.boot:spring-boot-test-autoconfigure:jar:3.2.4:test (sources = true)
2026.05.02 12:36:26 INFO  [INFO] Resolving artifact: org.junit.jupiter:junit-jupiter:jar:5.10.2:test (sources = false)
2026.05.02 12:36:26 INFO  [INFO] SUCCESS: org.junit.jupiter:junit-jupiter:jar:5.10.2:test (sources = false)
2026.05.02 12:36:26 INFO  [INFO] Resolving artifact: org.junit.jupiter:junit-jupiter:jar:5.10.2:test (sources = true)
2026.05.02 12:36:26 INFO  [INFO] SUCCESS: org.junit.jupiter:junit-jupiter:jar:5.10.2:test (sources = true)
2026.05.02 12:36:26 INFO  [INFO] Resolving artifact: jakarta.persistence:jakarta.persistence-api:jar:3.1.0:compile (sources = false)
2026.05.02 12:36:26 INFO  [INFO] SUCCESS: jakarta.persistence:jakarta.persistence-api:jar:3.1.0:compile (sources = false)
2026.05.02 12:36:26 INFO  [INFO] Resolving artifact: jakarta.persistence:jakarta.persistence-api:jar:3.1.0:compile (sources = true)
2026.05.02 12:36:26 INFO  [INFO] SUCCESS: jakarta.persistence:jakarta.persistence-api:jar:3.1.0:compile (sources = true)
2026.05.02 12:36:26 INFO  [INFO] Resolving artifact: jakarta.activation:jakarta.activation-api:jar:2.1.3:runtime (sources = false)
2026.05.02 12:36:26 INFO  [INFO] SUCCESS: jakarta.activation:jakarta.activation-api:jar:2.1.3:runtime (sources = false)
2026.05.02 12:36:26 INFO  [INFO] Resolving artifact: jakarta.activation:jakarta.activation-api:jar:2.1.3:runtime (sources = true)
2026.05.02 12:36:26 INFO  [INFO] SUCCESS: jakarta.activation:jakarta.activation-api:jar:2.1.3:runtime (sources = true)
2026.05.02 12:36:26 INFO  [INFO] Resolving artifact: org.springframework:spring-tx:jar:6.1.5:compile (sources = false)
2026.05.02 12:36:26 INFO  [INFO] SUCCESS: org.springframework:spring-tx:jar:6.1.5:compile (sources = false)
2026.05.02 12:36:26 INFO  [INFO] Resolving artifact: org.springframework:spring-tx:jar:6.1.5:compile (sources = true)
2026.05.02 12:36:26 INFO  [INFO] SUCCESS: org.springframework:spring-tx:jar:6.1.5:compile (sources = true)
2026.05.02 12:36:26 INFO  [INFO] Resolving artifact: org.springframework.boot:spring-boot-actuator:jar:3.2.4:compile (sources = false)
2026.05.02 12:36:26 INFO  [INFO] SUCCESS: org.springframework.boot:spring-boot-actuator:jar:3.2.4:compile (sources = false)
2026.05.02 12:36:26 INFO  [INFO] Resolving artifact: org.springframework.boot:spring-boot-actuator:jar:3.2.4:compile (sources = true)
2026.05.02 12:36:26 INFO  [INFO] SUCCESS: org.springframework.boot:spring-boot-actuator:jar:3.2.4:compile (sources = true)
2026.05.02 12:36:26 INFO  [INFO] Resolving artifact: org.springframework.boot:spring-boot-starter-actuator:jar:3.2.4:compile (sources = false)
2026.05.02 12:36:26 INFO  [INFO] SUCCESS: org.springframework.boot:spring-boot-starter-actuator:jar:3.2.4:compile (sources = false)
2026.05.02 12:36:26 INFO  [INFO] Resolving artifact: org.springframework.boot:spring-boot-starter-actuator:jar:3.2.4:compile (sources = true)
2026.05.02 12:36:26 INFO  [INFO] SUCCESS: org.springframework.boot:spring-boot-starter-actuator:jar:3.2.4:compile (sources = true)
2026.05.02 12:36:26 INFO  [INFO] Resolving artifact: org.springframework:spring-core:jar:6.1.5:compile (sources = false)
2026.05.02 12:36:26 INFO  [INFO] SUCCESS: org.springframework:spring-core:jar:6.1.5:compile (sources = false)
2026.05.02 12:36:26 INFO  [INFO] Resolving artifact: org.springframework:spring-core:jar:6.1.5:compile (sources = true)
2026.05.02 12:36:26 INFO  [INFO] SUCCESS: org.springframework:spring-core:jar:6.1.5:compile (sources = true)
2026.05.02 12:36:26 INFO  [INFO] Resolving artifact: com.fasterxml.jackson.module:jackson-module-parameter-names:jar:2.15.4:compile (sources = false)
2026.05.02 12:36:26 INFO  [INFO] SUCCESS: com.fasterxml.jackson.module:jackson-module-parameter-names:jar:2.15.4:compile (sources = false)
2026.05.02 12:36:26 INFO  [INFO] Resolving artifact: com.fasterxml.jackson.module:jackson-module-parameter-names:jar:2.15.4:compile (sources = true)
2026.05.02 12:36:26 INFO  [INFO] SUCCESS: com.fasterxml.jackson.module:jackson-module-parameter-names:jar:2.15.4:compile (sources = true)
2026.05.02 12:36:26 INFO  [INFO] Resolving artifact: io.micrometer:micrometer-observation:jar:1.12.4:compile (sources = false)
2026.05.02 12:36:26 INFO  [INFO] SUCCESS: io.micrometer:micrometer-observation:jar:1.12.4:compile (sources = false)
2026.05.02 12:36:26 INFO  [INFO] Resolving artifact: io.micrometer:micrometer-observation:jar:1.12.4:compile (sources = true)
2026.05.02 12:36:26 INFO  [INFO] SUCCESS: io.micrometer:micrometer-observation:jar:1.12.4:compile (sources = true)
2026.05.02 12:36:26 INFO  [INFO] Resolving artifact: jakarta.xml.bind:jakarta.xml.bind-api:jar:4.0.2:runtime (sources = false)
2026.05.02 12:36:26 INFO  [INFO] SUCCESS: jakarta.xml.bind:jakarta.xml.bind-api:jar:4.0.2:runtime (sources = false)
2026.05.02 12:36:26 INFO  [INFO] Resolving artifact: jakarta.xml.bind:jakarta.xml.bind-api:jar:4.0.2:runtime (sources = true)
2026.05.02 12:36:27 INFO  [INFO] SUCCESS: jakarta.xml.bind:jakarta.xml.bind-api:jar:4.0.2:runtime (sources = true)
2026.05.02 12:36:27 INFO  [INFO] Resolving artifact: org.springframework.boot:spring-boot:jar:3.2.4:compile (sources = false)
2026.05.02 12:36:27 INFO  [INFO] SUCCESS: org.springframework.boot:spring-boot:jar:3.2.4:compile (sources = false)
2026.05.02 12:36:27 INFO  [INFO] Resolving artifact: org.springframework.boot:spring-boot:jar:3.2.4:compile (sources = true)
2026.05.02 12:36:27 INFO  [INFO] SUCCESS: org.springframework.boot:spring-boot:jar:3.2.4:compile (sources = true)
2026.05.02 12:36:27 INFO  [INFO] Resolving artifact: org.apache.tomcat.embed:tomcat-embed-core:jar:10.1.19:compile (sources = false)
2026.05.02 12:36:27 INFO  [INFO] SUCCESS: org.apache.tomcat.embed:tomcat-embed-core:jar:10.1.19:compile (sources = false)
2026.05.02 12:36:27 INFO  [INFO] Resolving artifact: org.apache.tomcat.embed:tomcat-embed-core:jar:10.1.19:compile (sources = true)
2026.05.02 12:36:27 INFO  [INFO] SUCCESS: org.apache.tomcat.embed:tomcat-embed-core:jar:10.1.19:compile (sources = true)
2026.05.02 12:36:27 INFO  [INFO] Resolving artifact: org.springframework.boot:spring-boot-starter-json:jar:3.2.4:compile (sources = false)
2026.05.02 12:36:27 INFO  [INFO] SUCCESS: org.springframework.boot:spring-boot-starter-json:jar:3.2.4:compile (sources = false)
2026.05.02 12:36:27 INFO  [INFO] Resolving artifact: org.springframework.boot:spring-boot-starter-json:jar:3.2.4:compile (sources = true)
2026.05.02 12:36:27 INFO  [INFO] SUCCESS: org.springframework.boot:spring-boot-starter-json:jar:3.2.4:compile (sources = true)
2026.05.02 12:36:27 INFO  [INFO] Resolving artifact: jakarta.annotation:jakarta.annotation-api:jar:2.1.1:compile (sources = false)
2026.05.02 12:36:27 INFO  [INFO] SUCCESS: jakarta.annotation:jakarta.annotation-api:jar:2.1.1:compile (sources = false)
2026.05.02 12:36:27 INFO  [INFO] Resolving artifact: jakarta.annotation:jakarta.annotation-api:jar:2.1.1:compile (sources = true)
2026.05.02 12:36:27 INFO  [INFO] SUCCESS: jakarta.annotation:jakarta.annotation-api:jar:2.1.1:compile (sources = true)
2026.05.02 12:36:27 INFO  [INFO] Resolving artifact: org.springframework.data:spring-data-commons:jar:3.2.4:compile (sources = false)
2026.05.02 12:36:27 INFO  [INFO] SUCCESS: org.springframework.data:spring-data-commons:jar:3.2.4:compile (sources = false)
2026.05.02 12:36:27 INFO  [INFO] Resolving artifact: org.springframework.data:spring-data-commons:jar:3.2.4:compile (sources = true)
2026.05.02 12:36:27 INFO  [INFO] SUCCESS: org.springframework.data:spring-data-commons:jar:3.2.4:compile (sources = true)
2026.05.02 12:36:27 INFO  [INFO] Resolving artifact: jakarta.inject:jakarta.inject-api:jar:2.0.1:runtime (sources = false)
2026.05.02 12:36:27 INFO  [INFO] SUCCESS: jakarta.inject:jakarta.inject-api:jar:2.0.1:runtime (sources = false)
2026.05.02 12:36:27 INFO  [INFO] Resolving artifact: jakarta.inject:jakarta.inject-api:jar:2.0.1:runtime (sources = true)
2026.05.02 12:36:27 INFO  [INFO] SUCCESS: jakarta.inject:jakarta.inject-api:jar:2.0.1:runtime (sources = true)
2026.05.02 12:36:27 INFO  [INFO] Resolving artifact: org.junit.jupiter:junit-jupiter-api:jar:5.10.2:test (sources = false)
2026.05.02 12:36:27 INFO  [INFO] SUCCESS: org.junit.jupiter:junit-jupiter-api:jar:5.10.2:test (sources = false)
2026.05.02 12:36:27 INFO  [INFO] Resolving artifact: org.junit.jupiter:junit-jupiter-api:jar:5.10.2:test (sources = true)
2026.05.02 12:36:27 INFO  [INFO] SUCCESS: org.junit.jupiter:junit-jupiter-api:jar:5.10.2:test (sources = true)
2026.05.02 12:36:27 INFO  [INFO] Resolving artifact: io.micrometer:micrometer-core:jar:1.12.4:compile (sources = false)
2026.05.02 12:36:27 INFO  [INFO] SUCCESS: io.micrometer:micrometer-core:jar:1.12.4:compile (sources = false)
2026.05.02 12:36:27 INFO  [INFO] Resolving artifact: io.micrometer:micrometer-core:jar:1.12.4:compile (sources = true)
2026.05.02 12:36:27 INFO  [INFO] SUCCESS: io.micrometer:micrometer-core:jar:1.12.4:compile (sources = true)
2026.05.02 12:36:27 INFO  [INFO] Resolving artifact: org.springframework.data:spring-data-jpa:jar:3.2.4:compile (sources = false)
2026.05.02 12:36:27 INFO  [INFO] SUCCESS: org.springframework.data:spring-data-jpa:jar:3.2.4:compile (sources = false)
2026.05.02 12:36:27 INFO  [INFO] Resolving artifact: org.springframework.data:spring-data-jpa:jar:3.2.4:compile (sources = true)
2026.05.02 12:36:27 INFO  [INFO] SUCCESS: org.springframework.data:spring-data-jpa:jar:3.2.4:compile (sources = true)
2026.05.02 12:36:27 INFO  [INFO] Resolving artifact: ch.qos.logback:logback-core:jar:1.4.14:compile (sources = false)
2026.05.02 12:36:27 INFO  [INFO] SUCCESS: ch.qos.logback:logback-core:jar:1.4.14:compile (sources = false)
2026.05.02 12:36:27 INFO  [INFO] Resolving artifact: ch.qos.logback:logback-core:jar:1.4.14:compile (sources = true)
2026.05.02 12:36:27 INFO  [INFO] SUCCESS: ch.qos.logback:logback-core:jar:1.4.14:compile (sources = true)
2026.05.02 12:36:27 INFO  [INFO] Resolving artifact: io.smallrye:jandex:jar:3.1.2:runtime (sources = false)
2026.05.02 12:36:27 INFO  [INFO] SUCCESS: io.smallrye:jandex:jar:3.1.2:runtime (sources = false)
2026.05.02 12:36:27 INFO  [INFO] Resolving artifact: io.smallrye:jandex:jar:3.1.2:runtime (sources = true)
2026.05.02 12:36:27 INFO  [INFO] SUCCESS: io.smallrye:jandex:jar:3.1.2:runtime (sources = true)
2026.05.02 12:36:27 INFO  [INFO] Resolving artifact: org.junit.jupiter:junit-jupiter-params:jar:5.10.2:test (sources = false)
2026.05.02 12:36:27 INFO  [INFO] SUCCESS: org.junit.jupiter:junit-jupiter-params:jar:5.10.2:test (sources = false)
2026.05.02 12:36:27 INFO  [INFO] Resolving artifact: org.junit.jupiter:junit-jupiter-params:jar:5.10.2:test (sources = true)
2026.05.02 12:36:27 INFO  [INFO] SUCCESS: org.junit.jupiter:junit-jupiter-params:jar:5.10.2:test (sources = true)
2026.05.02 12:36:27 INFO  [INFO] Resolving artifact: com.jayway.jsonpath:json-path:jar:2.9.0:test (sources = false)
2026.05.02 12:36:27 INFO  [INFO] SUCCESS: com.jayway.jsonpath:json-path:jar:2.9.0:test (sources = false)
2026.05.02 12:36:27 INFO  [INFO] Resolving artifact: com.jayway.jsonpath:json-path:jar:2.9.0:test (sources = true)
2026.05.02 12:36:27 INFO  [INFO] SUCCESS: com.jayway.jsonpath:json-path:jar:2.9.0:test (sources = true)
2026.05.02 12:36:27 INFO  [INFO] Resolving artifact: org.glassfish.jaxb:txw2:jar:4.0.5:runtime (sources = false)
2026.05.02 12:36:27 INFO  [INFO] SUCCESS: org.glassfish.jaxb:txw2:jar:4.0.5:runtime (sources = false)
2026.05.02 12:36:27 INFO  [INFO] Resolving artifact: org.glassfish.jaxb:txw2:jar:4.0.5:runtime (sources = true)
2026.05.02 12:36:27 INFO  [INFO] SUCCESS: org.glassfish.jaxb:txw2:jar:4.0.5:runtime (sources = true)
2026.05.02 12:36:27 INFO  [INFO] Resolving artifact: org.apiguardian:apiguardian-api:jar:1.1.2:test (sources = false)
2026.05.02 12:36:27 INFO  [INFO] SUCCESS: org.apiguardian:apiguardian-api:jar:1.1.2:test (sources = false)
2026.05.02 12:36:27 INFO  [INFO] Resolving artifact: org.apiguardian:apiguardian-api:jar:1.1.2:test (sources = true)
2026.05.02 12:36:27 INFO  [INFO] SUCCESS: org.apiguardian:apiguardian-api:jar:1.1.2:test (sources = true)
2026.05.02 12:36:27 INFO  [INFO] Resolving artifact: org.aspectj:aspectjweaver:jar:1.9.21:compile (sources = false)
2026.05.02 12:36:27 INFO  [INFO] SUCCESS: org.aspectj:aspectjweaver:jar:1.9.21:compile (sources = false)
2026.05.02 12:36:27 INFO  [INFO] Resolving artifact: org.aspectj:aspectjweaver:jar:1.9.21:compile (sources = true)
2026.05.02 12:36:27 INFO  [INFO] SUCCESS: org.aspectj:aspectjweaver:jar:1.9.21:compile (sources = true)
2026.05.02 12:36:27 INFO  [INFO] Resolving artifact: org.latencyutils:LatencyUtils:jar:2.0.3:runtime (sources = false)
2026.05.02 12:36:27 INFO  [INFO] SUCCESS: org.latencyutils:LatencyUtils:jar:2.0.3:runtime (sources = false)
2026.05.02 12:36:27 INFO  [INFO] Resolving artifact: org.latencyutils:LatencyUtils:jar:2.0.3:runtime (sources = true)
2026.05.02 12:36:27 INFO  [INFO] SUCCESS: org.latencyutils:LatencyUtils:jar:2.0.3:runtime (sources = true)
2026.05.02 12:36:27 INFO  [INFO] Resolving artifact: org.hdrhistogram:HdrHistogram:jar:2.1.12:runtime (sources = false)
2026.05.02 12:36:27 INFO  [INFO] SUCCESS: org.hdrhistogram:HdrHistogram:jar:2.1.12:runtime (sources = false)
2026.05.02 12:36:27 INFO  [INFO] Resolving artifact: org.hdrhistogram:HdrHistogram:jar:2.1.12:runtime (sources = true)
2026.05.02 12:36:27 INFO  [INFO] SUCCESS: org.hdrhistogram:HdrHistogram:jar:2.1.12:runtime (sources = true)
2026.05.02 12:36:27 INFO  [INFO] Resolving artifact: org.hibernate.orm:hibernate-core:jar:6.4.4.Final:compile (sources = false)
2026.05.02 12:36:27 INFO  [INFO] SUCCESS: org.hibernate.orm:hibernate-core:jar:6.4.4.Final:compile (sources = false)
2026.05.02 12:36:27 INFO  [INFO] Resolving artifact: org.hibernate.orm:hibernate-core:jar:6.4.4.Final:compile (sources = true)
2026.05.02 12:36:27 INFO  [INFO] SUCCESS: org.hibernate.orm:hibernate-core:jar:6.4.4.Final:compile (sources = true)
2026.05.02 12:36:27 INFO  [INFO] Resolving artifact: com.vaadin.external.google:android-json:jar:0.0.20131108.vaadin1:test (sources = false)
2026.05.02 12:36:27 INFO  [INFO] SUCCESS: com.vaadin.external.google:android-json:jar:0.0.20131108.vaadin1:test (sources = false)
2026.05.02 12:36:27 INFO  [INFO] Resolving artifact: com.vaadin.external.google:android-json:jar:0.0.20131108.vaadin1:test (sources = true)
2026.05.02 12:36:27 INFO  [INFO] SUCCESS: com.vaadin.external.google:android-json:jar:0.0.20131108.vaadin1:test (sources = true)
2026.05.02 12:36:27 INFO  [INFO] Resolving artifact: org.springframework.boot:spring-boot-starter-web:jar:3.2.4:compile (sources = false)
2026.05.02 12:36:27 INFO  [INFO] SUCCESS: org.springframework.boot:spring-boot-starter-web:jar:3.2.4:compile (sources = false)
2026.05.02 12:36:27 INFO  [INFO] Resolving artifact: org.springframework.boot:spring-boot-starter-web:jar:3.2.4:compile (sources = true)
2026.05.02 12:36:27 INFO  [INFO] SUCCESS: org.springframework.boot:spring-boot-starter-web:jar:3.2.4:compile (sources = true)
2026.05.02 12:36:27 INFO  [INFO] Resolving artifact: org.projectlombok:lombok:jar:1.18.30:compile (sources = false)
2026.05.02 12:36:27 INFO  [INFO] SUCCESS: org.projectlombok:lombok:jar:1.18.30:compile (sources = false)
2026.05.02 12:36:27 INFO  [INFO] Resolving artifact: org.projectlombok:lombok:jar:1.18.30:compile (sources = true)
2026.05.02 12:36:27 INFO  [INFO] SUCCESS: org.projectlombok:lombok:jar:1.18.30:compile (sources = true)
2026.05.02 12:36:28 INFO  [INFO] Generated .bloop\portal-test.json
2026.05.02 12:36:28 INFO  [INFO] ------------------------------------------------------------------------
2026.05.02 12:36:28 INFO  [INFO] BUILD SUCCESS
2026.05.02 12:36:28 INFO  [INFO] ------------------------------------------------------------------------
2026.05.02 12:36:28 INFO  [INFO] Total time:  01:48 min
2026.05.02 12:36:28 INFO  [INFO] Finished at: 2026-05-02T12:36:28+05:30
2026.05.02 12:36:28 INFO  [INFO] ------------------------------------------------------------------------
2026.05.02 12:36:28 INFO  time: ran 'mvn bloopInstall' in 3m15s
2026.05.02 12:36:28 INFO  Attempting to connect to the build server...
2026.05.02 12:36:28 INFO  No running Bloop server found, starting one.
2026.05.02 12:38:23 INFO  Starting compilation server
2026.05.02 12:38:29 INFO  tracing is disabled for protocol BSP, to enable tracing of incoming and outgoing JSON messages create an empty file at C:\Users\elang\OneDrive\Desktop\SmartJobPortal\.metals\bsp.trace.json or C:\Users\elang\AppData\Local\scalameta\metals\cache\bsp.trace.json
2026.05.02 12:38:44 INFO  time: Connected to build server in 2m15s
2026.05.02 12:38:44 INFO  Connected to Build server: Bloop v2.0.19
2026.05.02 12:38:45 INFO  time: Imported build in 1.27s
2026.05.02 12:39:06 WARN  Using H2 2.4.240 which is newer than the version Flyway has been verified with. The latest verified version of H2 is 2.3.232.
2026.05.02 12:40:34 INFO  time: indexed workspace in 1m48s
